economicareacode,abstractcode,impabstractvalue,impno,ext_condition
1,1235,37674.0,1,Average
1,1235,82742.4,1,Average
1,1235,79000.06,1,Below Average
1,1235,35171.14,1,Below Average
1,1235,50450.4,1,Average
1,1235,28911.17,1,Below Average
8,1235,49900.03,1,Below Average
1,1235,46589.4,1,Average
1,1235,28721.55,1,Below Average
1,1235,35118.72,1,Below Average
1,1235,62192.0,1,Average
1,1235,28011.75,1,Average
1,1235,34856.25,1,Average
1,1235,39234.2,1,Average
1,1235,212355.0,1,Average
8,1235,74037.6,1,Average
1,1235,46846.8,1,Average
1,1235,55130.4,1,Average
1,1235,38054.02,1,Below Average
1,1235,43898.4,1,Average
8,1235,44127.72,1,Average
1,1235,31449.6,1,Below Average
1,1235,45864.0,1,Average
1,1235,32067.75,1,Average
1,1235,40360.32,1,Average
1,1235,43898.4,1,Average
1,1235,32288.26,1,Below Average
1,1235,43243.2,1,Average
8,1235,0.0,1,Minimum
1,1235,0.0,1,Below Average
1,1235,35118.72,1,Below Average
1,1235,50700.0,2,Average
1,1235,20966.4,1,Average
1,1235,39967.2,1,Average
1,1235,55701.36,1,Average
1,1235,29558.1,1,Below Average
1,1235,41090.4,1,Average
1,1235,32288.26,1,Below Average
1,1235,54873.0,1,Average
1,1235,36379.2,1,Below Average
1,1235,34594.56,1,Below Average
1,1235,37302.31,1,Average
1,1235,89107.2,1,Average
1,1235,40360.32,1,Average
1,1235,101400.0,1,Average
1,1235,46126.08,1,Average
1,1235,113568.0,1,Average
1,1235,29279.25,1,Below Average
1,1235,44324.28,1,Average
1,1235,43243.2,1,Average
1,1235,49140.0,1,Average
8,1235,36324.29,1,Below Average
1,1235,28828.8,1,Below Average
1,1235,48288.24,1,Average
1,1235,28737.07,1,Below Average
1,1235,37477.44,1,Below Average
1,1235,39967.2,1,Average
1,1235,46400.64,1,Below Average
1,1235,49467.6,1,Average
1,1235,37477.44,1,Average
1,1235,163930.0,1,Average
1,1235,49795.2,1,Average
1,1235,33127.38,1,Below Average
1,1235,36694.94,1,Below Average
1,1235,37477.44,1,Average
1,1235,55855.8,1,Average
1,1235,0.0,1,Minimum
1,1235,48129.51,1,Below Average
1,1235,38630.59,1,Below Average
8,1235,34602.75,1,Average
1,1235,71385.6,1,Average
1,1235,135200.0,1,Average
1,1235,33153.12,1,Average
1,1235,45757.8,1,Average
1,1235,89232.0,1,Average
1,1235,39312.0,1,Below Average
1,1235,43243.2,1,Average
1,1235,46519.2,1,Average
1,1235,39312.0,1,Average
1,1235,0.0,1,Minimum
1,1235,35135.1,1,Below Average
1,1235,54054.0,1,Average
1,1235,34594.56,1,Below Average
2,1235,71182.8,1,Below Average
1,1235,36391.68,1,Below Average
2,1235,40738.46,1,Below Average
2,1235,71182.8,1,Below Average
2,1235,91442.52,1,Below Average
2,1235,140733.5,1,Average
8,1235,41621.58,1,Average
8,1235,0.0,1,Minimum
8,1235,0.0,1,Salvage
1,1235,54465.84,1,Below Average
1,1235,60360.3,1,Average
1,1235,48288.24,1,Average
1,1235,28108.08,1,Below Average
8,1235,0.0,1,Below Average
1,1235,36167.04,1,Below Average
1,1235,43243.2,1,Below Average
8,1235,35773.92,1,Below Average
1,1235,29837.81,1,Below Average
8,1235,36874.66,1,Below Average
1,1235,31265.52,1,Average
1,1235,37929.94,1,Average
1,1235,34594.56,1,Below Average
1,1235,206265.2,1,Average
1,1235,41965.56,1,Average
8,1235,64668.24,1,Average
8,1235,44362.5,1,Average
1,1235,4152.64,1,Average
1,1235,25509.1,1,Average
8,1235,35490.0,1,Average
1,1235,49795.2,1,Average
8,1235,60147.36,1,Average
1,1235,32027.6,1,Below Average
1,1235,40727.23,1,Below Average
1,1235,29981.95,1,Below Average
1,1235,0.0,1,Average
1,1235,29405.38,1,Below Average
8,1235,46137.0,1,Average
8,1235,29352.96,1,Average
8,1235,62375.04,1,Average
8,1235,49959.0,1,Good
8,1235,51367.68,1,Average
1,1235,35118.72,1,Below Average
1,1235,49729.68,1,Average
1,1235,43963.92,1,Average
8,1235,55036.8,1,Average
1,1235,28739.57,1,Below Average
1,1235,45405.36,1,Average
8,1235,64471.68,1,Average
1,1235,32432.4,1,Average
8,1235,29178.24,1,Below Average
1,1235,38362.9,1,Below Average
1,1235,44553.6,1,Average
1,1235,29981.95,1,Below Average
8,1235,87993.36,1,Average
8,1235,76303.5,1,Average
8,1235,40294.8,1,Average
1,1235,34057.3,1,Below Average
1,1235,53003.81,1,Below Average
1,1235,47567.52,1,Average
1,1235,36694.94,1,Below Average
1,1235,28911.17,1,Below Average
1,1235,37477.44,1,Average
8,1235,47698.56,1,Average
8,1235,32971.68,1,Average
1,1235,34070.4,1,Below Average
8,1235,47911.5,1,Average
8,1235,42861.0,1,Average
8,1235,56609.28,1,Average
1,1235,32764.88,1,Average
1,1235,31402.8,1,Average
8,1235,28129.92,1,Average
1,1235,45154.69,1,Good
1,1235,36691.2,1,Average
1,1235,107078.4,1,Average
1,1235,36324.29,1,Below Average
1,1235,32432.4,1,Average
1,1235,41277.6,1,Average
8,1235,29352.96,1,Average
8,1235,60540.48,1,Average
8,1235,37425.02,1,Below Average
8,1235,48432.38,1,Below Average
1,1235,45405.36,1,Below Average
8,1235,38493.0,1,Average
8,1278,0.0,1,Minimum
8,1278,0.0,1,Salvage
8,1235,43610.11,1,Below Average
2,1235,93405.31,1,Below Average
1,1235,33546.24,1,Below Average
1,1235,47258.64,1,Average
8,1235,62375.04,1,Average
8,1235,67223.52,1,Average
1,1235,43898.4,1,Average
1,1235,103428.0,1,Average
1,1235,36691.2,1,Average
1,1235,143208.0,1,Below Average
8,1235,35302.18,1,Below Average
1,1235,68468.4,1,Average
1,1235,0.0,1,Average
8,1235,122052.7,1,Good
1,1235,48288.24,1,Average
1,1235,0.0,1,Minimum
1,1235,99541.0,1,Average
1,1235,138996.0,1,Average
8,1235,90204.58,2,Average
8,1235,218918.7,1,Average
1,1235,38342.3,1,Below Average
1,1235,29811.6,1,Average
1,1235,48016.8,1,Average
8,1235,45995.04,1,Average
1,1235,46519.2,1,Average
8,1235,49664.16,1,Average
8,1235,69840.23,1,Average
1,1235,101400.0,1,Average
8,1235,64209.6,1,Average
8,1278,34398.0,1,Average
1,1235,33359.04,1,Below Average
1,1235,47404.5,1,Average
1,1235,33621.12,1,Below Average
1,1235,98273.5,1,Average
1,1235,124426.3,1,Good
1,1235,47567.52,1,Average
1,1235,99541.0,1,Average
8,1235,69713.28,1,Average
8,1235,58771.44,1,Average
8,1235,69219.36,1,Average
2,1235,145945.8,1,Average
8,1235,76822.2,1,Average
1,1235,221130.0,1,Average
8,1235,31449.6,1,Average
1,1235,99541.0,1,Average
1,1235,47927.88,1,Average
1,1235,29139.83,1,Below Average
8,1235,99750.56,1,Average
8,1235,58836.96,1,Average
8,1235,58378.32,1,Average
8,1235,60540.48,1,Average
1,1235,93288.0,1,Average
1,1235,57335.85,1,Average
2,1235,169164.5,1,Average
8,1235,43120.35,1,Average
8,1235,29654.02,1,Below Average
1,1235,37477.44,1,Average
8,1235,139357.4,1,Average
1,1235,227886.8,1,Average
1,1235,39783.74,1,Below Average
1,1235,200655.0,1,Average
1,1235,95087.85,1,Average
1,1235,59459.4,1,Average
1,1235,82201.6,1,Below Average
1,1235,41932.8,1,Average
1,1235,146751.2,1,Below Average
1,1278,171990.0,1,Average
8,1235,108108.0,1,Average
8,1235,137182.5,1,Good
1,1235,54054.0,1,Average
1,1235,54054.0,1,Average
1,1235,101873.2,1,Average
1,1235,99541.0,1,Average
1,1235,49770.5,1,Average
8,1235,41094.14,1,Below Average
1,1235,191119.5,1,Average
1,1235,232303.5,1,Average
1,1235,54054.0,1,Average
1,1235,109495.1,1,Average
8,1235,87141.6,1,Average
1,1235,170527.5,1,Average
2,1235,162214.7,1,Average
8,1235,277794.6,1,Average
8,1235,320945.6,1,Average
1,1235,96575.05,1,Average
8,1278,119246.4,1,Average
1,1235,59459.4,1,Average
1,1235,50450.4,1,Average
1,1235,249999.8,1,Average
1,1235,108160.0,1,Average
2,1235,73260.55,1,Good
2,1235,60453.64,1,Average
2,1235,61089.6,1,Average
1,1235,59942.03,1,Average
8,1235,103057.5,1,Average
1,1235,54054.0,1,Average
1,1235,42588.0,1,Average
1,1235,77013.3,1,Average
1,1235,40360.32,1,Below Average
2,1235,74741.94,1,Average
1,1235,457275.0,1,Average
8,1235,51324.0,1,Average
8,1235,270270.0,1,Average
8,1235,114114.0,1,Average
8,1235,113022.0,1,Average
8,1235,108108.0,1,Average
8,1235,108108.0,1,Average
1,1235,102752.0,1,Average
8,1235,75675.6,1,Average
1,1235,59459.4,1,Average
8,1235,73382.4,1,Below Average
1,1235,34437.98,1,Average
1,1235,156156.0,1,Average
1,1235,217035.0,1,Average
2,1235,101875.3,1,Average
2,1235,168058.8,1,Average
8,1235,149723.4,1,Average
1,1235,81900.0,1,Average
1,1235,40040.0,1,Average
1,1235,51376.0,1,Average
1,1235,99541.0,1,Average
1,1235,51376.0,1,Average
1,1235,40040.0,1,Good
1,1235,41184.0,1,Average
1,1235,99541.0,1,Average
1,1235,99541.0,1,Average
1,1235,96330.0,1,Average
1,1235,124426.3,1,Good
1,1235,97006.0,1,Average
1,1235,99541.0,1,Average
1,1235,99541.0,1,Average
1,1235,99541.0,1,Average
1,1235,99541.0,1,Average
1,1235,113568.0,1,Average
1,1235,45208.8,1,Average
1,1235,46846.8,1,Average
1,1235,45864.0,1,Average
1,1235,141292.5,1,Average
1,1235,47567.52,1,Below Average
1,1235,124384.0,1,Average
1,1235,114472.2,1,Average
1,1235,73346.0,1,Average
1,1235,102752.0,1,Average
2,1235,159213.6,1,Average
1,1235,41808.0,1,Average
8,1278,113568.0,1,Average
1,1235,189540.0,1,Average
1,1235,108160.0,1,Average
1,1235,108160.0,1,Average
1,1235,108160.0,1,Average
1,1235,41130.38,1,Average
1,1235,102752.0,1,Average
8,1235,143852.8,1,Average
1,1235,103428.0,1,Average
8,1235,143852.8,1,Average
8,1235,126750.0,1,Average
1,1235,102752.0,1,Average
1,1235,40248.0,1,Average
1,1235,41912.0,1,Average
1,1235,40560.0,1,Average
1,1235,41184.0,1,Average
1,1235,46846.8,1,Average
1,1235,41912.0,1,Average
1,1235,60216.0,1,Average
1,1235,89232.0,1,Average
1,1235,42432.0,1,Average
1,1235,89232.0,1,Average
1,1235,43243.2,1,Average
1,1235,44029.44,1,Average
1,1235,99372.0,1,Average
1,1235,41496.0,1,Average
8,1235,110073.6,1,Average
1,1235,62633.03,1,Average
1,1235,102211.2,1,Average
1,1235,135200.0,1,Average
1,1235,79632.8,1,Below Average
8,1235,50368.5,1,Good
1,1235,117877.5,1,Excellent
1,1235,121680.0,1,Excellent
1,1235,128440.0,1,Good
1,1235,178862.7,1,Excellent
1,1235,296485.3,1,Excellent
8,1235,174196.8,1,Excellent
1,1235,110906.3,1,Excellent
1,1235,110906.3,1,Excellent
1,1235,78828.75,1,Excellent
1,1235,143650.0,1,Excellent
1,1235,121996.9,1,Excellent
1,1235,130710.9,1,Excellent
1,1235,158015.0,1,Excellent
8,1235,90210.0,1,Excellent
8,1235,142593.8,1,Excellent
1,1235,126063.4,1,Very Good
1,1235,319739.1,1,Excellent
1,1235,121996.9,1,Very Good
1,1235,121996.9,1,Very Good
1,1235,121996.9,1,Very Good
1,1235,121680.0,1,Very Good
1,1235,121996.9,1,Very Good
1,1235,121996.9,1,Very Good
1,1235,121996.9,1,Very Good
1,1235,121996.9,1,Very Good
1,1235,121996.9,1,Very Good
1,1235,34398.0,1,Average
1,1212,401137.1,1,Average
1,1212,235839.2,1,Average
1,1212,339929.3,1,Average
1,1212,313948.3,1,Average
1,1212,340304.5,1,Average
1,1212,253860.5,1,Average
1,1212,839425.5,1,Excellent
1,1212,345520.2,2,Average
1,1212,168627.0,2,Average
1,1212,339582.2,1,Average
1,1212,319446.9,1,Average
1,1212,198652.5,1,Average
1,1212,39468.82,2,Minimum
1,1212,326253.0,1,Average
1,1212,183643.9,1,Average
1,1212,440171.0,1,Average
1,1212,160349.9,2,Good
1,1212,318994.7,1,Average
1,1212,148365.1,2,Excellent
1,1212,213847.6,1,Average
1,1212,358635.9,1,Average
1,1212,400117.5,1,Average
1,1212,428916.6,1,Average
1,1212,420625.0,1,Average
1,1212,323492.0,1,Average
1,1212,272368.4,1,Average
1,1212,340679.6,1,Average
1,1212,384332.4,1,Average
1,1212,369134.9,1,Average
1,1212,352882.4,1,Average
1,1212,418527.7,1,Average
1,1212,443202.9,1,Average
1,1212,703468.9,1,Average
1,1212,463235.9,1,Average
1,1212,361657.8,1,Average
1,1212,376709.1,1,Average
1,1212,407927.3,1,Average
1,1212,373420.0,1,Average
1,1212,355411.9,1,Average
1,1212,333133.7,1,Average
1,1212,261194.8,2,Very Good
1,1212,334585.5,1,Average
1,1212,442423.6,1,Average
1,1212,442317.3,1,Average
1,1212,336016.6,1,Average
1,1212,390645.8,1,Average
1,1212,337041.3,1,Average
1,1212,351817.5,1,Average
1,1212,353876.8,1,Average
1,1212,385317.5,1,Average
1,1212,327136.4,1,Average
1,1212,413522.6,1,Average
1,1212,295819.3,1,Average
1,1212,317774.7,1,Average
1,1212,195108.9,1,Minimum
1,1212,576449.2,1,Average
1,1212,339306.7,1,Average
1,1212,307093.4,1,Average
1,1212,362525.0,1,Average
1,1212,350054.1,1,Average
1,1212,430756.0,1,Average
1,1212,361833.8,1,Average
1,1212,380087.7,1,Average
1,1212,315533.8,1,Average
1,1212,332270.9,1,Average
1,1212,390556.4,1,Average
1,1212,402413.0,1,Average
1,1212,462485.2,1,Average
1,1212,394025.9,1,Average
1,1212,432313.7,1,Average
1,1212,351582.5,1,Average
1,1212,282753.7,1,Average
1,1212,339992.5,1,Average
1,1212,328251.7,1,Average
1,1212,350988.7,1,Average
1,1212,345843.5,1,Average
1,1212,353955.3,1,Average
1,1212,384762.2,1,Average
1,1212,403707.8,1,Average
1,1212,301559.3,1,Average
1,1212,419919.3,1,Average
1,1212,288767.7,1,Average
1,1212,305138.3,1,Average
1,1212,297979.3,1,Average
1,1212,348122.0,1,Average
1,1212,371821.4,1,Average
1,1212,139858.9,2,Average
1,1212,380194.5,1,Average
1,1212,295418.8,1,Average
1,1212,335458.3,1,Average
1,1212,328611.8,1,Average
1,1212,391766.5,1,Average
1,1212,408090.7,1,Average
1,1212,460422.4,1,Average
1,1212,381367.8,1,Average
1,1212,314488.5,1,Average
1,1212,435158.9,1,Average
1,1212,332657.5,1,Average
1,1212,345397.4,1,Average
1,1212,301371.9,1,Average
1,1212,356527.2,1,Average
1,1212,420149.4,1,Average
1,1212,403147.2,1,Average
1,1212,337050.3,1,Average
1,1212,313504.1,1,Average
1,1212,427195.0,1,Average
1,1212,376965.6,1,Average
1,1212,344693.0,1,Average
1,1212,356396.1,1,Average
1,1212,347384.1,1,Average
1,1212,447750.1,1,Average
1,1212,407938.1,1,Average
1,1212,311949.4,1,Average
1,1212,457605.4,1,Average
1,1212,351508.3,1,Average
1,1212,348838.4,1,Average
1,1212,395175.6,1,Average
1,1212,397650.2,1,Average
1,1212,400804.9,1,Average
1,1212,435509.3,1,Average
1,1212,327145.0,1,Average
1,1212,328962.3,1,Average
1,1212,340578.1,1,Average
1,1212,315038.0,1,Average
1,1212,544407.5,1,Average
1,1212,347025.1,1,Average
1,1212,292170.2,1,Average
1,1212,353846.1,1,Average
1,1212,290480.6,1,Average
1,1212,438464.2,1,Average
1,1212,384332.4,1,Average
1,1212,325562.2,1,Average
1,1212,416289.5,1,Average
1,1212,456454.4,1,Average
1,1212,329505.1,1,Below Average
1,1212,325523.0,1,Average
1,1212,508275.5,1,Average
1,1212,452650.9,1,Average
1,1212,462038.3,1,Average
1,1212,407637.5,1,Average
1,1212,398612.1,1,Average
1,1212,508904.9,1,Average
1,1212,309587.9,1,Average
1,1212,405787.6,1,Average
1,1212,303240.6,1,Average
1,1212,593034.4,1,Average
1,1212,264197.1,1,Average
1,1212,215940.4,1,Average
1,1212,142710.8,1,Average
1,1212,191925.7,1,Average
1,1212,203615.3,1,Average
1,1225,281903.1,1,Below Average
1,1212,61792.17,3,Below Average
1,1212,78898.11,2,Below Average
1,1212,353026.6,1,Average
1,1212,377660.2,1,Average
1,1212,373008.2,1,Average
1,1212,395563.1,1,Average
1,1212,376139.9,1,Average
1,1212,211982.5,1,Average
1,1212,475627.8,1,Good
1,1212,262129.4,1,Average
1,1212,288185.6,1,Average
1,1212,447389.7,1,Average
1,1212,368755.4,1,Average
1,1212,613263.6,1,Average
1,1212,481188.0,1,Average
1,1212,264288.6,1,Average
1,1212,363461.3,1,Average
1,1215,400057.6,1,Good
1,1212,523072.2,1,Average
1,1212,666957.6,1,Average
1,1212,346297.2,1,Average
1,1212,252780.2,1,Average
1,1212,301622.9,1,Average
1,1212,307584.3,1,Average
1,1215,517717.0,1,Average
1,1212,319029.1,1,Average
1,1212,321968.2,1,Average
1,1212,343057.5,1,Average
1,1212,343787.6,1,Average
1,1212,200356.3,1,Below Average
1,1212,417219.0,1,Average
1,1215,148764.7,2,Below Average
1,1215,354405.6,1,Average
1,1212,334945.0,1,Average
1,1215,302702.6,1,Below Average
1,1215,656399.6,1,Average
1,1212,546473.8,1,Average
1,1212,434737.8,1,Average
1,1212,312429.1,1,Below Average
1,1212,271870.2,1,Average
1,1212,229818.8,1,Average
1,1212,328213.3,1,Average
1,1212,285462.4,2,Excellent
1,1212,371754.2,1,Average
1,1212,335752.1,1,Average
1,1212,570662.4,1,Average
1,1212,376333.4,1,Good
1,1212,111569.7,2,Average
1,1212,605256.9,1,Good
1,1212,242063.3,2,Excellent
1,1212,662376.9,1,Good
1,1212,575259.3,1,Average
1,1212,360796.8,1,Average
1,1215,288349.1,3,Average
1,1215,214874.4,2,Average
1,1215,204861.2,1,Average
1,1212,410750.0,1,Average
1,1212,463885.7,1,Average
1,1212,304552.0,1,Average
1,1212,368834.6,1,Average
1,1212,513031.8,2,Average
1,1215,279177.0,1,Average
1,1212,325422.5,1,Average
1,1212,457894.7,1,Average
1,1212,524601.6,1,Average
1,1212,189691.2,2,Average
1,1212,294006.0,1,Average
1,1215,557170.3,1,Average
1,1212,347700.7,1,Average
1,1215,468375.4,1,Average
1,1212,313698.6,2,Average
1,1212,101112.9,1,Average
1,1212,177609.4,1,Average
1,1212,258512.1,1,Below Average
1,1212,410663.1,1,Average
1,1212,285986.8,1,Average
1,1212,266226.8,1,Average
1,1215,219283.1,1,Average
1,1215,219283.1,1,Average
1,1212,272750.2,1,Average
1,1220,742659.9,1,Average
1,1220,552664.9,1,Average
1,1212,363175.6,1,Average
1,1212,389988.8,1,Average
1,1215,628291.2,1,Average
1,1215,306979.2,1,Minimum
1,1212,358515.5,1,Average
1,1212,395057.1,1,Average
1,1212,235706.2,1,Average
1,1212,477260.5,1,Average
1,1212,327643.1,1,Average
1,1212,391874.3,1,Average
1,1212,430616.0,1,Average
1,1212,477667.9,1,Average
1,1212,313552.6,1,Average
1,1212,395852.9,1,Average
1,1212,472024.2,1,Average
1,1212,374704.5,1,Average
1,1212,370918.5,1,Average
1,1212,330634.9,1,Average
1,1212,292624.7,1,Average
1,1212,109161.9,2,Average
1,1212,345852.1,1,Average
1,1212,286078.4,1,Average
1,1212,302168.2,1,Average
1,1212,210102.6,1,Average
1,1212,251758.3,2,Average
1,1212,239546.4,1,Average
1,1225,551708.0,1,Below Average
1,1215,353821.1,1,Average
1,1225,927207.9,2,Average
1,1215,478344.0,1,Average
1,1212,323823.9,1,Below Average
1,1220,694756.6,1,Average
1,1220,820653.2,1,Average
1,1225,947084.2,3,Average
1,1220,820653.2,2,Average
1,1212,378948.5,1,Average
1,1212,150797.0,1,Average
1,1212,56045.4,3,Average
1,1212,187277.0,2,Average
1,1215,505649.3,1,Average
1,1212,380932.6,1,Average
1,1212,333354.1,1,Average
1,1212,142663.7,3,Average
1,1215,285327.3,2,Average
1,1215,332881.9,1,Average
1,1240,0.0,1,Average
1,1212,302171.4,1,Average
1,1212,686340.0,1,Average
1,1215,548659.8,1,Average
1,1212,168366.4,1,Below Average
1,1220,732050.5,1,Average
1,1212,240117.9,1,Average
1,1212,354164.3,1,Average
1,1212,311976.8,1,Average
1,1212,438578.3,1,Average
1,1212,222783.7,2,Average
1,1212,286959.3,1,Average
1,1212,388283.3,1,Average
1,1212,192487.2,1,Below Average
1,1212,276774.9,1,Average
1,1212,331439.5,1,Average
1,1212,439228.0,1,Average
1,1240,62531.42,1,Average
1,1212,319266.6,1,Average
1,1212,29592.2,2,Excellent
1,1212,291056.9,1,Average
1,1212,422755.1,1,Average
1,1212,527140.1,1,Average
1,1215,344667.7,1,Average
1,1212,208079.3,2,Average
1,1212,289278.2,1,Average
1,1212,646433.8,1,Average
1,1212,282882.9,1,Average
1,1212,78578.59,2,Average
1,1212,303198.8,1,Average
1,1212,287238.6,1,Average
1,1212,325662.5,1,Below Average
1,1212,112267.9,2,Average
1,1212,160393.4,1,Average
1,1212,222231.0,1,Average
1,1212,173007.1,2,Average
1,1212,213899.4,1,Average
1,1212,106470.3,1,Below Average
1,1212,243582.0,1,Average
1,1212,132051.6,2,Average
1,1212,298564.4,1,Average
1,1212,400750.8,1,Average
1,1215,248346.2,1,Average
1,1212,559488.4,1,Average
1,1215,253958.9,1,Minimum
1,1212,373338.4,1,Average
1,1212,470755.5,1,Good
1,1212,474780.8,1,Average
1,1212,522263.5,1,Good
1,1212,295845.3,1,Average
1,1212,293293.8,1,Average
1,1212,462888.3,1,Average
1,1212,520177.4,1,Average
1,1212,307450.3,1,Average
1,1212,355494.1,1,Average
1,1215,221432.2,2,Average
1,1212,333575.4,1,Average
1,1212,258016.8,1,Average
1,1212,363712.2,1,Average
1,1212,629524.4,1,Average
1,1212,358974.3,2,Excellent
1,1212,607544.5,1,Good
1,1212,292932.1,2,Average
1,1225,1319620.0,1,Average
1,1212,108123.7,2,Average
1,1212,195062.4,1,Average
1,1212,145607.7,3,Average
1,1212,121521.4,1,Average
1,1212,179412.3,1,Below Average
1,1212,72799.81,1,Average
1,1215,483971.5,1,Average
1,1212,268225.8,1,Average
1,1212,368690.4,1,Average
1,1212,124032.7,1,Average
1,1212,301603.5,1,Average
1,1212,366102.3,1,Average
1,1212,374718.2,1,Average
1,1212,278928.7,1,Average
1,1212,292064.8,1,Average
1,1212,212270.0,1,Average
1,1212,126076.6,1,Average
1,1230,216951.8,1,Average
1,1230,216951.8,1,Average
1,1230,218447.4,1,Average
1,1230,218447.4,1,Average
1,1230,241180.6,1,Average
1,1230,241180.6,1,Average
1,1230,235242.7,1,Average
1,1230,235242.7,1,Average
1,1230,241180.6,1,Average
1,1230,241180.6,1,Average
1,1230,235242.7,1,Average
1,1230,235242.7,1,Average
1,1230,400448.9,1,Average
1,1230,347925.9,1,Average
1,1230,390437.7,1,Average
1,1230,391845.3,1,Average
1,1230,391845.3,1,Average
1,1230,391845.3,1,Average
1,1230,401892.6,1,Average
1,1230,390437.7,1,Average
1,1230,325237.2,1,Average
1,1230,361741.1,1,Average
1,1230,361364.6,1,Average
1,1230,325237.2,1,Average
1,1230,323979.5,1,Average
1,1230,370437.2,1,Average
1,1230,324608.8,1,Average
1,1230,361929.2,1,Average
1,1230,361929.2,1,Average
1,1230,324608.8,1,Average
1,1230,322718.8,1,Average
1,1230,361741.1,1,Average
1,1230,361364.6,1,Average
1,1230,322718.8,1,Average
1,1230,384378.7,1,Average
1,1230,322718.8,1,Average
1,1230,372751.0,1,Average
1,1230,323559.6,1,Average
1,1230,322718.8,1,Average
1,1230,362869.1,1,Average
1,1230,362869.1,1,Average
1,1230,322718.8,1,Average
1,1230,188282.6,1,Average
1,1230,188282.6,1,Average
1,1230,187048.0,1,Average
1,1230,187048.0,1,Average
1,1230,208599.3,1,Average
1,1230,208599.3,1,Average
1,1212,402425.9,1,Average
1,1230,307195.2,1,Average
1,1230,332250.9,1,Average
1,1230,331067.3,1,Average
1,1230,366258.3,1,Average
1,1230,366258.3,1,Average
1,1212,306068.0,1,Average
1,1212,597861.9,1,Very Good
1,1212,426971.5,1,Average
1,1212,368327.3,1,Average
1,1212,466350.3,1,Average
1,1212,360131.8,1,Average
1,1212,314986.6,1,Average
1,1212,302203.8,1,Average
1,1212,353644.3,1,Average
1,1212,369141.0,1,Average
1,1212,329371.5,1,Average
1,1212,458774.3,1,Average
1,1212,545688.0,1,Average
1,1212,406240.6,1,Average
1,1212,308909.5,1,Average
1,1212,518267.8,1,Average
1,1212,565706.9,1,Average
1,1212,444336.9,1,Average
1,1212,401543.5,1,Average
1,1212,392390.3,1,Average
1,1212,402047.7,1,Average
1,1212,441082.2,1,Average
1,1212,556044.5,1,Average
1,1212,453658.9,1,Good
1,1212,453374.8,1,Average
1,1212,400533.1,1,Average
1,1212,436220.5,1,Average
1,1212,265370.0,1,Average
1,1212,364236.7,1,Average
1,1212,314111.7,1,Average
1,1212,326091.2,1,Average
1,1212,330780.0,1,Good
1,1212,398855.7,1,Average
1,1212,411912.7,1,Average
1,1212,414191.3,1,Average
1,1212,378668.3,1,Average
1,1212,421865.8,1,Average
1,1212,404544.2,1,Average
1,1212,514400.0,1,Good
1,1212,477495.8,1,Average
1,1212,687670.0,1,Excellent
1,1212,358877.7,1,Average
1,1212,384867.6,1,Average
1,1212,387391.3,1,Average
1,1212,410052.2,1,Average
1,1212,335422.8,1,Average
1,1212,392325.1,1,Average
1,1212,393556.8,1,Average
1,1212,376395.2,1,Average
1,1212,399733.4,1,Average
1,1212,382610.7,1,Average
1,1212,471519.1,1,Average
1,1212,404736.1,1,Average
1,1212,458058.9,1,Average
1,1212,401628.1,1,Average
1,1212,421323.9,1,Average
1,1212,499157.7,1,Average
1,1212,370823.1,1,Average
1,1212,62727.63,2,Average
1,1212,414024.5,1,Average
1,1212,390466.3,1,Average
1,1225,75512.16,1,Average
1,1212,283068.6,1,Below Average
1,1212,361261.6,1,Average
1,1215,273113.7,2,Excellent
1,1212,139389.1,1,Average
1,1212,419150.8,1,Average
1,1212,405461.8,1,Average
1,1212,226287.5,2,Average
1,1212,308629.0,1,Average
1,1212,870994.3,1,Average
1,1215,702844.1,1,Average
1,1212,582506.6,1,Average
1,1212,91450.98,2,Average
1,1212,496144.3,1,Average
1,1212,489173.6,1,Average
1,1212,85288.68,2,Average
1,1212,517135.3,1,Average
1,1212,189957.1,2,Average
1,1212,338736.0,1,Average
1,1212,83310.49,1,Minimum
1,1212,328763.5,2,Average
1,1212,136330.1,2,Average
1,1212,680780.7,1,Average
1,1212,212233.4,1,Below Average
1,1212,369694.0,1,Average
1,1212,269682.8,1,Average
1,1212,420627.7,1,Average
1,1212,330543.4,1,Average
1,1212,287493.2,1,Average
1,1212,439779.7,1,Average
1,1215,238109.4,1,Below Average
1,1212,436676.7,1,Average
1,1215,397304.2,1,Average
1,1212,95972.09,2,Average
1,1212,111612.9,3,Average
1,1212,397080.1,1,Average
1,1212,332320.8,1,Average
1,1212,393909.1,1,Average
1,1212,301527.8,1,Good
1,1212,355551.1,1,Average
1,1212,135510.2,2,Average
1,1212,328747.3,1,Average
1,1212,347257.3,1,Average
1,1212,375881.8,1,Average
1,1212,121094.9,1,Average
1,1212,205927.8,2,Below Average
1,1212,441896.4,1,Average
1,1212,116625.3,2,Average
1,1212,189233.5,1,Average
1,1212,79100.11,3,Average
1,1212,73574.16,1,Below Average
1,1212,46006.67,2,Below Average
1,1212,135285.9,2,Average
1,1215,249587.4,2,Good
1,1215,553496.3,1,Average
1,1212,227743.0,1,Average
1,1225,472491.8,1,Below Average
1,1220,249703.4,2,Below Average
1,1212,297693.7,2,Excellent
1,1212,480675.2,1,Excellent
1,1212,65354.54,1,Below Average
1,1212,124649.0,2,Average
1,1212,262097.2,1,Average
1,1212,289620.9,2,Average
1,1225,525918.4,2,Average
1,1225,486240.1,1,Average
1,1212,653529.0,1,Average
1,1212,391987.6,1,Average
1,1212,507157.6,1,Average
1,1212,240927.1,1,Average
1,1212,499814.2,1,Average
1,1212,356085.1,1,Average
1,1212,412323.6,1,Average
1,1212,315647.8,1,Good
1,1212,339148.2,2,Excellent
1,1215,322063.5,1,Average
1,1215,80515.88,1,Average
1,1212,515352.8,1,Average
1,1212,383046.0,1,Average
1,1212,280192.2,2,Average
1,1212,462226.6,1,Good
1,1212,161424.9,2,Average
1,1212,529358.4,1,Average
1,1212,265829.1,1,Average
1,1212,604775.2,1,Good
1,1212,336939.8,1,Average
1,1230,281536.4,1,Average
1,1212,747775.3,1,Average
1,1212,187522.2,1,Average
1,1212,265355.8,2,Average
1,1212,363141.3,1,Average
1,1212,428141.8,2,Good
1,1212,260002.1,1,Good
1,1215,425962.0,1,Average
1,1212,208193.3,1,Below Average
1,1212,386784.1,2,Average
1,1212,367113.1,2,Average
1,1212,353193.0,2,Average
1,1212,264799.7,1,Average
1,1212,187985.6,1,Average
1,1225,622611.9,1,Below Average
1,1212,233901.2,1,Average
1,1225,569343.7,1,Average
1,1220,566222.1,1,Average
1,1212,398174.9,1,Average
1,1215,481382.6,1,Average
1,1215,149161.4,2,Average
1,1212,327214.0,1,Average
1,1212,300153.9,1,Below Average
1,1215,406637.9,1,Average
1,1212,458189.9,1,Average
1,1212,664658.6,1,Average
1,1212,304893.6,2,Average
1,1212,410122.1,1,Good
1,1212,472431.4,1,Average
1,1212,397850.9,1,Average
1,1212,508223.9,1,Average
1,1215,492449.7,1,Average
1,1212,325175.3,1,Average
1,1215,567794.8,1,Average
1,1212,375685.1,1,Average
1,1215,557919.7,1,Average
1,1215,249565.7,1,Average
1,1215,256607.1,2,Average
1,1212,283880.5,1,Average
1,1212,379959.0,1,Average
1,1215,327165.7,1,Average
1,1225,1320896.0,2,Average
1,1225,1230895.0,1,Average
1,1212,200528.9,1,Average
1,1212,74271.53,2,Average
1,1212,313272.3,1,Average
1,1212,621139.5,1,Average
1,1212,252366.2,1,Average
1,1212,436285.0,1,Average
1,1212,403728.8,1,Average
1,1215,359952.5,2,Average
1,1215,271198.0,1,Average
1,1215,114539.1,1,Average
1,1215,406093.1,1,Average
1,1212,372837.1,1,Average
1,1212,296588.8,1,Average
1,1212,243307.0,1,Average
1,1212,168339.9,2,Average
1,1212,578866.5,1,Average
1,1212,409378.6,1,Average
1,1212,396265.9,1,Average
1,1212,276190.3,1,Average
1,1212,118470.3,2,Average
1,1212,334481.2,1,Average
1,1212,86945.93,2,Average
1,1212,148485.4,2,Average
1,1212,562659.5,1,Average
1,1212,318232.0,1,Average
1,1212,524049.3,1,Average
1,1212,362895.9,1,Average
1,1220,587840.7,1,Average
1,1212,300433.3,1,Average
1,1212,101155.7,2,Average
1,1212,260073.8,3,Average
1,1212,174090.9,2,Average
1,1212,343380.5,1,Average
1,1212,210696.2,1,Average
1,1215,153195.2,2,Average
1,1212,269678.4,1,Average
1,1212,321007.0,1,Average
1,1212,312757.8,1,Average
1,1212,478185.2,1,Average
1,1212,460485.6,1,Average
1,1212,439104.9,1,Good
1,1212,190169.0,1,Below Average
1,1212,608379.4,1,Average
1,1212,182409.2,1,Average
1,1215,370039.6,1,Average
1,1212,175859.9,2,Average
1,1212,270864.0,1,Average
1,1225,1121971.0,2,Average
1,1225,1121971.0,1,Average
1,1212,462168.9,1,Average
1,1212,311972.2,1,Average
1,1212,287603.2,1,Average
1,1212,444931.6,1,Average
1,1215,377984.3,1,Average
1,1212,339820.2,1,Average
1,1212,437809.8,1,Average
1,1212,286775.6,1,Average
1,1212,301843.9,3,Very Good
1,1212,137542.6,2,Average
1,1212,453060.6,1,Average
1,1212,369339.8,1,Average
1,1212,289137.5,1,Average
1,1212,386793.6,1,Average
1,1212,98315.86,2,Below Average
1,1212,311240.9,1,Average
1,1212,294819.2,1,Below Average
1,1212,331050.1,1,Average
1,1212,358116.4,1,Average
1,1212,568404.0,1,Average
1,1212,358354.2,1,Average
1,1212,469280.4,1,Average
1,1212,317658.4,2,Excellent
1,1212,291472.7,1,Average
1,1212,318796.5,1,Average
1,1215,246969.4,1,Average
1,1212,126912.3,2,Average
1,1212,359625.9,1,Average
1,1215,327754.2,1,Average
1,1215,327754.2,1,Average
1,1212,605024.6,1,Average
1,1212,651787.5,1,Average
1,1212,343227.3,1,Average
1,1212,437977.5,1,Average
1,1212,434163.1,1,Average
1,1212,350642.4,1,Average
1,1215,532092.7,1,Average
1,1212,151488.4,2,Excellent
1,1212,400414.1,1,Average
1,1212,412352.1,1,Average
1,1212,353524.4,1,Average
1,1212,327234.7,1,Average
1,1212,143077.0,2,Average
1,1212,594774.9,1,Average
1,1212,1208690.0,1,Average
1,1215,153458.1,2,Average
1,1215,270337.4,1,Average
1,1215,668054.0,1,Average
1,1215,508681.8,1,Average
1,1212,300956.2,2,Excellent
1,1212,327671.0,1,Excellent
1,1212,376661.2,1,Average
1,1212,559966.8,1,Average
1,1212,411235.9,1,Average
1,1212,224922.9,2,Average
1,1212,519601.6,1,Average
1,1212,263630.0,1,Average
1,1212,370278.1,1,Below Average
1,1212,304553.4,1,Average
1,1212,352254.0,2,Excellent
1,1212,279945.0,1,Average
1,1212,271139.0,1,Average
1,1212,615738.7,1,Average
1,1212,309009.0,1,Average
1,1212,347084.9,1,Average
1,1215,155804.8,2,Average
1,1215,252331.5,1,Average
1,1215,194139.3,3,Average
1,1212,452174.0,1,Average
1,1212,282391.2,1,Average
1,1212,428609.9,1,Average
1,1212,354977.4,1,Average
1,1212,293197.2,1,Average
1,1212,282630.1,1,Average
1,1212,434572.5,1,Average
1,1212,354802.2,1,Average
1,1212,363179.7,1,Average
1,1215,450903.7,1,Average
1,1215,476706.2,1,Average
1,1212,366840.3,1,Average
1,1212,266617.7,1,Average
1,1212,207869.9,1,Below Average
1,1212,89281.24,1,Average
1,1212,89281.24,1,Average
1,1212,94719.91,2,Average
1,1212,318807.2,1,Average
1,1212,82259.81,2,Average
1,1212,289107.5,1,Average
1,1212,543527.6,1,Average
1,1212,492875.5,1,Average
1,1212,434975.9,1,Average
1,1212,311764.4,1,Average
1,1212,277053.1,2,Good
1,1212,393662.1,1,Average
1,1212,905683.2,1,Average
1,1212,127323.1,2,Average
1,1212,624457.9,1,Average
1,1212,186094.6,2,Very Good
1,1212,601533.9,1,Good
1,1215,400218.4,1,Average
1,1212,294948.9,1,Average
1,1212,638429.5,1,Average
1,1212,415013.1,1,Average
1,1212,361234.8,1,Below Average
1,1212,434570.4,1,Average
1,1212,382797.2,1,Below Average
1,1212,117861.8,2,Below Average
1,1212,104404.1,2,Below Average
1,1212,155755.2,4,Good
1,1212,155755.2,5,Good
1,1212,37760.96,3,Minimum
1,1212,266488.8,1,Below Average
1,1212,63637.14,6,Excellent
1,1220,190219.7,1,Below Average
1,1215,127016.8,2,Below Average
1,1212,112350.0,3,Below Average
1,1212,145213.7,4,Good
1,1215,196429.2,2,Average
1,1215,404072.4,1,Average
1,1212,150862.9,2,Average
1,1212,444394.9,1,Average
1,1212,724091.6,1,Average
1,1212,69203.73,1,Below Average
1,1212,71005.89,2,Below Average
1,1212,418271.5,1,Average
1,1220,550642.9,2,Below Average
1,1212,212430.2,5,Below Average
1,1212,210826.2,4,Average
1,1220,352385.3,3,Below Average
1,1220,488470.5,1,Below Average
1,1212,425667.9,1,Average
1,1212,114647.5,3,Average
1,1212,171591.2,2,Average
1,1212,350972.7,1,Average
1,1212,393768.5,1,Average
1,1212,308657.5,1,Average
1,1212,285122.7,2,Average
1,1212,105650.8,1,Average
1,1212,361600.2,1,Average
1,1212,658834.6,1,Average
1,1215,548009.6,1,Average
1,1220,682179.6,2,Average
1,1220,446209.7,1,Average
1,1212,369354.4,1,Average
1,1212,347263.9,1,Average
1,1212,578120.2,1,Average
1,1212,402790.7,1,Average
1,1212,519651.3,1,Average
1,1212,74332.95,2,Average
1,1212,167076.8,1,Average
1,1212,252410.5,1,Average
1,1212,196616.8,1,Good
1,1212,357161.3,1,Average
1,1212,205335.1,1,Average
1,1212,88225.58,2,Average
1,1215,462689.0,1,Average
1,1212,524483.6,1,Average
1,1212,209016.4,1,Average
1,1212,365481.6,1,Average
1,1212,101743.0,2,Average
1,1215,350835.4,1,Average
1,1212,578729.7,1,Average
1,1212,339367.0,1,Average
1,1212,488111.2,1,Average
1,1212,31646.77,3,Minimum
1,1212,86592.24,2,Below Average
1,1212,53427.64,1,Minimum
1,1215,139876.2,1,Average
1,1215,139876.2,1,Average
1,1212,505761.1,1,Very Good
1,1212,316702.8,1,Average
1,1212,266938.4,1,Average
1,1212,239842.6,1,Average
1,1212,495563.9,1,Average
1,1212,377388.6,1,Average
1,1212,180476.3,1,Average
1,1212,242226.9,2,Average
1,1212,325364.8,1,Average
1,1212,405718.6,1,Average
1,1212,495344.2,1,Average
1,1212,344087.0,1,Average
1,1212,383311.2,1,Average
1,1212,262444.1,1,Average
1,1212,121676.0,2,Average
1,1212,407743.6,1,Average
1,1212,230427.4,1,Average
1,1212,496565.9,1,Average
1,1212,370106.1,1,Average
1,1212,64148.5,2,Average
1,1212,267477.9,1,Average
1,1212,418269.2,1,Average
1,1212,528042.7,1,Average
1,1212,460467.8,1,Average
1,1212,424607.3,1,Average
1,1212,423253.8,1,Average
1,1212,327452.1,1,Average
1,1212,526411.9,1,Very Good
1,1212,426729.8,1,Average
1,1212,281253.1,1,Average
1,1212,472723.7,1,Good
1,1212,580451.7,1,Average
1,1212,576353.1,1,Average
1,1212,379781.7,1,Average
1,1212,458132.8,1,Average
1,1212,290712.6,1,Average
1,1212,520583.4,1,Average
1,1212,471231.0,1,Average
1,1212,433063.9,1,Good
1,1212,106031.5,2,Good
1,1212,528668.9,1,Average
1,1212,465831.2,1,Average
1,1212,478966.1,1,Below Average
1,1212,259601.9,1,Below Average
1,1212,328722.5,1,Average
1,1212,478483.0,1,Average
1,1212,263771.9,1,Average
1,1212,266005.4,1,Average
1,1212,348574.3,1,Average
1,1212,548160.9,1,Average
1,1212,454819.5,1,Average
1,1212,124357.9,2,Average
1,1220,302775.6,1,Below Average
1,1212,374141.7,1,Average
1,1212,483341.7,1,Good
1,1212,157158.9,2,Average
1,1212,556713.9,1,Average
1,1212,553860.4,1,Average
1,1212,371074.5,1,Average
1,1212,470703.8,1,Average
1,1212,372353.8,1,Average
1,1212,450153.7,1,Average
1,1212,299500.6,1,Average
1,1212,1142913.0,1,Excellent
1,1212,326847.2,1,Average
1,1212,111810.7,2,Average
1,1212,452032.0,1,Average
1,1212,315496.2,1,Average
1,1212,520882.5,1,Average
1,1212,460648.0,1,Average
1,1212,703412.1,1,Average
1,1212,291851.4,1,Average
1,1212,58877.57,2,Average
1,1212,462666.3,1,Average
1,1212,74289.43,2,Average
1,1212,505843.4,1,Average
1,1212,285647.7,1,Average
1,1212,457107.9,1,Average
1,1212,312100.0,1,Average
1,1212,334302.9,1,Average
1,1212,407133.1,1,Average
1,1212,514427.1,1,Average
1,1212,494836.2,1,Average
1,1212,329911.0,1,Average
1,1212,384750.2,1,Average
1,1220,493525.7,1,Below Average
1,1212,193153.2,4,Average
1,1212,269486.6,1,Average
1,1212,186192.5,1,Average
1,1230,354256.4,1,Average
1,1230,345400.0,1,Average
1,1230,345400.0,1,Average
1,1230,345400.0,1,Average
1,1230,354256.4,1,Average
1,1230,357199.2,1,Average
1,1230,348269.2,1,Average
1,1230,348269.2,1,Average
1,1230,357199.2,1,Average
1,1230,354256.4,1,Average
1,1230,345400.0,1,Average
1,1230,345400.0,1,Average
1,1230,354256.4,1,Average
1,1230,345400.0,1,Average
1,1230,357467.5,1,Average
1,1230,348269.2,1,Average
1,1230,348269.2,1,Average
1,1230,357199.2,1,Average
1,1212,227802.1,1,Average
1,1212,293165.1,1,Average
1,1212,205128.1,1,Average
1,1212,180271.3,1,Average
1,1212,422644.3,1,Average
1,1212,356141.8,2,Average
1,1212,327034.3,1,Average
1,1212,325687.8,1,Average
1,1212,294983.2,1,Average
1,1212,166694.5,2,Below Average
1,1212,275865.2,1,Average
1,1215,612423.1,1,Good
1,1212,72971.12,1,Average
1,1212,315445.3,2,Average
1,1212,101776.3,4,Average
1,1212,83394.21,3,Average
1,1240,67589.19,1,Average
1,1230,538775.7,1,Average
1,1212,218999.6,1,Average
1,1212,112107.6,2,Average
1,1212,262338.8,1,Average
1,1212,263818.3,1,Average
1,1215,157931.2,3,Average
1,1212,35699.36,2,Average
1,1212,415336.8,1,Average
1,1212,246722.6,1,Average
1,1212,241613.3,1,Average
1,1212,61011.09,1,Minimum
1,1212,154587.2,2,Excellent
1,1212,326070.0,1,Average
1,1212,261051.7,1,Average
1,1212,291586.7,1,Average
1,1212,282193.4,1,Average
1,1212,266493.9,2,Average
1,1212,68758.99,1,Below Average
1,1215,289471.3,1,Below Average
1,1212,108232.1,1,Below Average
1,1212,118309.2,2,Average
1,1215,440835.0,1,Average
1,1212,324740.4,1,Average
1,1212,259457.9,1,Average
1,1240,0.72,1,Average
1,1212,293861.6,1,Average
1,1212,239496.3,1,Average
1,1212,283909.5,1,Average
1,1215,150826.8,1,Average
1,1215,518428.9,2,Average
1,1212,345940.3,1,Average
1,1212,379697.6,1,Average
1,1212,101864.6,1,Below Average
1,1212,153019.5,1,Average
1,1212,115329.2,1,Average
1,1212,161874.5,2,Average
1,1212,9536.77,1,Salvage
1,1212,352544.5,1,Average
1,1220,615033.7,1,Average
1,1212,213786.7,1,Average
1,1215,242950.1,1,Average
1,1215,224379.0,1,Average
1,1212,175428.5,2,Average
1,1212,373410.9,1,Below Average
1,1212,41010.27,2,Average
1,1212,184563.2,2,Excellent
1,1212,398382.9,1,Average
1,1212,285132.4,1,Average
1,1212,461320.5,1,Average
1,1212,54588.21,1,Minimum
1,1230,256438.5,1,Average
1,1230,250027.6,1,Average
1,1230,250027.6,1,Average
1,1230,250027.6,1,Average
1,1230,250027.6,1,Average
1,1230,250027.6,1,Average
1,1230,250027.6,1,Average
1,1230,250027.6,1,Average
1,1230,256438.5,1,Average
1,1230,256438.5,1,Average
1,1230,250027.6,1,Average
1,1230,250027.6,1,Average
1,1230,250027.6,1,Average
1,1230,250027.6,1,Average
1,1230,250027.6,1,Average
1,1230,250027.6,1,Average
1,1230,250027.6,1,Average
1,1230,256438.5,1,Average
1,1215,208949.5,1,Average
1,1215,188150.7,1,Below Average
1,1212,366287.7,1,Average
1,1212,250721.5,1,Average
1,1215,277138.0,2,Average
1,1212,135448.7,1,Average
1,1230,263447.9,1,Average
1,1230,256861.7,1,Average
1,1230,256861.7,1,Average
1,1230,263447.9,1,Average
1,1230,62513.95,1,Below Average
1,1230,101066.0,1,Below Average
1,1212,646766.2,1,Average
1,1212,80435.62,2,Minimum
1,1240,369574.4,1,Below Average
1,1212,692269.4,1,Average
1,1240,0.0,1,Average
1,1240,111044.0,1,Average
1,1212,10472.09,1,Average
1,1235,53480.64,1,Average
1,1212,279656.2,1,Average
1,1212,281347.2,1,Average
1,1212,317194.1,1,Average
1,1220,808889.0,1,Average
1,1220,1049009.0,2,Average
1,1212,407731.7,1,Average
1,1212,254690.3,2,Average
1,1212,428352.6,1,Average
1,1212,239135.5,1,Average
1,1212,267872.5,1,Average
1,1212,629021.6,1,Average
1,1212,397973.7,1,Average
1,1212,205871.7,1,Average
1,1212,566019.7,2,Average
1,1212,357985.5,1,Average
1,1212,314111.8,1,Average
1,1215,202145.9,1,Average
1,1215,202145.9,1,Average
1,1215,307589.5,1,Average
1,1212,210594.3,1,Average
1,1212,414079.0,1,Average
1,1212,336578.8,1,Average
1,1220,573915.2,1,Average
1,1240,244614.6,1,Below Average
1,1213,79370.0,1,Very Good
1,1213,28900.0,2,Below Average
1,1212,292826.7,1,Average
1,1212,246267.8,1,Below Average
1,1230,484703.6,1,Average
1,1230,472586.0,1,Average
1,1230,472586.0,1,Average
1,1230,484703.6,1,Average
1,1212,246589.4,2,Average
1,1212,189318.1,1,Average
1,1212,33812.27,3,Average
1,1230,288032.8,1,Average
1,1230,288032.8,1,Average
1,1230,288032.8,1,Average
1,1230,288032.8,1,Average
1,1212,380722.9,1,Average
1,1212,319744.5,1,Average
1,1212,313665.0,1,Average
1,1212,343751.8,1,Average
1,1212,258595.7,1,Average
1,1212,351644.0,1,Good
1,1212,381858.2,1,Average
1,1212,234764.2,1,Average
1,1235,0.0,1,Average
1,1212,493919.3,1,Average
1,1212,173934.8,2,Average
1,1212,595788.7,1,Average
1,1212,336277.9,1,Below Average
2,1212,371741.7,1,Average
2,1212,1028080.0,1,Good
2,1230,676230.4,1,Average
2,1230,1027917.0,1,Average
2,1230,732475.0,1,Average
2,1212,749929.3,1,Average
2,1215,2017435.0,1,Average
2,1215,76514.51,2,Average
2,1215,1052330.0,1,Average
2,1212,2336060.0,1,Good
2,1212,2780387.0,1,Average
2,1212,1893727.0,1,Average
2,1212,1573759.0,1,Average
2,1212,1311895.0,1,Average
2,1220,1394472.0,1,Average
2,1220,1360898.0,1,Average
2,1230,562422.5,1,Average
2,1230,548361.9,1,Average
2,1230,548361.9,1,Average
2,1230,548361.9,1,Average
2,1230,653.21,1,Average
2,1230,548361.9,1,Average
2,1230,566893.7,1,Average
2,1230,875730.2,1,Average
2,1230,710071.4,1,Average
2,1212,598523.8,1,Average
2,1212,1154214.0,1,Average
2,1212,1597074.0,1,Average
2,1212,739353.6,1,Average
2,1212,1012686.0,1,Average
2,1212,686684.8,1,Below Average
2,1212,802093.2,1,Below Average
2,1212,2914623.0,1,Good
2,1212,66458.15,2,Average
2,1212,1143132.0,1,Average
2,1212,1219031.0,1,Average
2,1212,1401425.0,1,Average
2,1230,1289202.0,1,Average
2,1230,1112884.0,1,Average
2,1212,2588320.0,1,Good
2,1212,1430375.0,1,Average
2,1212,33977.75,2,Average
2,1212,997938.5,1,Average
2,1230,1088027.0,1,Average
2,1212,1165937.0,1,Good
2,1212,1411231.0,1,Average
2,1212,1878060.0,1,Good
2,1212,1212160.0,1,Average
2,1212,1197193.0,1,Average
2,1212,1659553.0,1,Average
2,1212,1461481.0,1,Average
2,1212,1264946.0,1,Average
2,1212,4286913.0,1,Excellent
2,1212,131676.2,2,Excellent
2,1215,1570898.0,1,Average
2,1215,2147777.0,1,Average
2,1212,1738764.0,1,Very Good
2,1212,623685.8,1,Average
2,1212,521732.5,1,Average
2,1212,521732.5,1,Average
2,1212,521732.5,1,Average
2,1212,2911350.0,1,Good
2,1212,2392550.0,1,Good
2,1212,24153.54,2,Average
2,1212,1454548.0,1,Average
2,1212,118139.6,2,Average
2,1212,1778978.0,1,Average
2,1212,2875626.0,1,Good
2,1212,1604387.0,1,Average
2,1212,2005916.0,1,Very Good
2,1212,1625451.0,1,Average
2,1212,53491.35,2,Good
2,1212,2432990.0,1,Average
2,1215,1369663.0,1,Average
2,1212,66706.73,2,Average
2,1212,1575041.0,1,Average
2,1212,1100498.0,1,Average
2,1212,127363.9,2,Average
2,1212,2471789.0,1,Average
2,1212,68167.59,2,Average
2,1212,1157394.0,1,Average
2,1212,82633.46,2,Average
2,1212,1306044.0,1,Average
2,1212,1700372.0,1,Average
2,1212,1516864.0,1,Average
2,1212,1152934.0,1,Average
2,1212,103074.6,2,Excellent
2,1212,1654224.0,1,Average
2,1212,1566120.0,1,Average
2,1212,81930.79,2,Average
2,1212,1697680.0,1,Good
2,1215,1301752.0,1,Average
2,1230,849838.2,1,Average
2,1230,849838.2,1,Average
2,1230,849838.2,1,Average
2,1230,849838.2,1,Average
2,1212,1701365.0,1,Good
2,1212,69116.11,2,Average
2,1215,2671332.0,1,Good
2,1212,1573432.0,1,Average
2,1212,1295660.0,1,Average
2,1212,1619070.0,1,Very Good
2,1212,1642364.0,1,Average
2,1212,2371138.0,1,Good
2,1212,79813.22,2,Good
2,1212,2535310.0,1,Average
2,1212,1090577.0,1,Average
2,1212,2281732.0,1,Very Good
2,1212,1747078.0,1,Average
2,1212,1790205.0,1,Average
2,1212,77206.09,2,Average
2,1212,1239011.0,1,Average
2,1212,1407793.0,1,Average
2,1212,81401.33,2,Average
2,1212,1421199.0,1,Average
2,1230,615937.0,1,Average
2,1230,615937.0,1,Average
2,1230,615937.0,1,Average
2,1230,615937.0,1,Average
2,1230,646733.9,1,Average
2,1230,615937.0,1,Average
2,1230,615937.0,1,Average
2,1230,615937.0,1,Average
2,1230,597362.2,1,Average
2,1230,578116.2,1,Average
2,1230,723150.2,1,Average
2,1230,574507.7,1,Average
2,1230,576313.7,1,Average
2,1230,627230.3,1,Average
2,1230,567248.2,1,Average
2,1230,610508.8,1,Average
2,1230,610508.8,1,Average
2,1230,735040.9,1,Average
2,1230,809259.9,1,Average
2,1230,799521.8,1,Average
2,1230,1130483.0,1,Average
2,1215,1400295.0,1,Average
2,1230,404075.5,1,Average
2,1230,437325.9,1,Average
2,1230,478956.4,1,Average
2,1230,485039.2,1,Average
2,1230,451410.9,1,Average
2,1230,475169.3,1,Average
2,1230,527730.9,1,Average
2,1230,489416.8,1,Average
2,1230,510298.0,1,Average
2,1230,485039.2,1,Average
2,1230,471521.9,1,Average
2,1230,967277.6,1,Average
2,1230,848835.8,1,Average
2,1212,1424073.0,1,Average
2,1230,434156.0,1,Average
2,1230,317476.5,1,Average
2,1230,449582.8,1,Average
2,1230,461110.5,1,Average
2,1230,551630.9,1,Average
2,1230,547493.8,1,Average
2,1230,529431.2,1,Average
2,1230,557789.3,1,Average
2,1230,580335.4,1,Average
2,1230,464140.2,1,Average
2,1230,464140.2,1,Average
2,1230,590813.0,1,Average
2,1230,434601.4,1,Average
2,1230,434601.4,1,Average
2,1230,142030.0,1,Average
2,1230,138480.0,1,Average
2,1230,173230.0,1,Average
2,1230,168900.0,1,Average
2,1230,168900.0,1,Average
2,1230,181250.0,1,Average
2,1230,770336.5,1,Average
2,1230,770336.5,1,Average
2,1230,770336.5,1,Average
2,1230,770336.5,1,Average
2,1230,529960.3,1,Below Average
2,1230,524727.3,1,Below Average
2,1230,448958.7,1,Below Average
2,1230,576532.2,1,Below Average
2,1230,529960.3,1,Below Average
2,1230,448958.7,1,Below Average
2,1212,1614955.0,1,Average
2,1212,813665.5,1,Average
2,1212,36786.08,2,Good
2,1212,1912170.0,1,Good
2,1212,1431324.0,1,Average
2,1212,2497086.0,1,Good
2,1212,1607297.0,1,Average
2,1212,1448904.0,1,Average
2,1212,2789650.0,1,Good
2,1212,1631002.0,1,Average
2,1212,106697.7,2,Average
2,1212,1762232.0,1,Average
2,1212,25677.94,2,Average
2,1212,1996773.0,1,Average
2,1212,3291757.0,1,Good
2,1212,1329807.0,1,Average
2,1212,1618373.0,1,Average
2,1212,1777991.0,1,Average
2,1212,504176.4,1,Average
2,1212,440282.5,1,Average
2,1212,54416.93,1,Average
2,1212,3246084.0,1,Good
2,1212,4207333.0,1,Good
2,1212,26595.73,2,Very Good
2,1212,2072771.0,1,Good
2,1212,1355284.0,1,Average
2,1212,1385133.0,1,Average
2,1212,2221554.0,1,Good
2,1212,3602218.0,1,Excellent
2,1212,1632377.0,1,Average
2,1212,1301663.0,1,Average
2,1212,1054537.0,1,Average
2,1212,110572.9,2,Average
2,1212,2733554.0,1,Average
2,1212,1730946.0,1,Good
2,1212,1527884.0,1,Average
2,1212,4451044.0,1,Very Good
2,1212,1533645.0,1,Good
2,1212,2143049.0,1,Good
2,1212,1636191.0,1,Average
2,1212,1678869.0,1,Average
2,1212,1481844.0,1,Average
2,1212,1259789.0,1,Average
2,1212,2525502.0,1,Good
2,1212,1358038.0,1,Average
2,1212,107364.2,2,Good
2,1212,2193048.0,1,Good
2,1212,953678.8,1,Average
2,1212,35105.56,2,Average
2,1212,1664006.0,1,Average
2,1212,478180.0,1,Excellent
2,1212,2431735.0,1,Good
2,1212,60120.12,2,Good
2,1212,2155112.0,1,Good
2,1212,832315.5,1,Average
2,1212,1340057.0,1,Average
2,1215,1266067.0,1,Average
2,1212,1629213.0,1,Average
2,1212,0.0,1,Minimum
2,1212,863769.2,1,Average
2,1212,161410.3,2,Average
2,1212,875216.6,1,Average
2,1212,1528748.0,1,Average
2,1212,108733.5,2,Average
2,1212,1236680.0,1,Average
2,1212,1290261.0,1,Average
2,1212,1568969.0,1,Average
2,1212,2123062.0,1,Average
2,1212,618466.4,1,Average
2,1212,1338929.0,1,Average
2,1212,1980795.0,1,Average
2,1212,1245746.0,1,Average
2,1212,1578655.0,1,Average
2,1212,86446.2,2,Average
2,1212,2272331.0,1,Good
2,1215,2400288.0,1,Average
2,1212,1066961.0,1,Average
2,1212,1129901.0,1,Average
2,1212,142974.9,1,Average
2,1212,1534991.0,2,Good
2,1212,83853.0,1,Good
2,1212,2447547.0,2,Good
2,1212,84129.92,2,Average
2,1212,972935.3,1,Average
2,1212,750395.2,1,Average
2,1212,2237130.0,1,Very Good
2,1212,3336180.0,1,Good
2,1212,1216510.0,1,Average
2,1212,940361.0,1,Average
2,1212,783037.7,1,Average
2,1212,869703.4,1,Average
2,1212,1351531.0,1,Average
2,1212,54899.3,2,Good
2,1212,163152.4,2,Average
2,1212,860996.3,1,Average
2,1212,2784823.0,1,Good
2,1212,1057510.0,1,Average
2,1212,87721.08,1,Average
2,1212,2737139.0,2,Good
2,1212,71785.31,2,Average
2,1212,1097694.0,1,Good
2,1212,1508266.0,1,Average
2,1212,167784.0,2,Average
2,1212,801880.2,1,Average
2,1212,792966.4,1,Below Average
2,1212,820393.5,1,Average
2,1212,1472578.0,1,Average
2,1212,1931946.0,1,Good
2,1212,120783.6,2,Average
2,1212,116961.9,2,Below Average
2,1212,555051.3,1,Below Average
2,1212,836415.5,1,Average
2,1212,4318477.0,1,Average
2,1212,2904306.0,1,Good
2,1212,3293656.0,1,Average
2,1212,1978192.0,1,Average
2,1212,2072795.0,1,Average
2,1212,83508.24,2,Excellent
2,1212,3933639.0,1,Excellent
2,1212,2031473.0,1,Good
2,1212,836125.4,1,Good
2,1212,1160558.0,1,Below Average
2,1212,68713.56,2,Average
2,1212,1002140.0,1,Average
2,1212,24411.57,2,Average
2,1212,1797815.0,1,Average
2,1212,1445793.0,1,Average
2,1215,22191.77,2,Average
2,1215,2853472.0,1,Good
2,1212,2484334.0,1,Good
2,1212,32610.29,2,Good
2,1212,1090105.0,1,Average
2,1212,1274757.0,1,Average
2,1212,49396.47,2,Good
2,1212,4033249.0,2,Excellent
2,1212,164428.4,1,Excellent
2,1212,1740573.0,1,Average
2,1212,1166590.0,1,Below Average
2,1212,1767911.0,1,Average
2,1212,1771213.0,1,Good
2,1212,674764.8,1,Good
2,1212,935131.9,1,Average
2,1212,2233615.0,1,Very Good
2,1212,739498.0,1,Average
2,1212,273114.5,3,Very Good
2,1212,83466.1,2,Very Good
2,1212,1350967.0,1,Good
2,1212,972458.6,1,Average
2,1212,2151154.0,3,Excellent
2,1212,1520222.0,1,Average
2,1212,87601.31,2,Average
2,1212,1527163.0,1,Average
2,1212,1230821.0,1,Average
2,1212,114427.5,2,Average
2,1212,1128721.0,1,Average
2,1212,3114817.0,1,Good
2,1212,26178.96,2,Below Average
2,1212,1149727.0,1,Average
2,1212,1633540.0,1,Average
2,1212,1420569.0,1,Average
2,1212,856654.6,1,Average
2,1212,1188570.0,1,Average
2,1215,2185097.0,1,Good
2,1212,1804707.0,1,Average
2,1212,1342794.0,1,Average
2,1212,913254.2,1,Average
2,1212,1613131.0,1,Average
2,1212,1801044.0,1,Average
2,1212,1561000.0,1,Good
2,1212,692511.8,1,Below Average
2,1212,2468201.0,1,Good
2,1212,2510602.0,1,Good
2,1212,87310.44,2,Average
2,1212,1401028.0,1,Average
2,1212,1286697.0,1,Average
2,1212,1324001.0,1,Average
2,1212,3408096.0,1,Good
2,1212,1553744.0,1,Average
2,1212,2092122.0,1,Average
2,1212,1448841.0,1,Average
2,1212,20474.45,3,Average
2,1212,39354.95,2,Average
2,1212,2171357.0,1,Good
2,1212,1985844.0,1,Average
2,1212,1285927.0,1,Good
2,1212,1180935.0,1,Average
2,1212,26072.39,2,Average
2,1212,701872.5,1,Below Average
2,1212,62572.38,2,Average
2,1212,1666638.0,1,Average
2,1212,2380124.0,1,Very Good
2,1212,53419.28,2,Very Good
2,1212,1886577.0,1,Average
2,1212,1523603.0,1,Average
2,1212,877009.4,1,Average
2,1212,1863256.0,1,Average
2,1212,68789.53,2,Average
2,1212,1145324.0,1,Average
2,1212,383956.6,1,Below Average
2,1212,420433.4,3,Very Good
2,1212,1440317.0,1,Average
2,1212,2873781.0,1,Good
2,1212,2300619.0,1,Good
2,1212,60436.77,2,Good
2,1212,1206693.0,1,Average
2,1212,1229508.0,1,Average
2,1212,936042.8,1,Below Average
2,1212,86256.47,2,Average
2,1212,1911124.0,1,Good
2,1212,79675.62,2,Average
2,1212,2726915.0,1,Average
2,1212,1816437.0,1,Good
2,1212,948030.3,2,Very Good
2,1212,3943733.0,1,Very Good
2,1212,1151605.0,1,Average
2,1212,1016010.0,1,Average
2,1212,2489224.0,1,Very Good
2,1212,86086.69,2,Average
2,1212,102020.8,2,Average
2,1212,1321879.0,1,Average
2,1212,1574898.0,1,Average
2,1212,105362.3,2,Average
2,1212,1301701.0,1,Average
2,1212,799042.7,1,Below Average
2,1212,1814778.0,1,Average
2,1212,53406.68,2,Very Good
2,1212,3266715.0,1,Excellent
2,1212,1233419.0,1,Average
2,1212,1070251.0,1,Average
2,1212,102477.3,2,Average
2,1212,1421661.0,1,Average
2,1212,717466.1,1,Below Average
2,1212,89747.74,2,Good
2,1212,3970516.0,1,Good
2,1212,1786511.0,1,Average
2,1212,1643864.0,1,Average
2,1212,2311041.0,1,Average
2,1212,2935126.0,1,Good
2,1212,1873387.0,1,Average
2,1212,21741.55,2,
2,1212,619884.9,1,Excellent
2,1212,1790117.0,1,Good
2,1212,30190.59,2,Very Good
2,1212,1006777.0,1,Average
2,1212,960960.9,1,Average
2,1212,1247427.0,1,Average
2,1212,1716840.0,1,Average
2,1212,1233262.0,1,Good
2,1230,458680.0,1,Average
2,1230,473182.7,1,Average
2,1230,498917.6,1,Average
2,1230,597326.3,1,Average
2,1230,659330.4,1,Average
2,1230,615371.6,1,Average
2,1230,585256.8,1,Average
2,1230,1468657.0,1,Average
2,1230,470613.3,1,Average
2,1212,2838393.0,1,Average
2,1212,3799804.0,1,Good
2,1212,2625625.0,1,Average
2,1212,101791.0,1,Average
2,1212,2498796.0,1,Very Good
2,1212,24637.65,2,Good
2,1212,124826.8,2,Average
2,1212,1728240.0,1,Very Good
2,1212,898238.2,1,Average
2,1212,124242.3,1,Average
2,1212,1941105.0,1,Average
2,1212,1117384.0,1,Average
2,1212,134758.7,2,Average
2,1212,2962423.0,1,Very Good
2,1212,1872263.0,1,Very Good
2,1212,1017659.0,1,Average
2,1212,2972883.0,1,Good
2,1215,1922279.0,1,Average
2,1212,1216801.0,1,Average
2,1212,1954560.0,1,Average
2,1212,86267.17,2,Average
2,1212,1517441.0,1,Average
2,1212,4657976.0,1,Very Good
2,1212,46467.83,2,Very Good
2,1212,1800707.0,1,Average
2,1212,2277104.0,1,Good
2,1220,1578672.0,1,Average
2,1212,114400.0,1,Average
2,1212,1105254.0,1,Average
2,1212,980435.0,1,Below Average
2,1212,2119540.0,2,Average
2,1212,150650.8,1,Average
2,1212,865221.8,1,Average
2,1212,1448588.0,1,Average
2,1212,468899.4,1,Below Average
2,1212,960602.9,1,Average
2,1212,715417.7,1,Below Average
2,1212,1008161.0,1,Average
2,1212,1046942.0,1,Average
2,1212,1358885.0,1,Good
2,1212,1800835.0,1,Good
2,1212,77762.21,2,Average
2,1212,1718266.0,1,Average
2,1212,2335162.0,1,Average
2,1212,1431897.0,1,Average
2,1212,1786210.0,1,Average
2,1212,1762020.0,1,Average
2,1212,1998532.0,1,Average
2,1230,995763.6,1,Average
2,1212,1276372.0,1,Good
2,1212,115739.6,2,Good
2,1212,933422.7,1,Below Average
2,1215,508090.0,1,Average
2,1215,972886.8,2,Average
2,1212,1780687.0,1,Good
2,1212,1870690.0,1,Good
2,1230,651949.6,1,Average
2,1230,620640.0,1,Average
2,1230,624066.4,1,Average
2,1230,610723.2,1,Average
2,1230,622354.7,1,Average
2,1230,663194.6,1,Average
2,1212,2006828.0,1,Average
2,1212,160063.9,2,Average
2,1215,1802816.0,1,Average
2,1212,89396.53,2,Average
2,1212,1737717.0,1,Average
2,1212,588595.3,1,Average
2,1212,1004036.0,1,Average
2,1212,119046.2,2,Average
2,1212,1142151.0,1,Average
2,1212,94475.2,2,Good
2,1212,853725.9,1,Average
2,1212,96936.01,3,Good
2,1212,220685.3,2,Average
2,1212,19240.32,3,Average
2,1212,1439323.0,1,Average
2,1212,1702145.0,1,Average
2,1212,916082.7,1,Average
2,1212,75995.7,2,Average
2,1212,1008274.0,1,Average
2,1212,3861240.0,1,Average
2,1212,118203.2,2,Average
2,1212,1669456.0,1,Average
2,1212,154789.5,4,Excellent
2,1215,850329.2,1,Average
2,1212,1573815.0,1,Average
2,1212,416665.3,1,Average
2,1212,725039.6,1,Average
2,1215,568926.6,1,Average
2,1215,569037.8,2,Average
2,1212,616681.3,1,Average
2,1212,422131.4,1,Average
2,1212,401550.2,2,Average
2,1230,441992.9,1,Average
2,1212,36059.61,2,Good
2,1212,2940047.0,1,Good
2,1212,3809307.0,1,Excellent
2,1212,1738993.0,1,Average
2,1212,1717890.0,1,Average
2,1212,2014718.0,1,Average
2,1212,1700348.0,1,Average
2,1212,2625492.0,1,Good
2,1212,2632292.0,1,Good
2,1212,1251994.0,1,Average
2,1212,2680175.0,1,Good
2,1212,106987.7,2,Average
2,1212,1890885.0,1,Average
2,1212,1876945.0,1,Average
2,1212,1104772.0,1,Average
2,1212,4487454.0,1,Excellent
2,1212,902632.4,1,Average
2,1212,2341517.0,1,Very Good
2,1212,1828237.0,1,Average
2,1212,68813.48,2,Average
2,1212,969657.4,1,Average
2,1212,1062395.0,1,Average
2,1212,2946834.0,1,Good
2,1212,1486833.0,1,Average
2,1212,1249808.0,1,Average
2,1212,1040463.0,1,Average
2,1212,94936.34,2,Average
2,1212,1234944.0,1,Average
2,1212,48731.68,3,Average
2,1212,107889.1,2,Average
2,1212,3541908.0,1,Very Good
2,1212,1064938.0,1,Average
2,1215,1181453.0,1,Average
2,1212,1500449.0,1,Average
2,1212,1032031.0,1,Average
2,1212,1285904.0,1,Average
2,1212,1587616.0,1,Average
2,1212,1057915.0,1,Average
2,1212,816531.1,1,Average
2,1212,1065530.0,1,Average
2,1215,1090725.0,1,Average
2,1212,1860264.0,1,Average
2,1215,1413896.0,1,Average
2,1212,1963244.0,1,Good
2,1212,120448.8,2,Average
2,1212,808710.1,1,Average
2,1212,1158294.0,1,Average
2,1212,52893.22,3,Average
2,1212,47332.14,2,Average
2,1212,1914104.0,1,Very Good
2,1212,442773.7,2,Average
2,1212,3265335.0,1,Good
2,1212,885237.4,1,Average
2,1212,1434230.0,1,Average
2,1212,217418.0,2,Good
2,1212,658254.0,1,Average
2,1212,475133.9,1,Good
2,1212,497592.8,1,Average
2,1230,226343.0,1,Average
2,1230,505366.4,1,Average
2,1230,509105.7,1,Average
2,1230,489385.6,1,Average
2,1230,695937.8,1,Average
2,1230,711730.5,1,Average
2,1230,917758.8,1,Average
2,1230,894912.9,1,Average
2,1230,547563.4,1,Average
2,1230,536141.0,1,Average
2,1230,802065.7,1,Average
2,1230,545155.1,1,Average
2,1230,545155.1,1,Average
2,1230,676730.2,1,Average
2,1230,703270.0,1,Average
2,1230,677148.8,1,Average
2,1230,736251.0,1,Average
2,1230,736251.0,1,Average
2,1230,736251.0,1,Average
2,1230,676311.5,1,Average
2,1230,658995.3,1,Average
2,1230,659403.7,1,Average
2,1230,575636.1,1,Average
2,1230,575636.1,1,Average
2,1230,575636.1,1,Average
2,1230,575636.1,1,Average
2,1230,981721.4,1,Average
2,1230,993103.1,1,Average
2,1230,709807.0,1,Average
2,1230,1086697.0,1,Average
2,1230,1009932.0,1,Average
2,1230,606840.5,1,Average
2,1230,110160.0,1,Average
2,1230,650268.8,1,Average
2,1230,982789.4,1,Average
8,1212,640583.5,1,Average
8,1212,206131.1,1,Average
8,1212,253047.1,1,Average
8,1212,243512.6,1,Average
8,1212,187448.9,1,Average
8,1212,529022.0,1,Average
8,1212,273361.4,1,Average
8,1212,185334.2,1,Average
8,1212,215389.8,1,Average
8,1212,179142.5,1,Average
8,1212,242795.1,1,Average
8,1212,463390.7,1,Average
8,1212,73700.41,1,Average
8,1212,605898.8,1,Good
8,1212,757553.4,1,Excellent
8,1212,657418.1,1,Good
8,1212,103560.1,1,Below Average
8,1212,1095825.0,2,Excellent
8,1212,275240.4,1,Average
8,1212,48072.95,1,Below Average
8,1212,154793.3,2,Good
8,1212,14452.96,1,Salvage
8,1212,114909.4,1,Average
8,1212,494991.8,1,Average
8,1212,21484.43,1,Minimum
8,1212,102449.7,1,Average
8,1212,271457.5,1,Below Average
8,1212,209061.7,1,Average
8,1212,120485.4,1,Average
8,1212,487003.1,1,Average
8,1212,98998.33,1,Minimum
8,1212,395480.4,1,Average
8,1212,210669.9,1,Average
8,1212,368284.4,1,Average
8,1212,63675.79,2,Below Average
8,1212,127597.7,1,Below Average
8,1212,377844.9,1,Average
8,1212,123112.2,1,Below Average
8,1212,24157.86,2,Below Average
8,1212,350452.3,1,Average
8,1212,283330.5,1,Average
8,1212,281058.8,1,Average
8,1212,124352.3,2,Average
8,1212,456246.4,1,Average
8,1212,19404.16,1,Minimum
8,1212,238139.2,1,Average
8,1212,307532.4,1,Average
8,1212,562787.1,1,Good
8,1212,153331.1,1,Average
8,1212,244074.0,1,Average
8,1212,480755.9,1,Good
8,1212,55527.84,1,Average
8,1212,190425.1,1,Average
8,1212,396115.1,1,Average
8,1212,315459.4,1,Average
8,1212,340551.2,1,Average
8,1212,72918.65,1,Average
8,1212,446765.9,1,Average
8,1212,186904.4,1,Average
8,1212,120375.6,1,Below Average
8,1212,384854.7,1,Average
8,1212,326311.0,1,Average
8,1212,230629.1,1,Average
8,1212,389084.7,1,Average
8,1212,385539.3,1,Average
8,1212,406360.3,1,Average
8,1212,203850.5,1,Average
8,1212,502028.5,1,Average
8,1212,313156.3,1,Average
8,1212,205401.0,1,Average
8,1212,333057.0,1,Average
8,1212,399210.4,1,Average
8,1212,267352.8,1,Average
8,1212,426741.4,1,Average
8,1212,358659.4,2,Very Good
8,1212,949715.6,1,Average
8,1212,15527.63,1,Minimum
8,1212,77343.92,1,Average
8,1212,237108.9,1,Average
8,1212,348557.0,1,Average
8,1212,59750.89,1,Minimum
8,1212,361002.0,1,Average
8,1212,251971.7,1,Average
8,1212,336626.1,1,Average
8,1212,586569.9,1,Average
8,1212,451704.4,1,Average
8,1212,171797.4,2,Average
8,1212,251022.1,1,Average
8,1212,348146.9,1,Average
8,1212,363980.3,1,Below Average
8,1212,234310.8,1,Average
8,1212,43458.56,2,Below Average
8,1212,218246.5,1,Average
8,1212,173939.6,1,Average
8,1212,251737.8,1,Below Average
8,1212,334824.9,1,Average
8,1212,298826.8,1,Average
8,1235,6552.0,1,Average
8,1212,136363.5,1,Average
8,1212,245472.9,1,Average
8,1212,185846.3,1,Average
8,1212,47988.77,2,Average
8,1212,248202.2,1,Average
8,1212,505363.5,1,Good
8,1212,306649.0,1,Average
8,1212,305235.7,1,Average
8,1212,1794886.0,1,Good
8,1212,980147.5,1,Excellent
8,1212,330487.7,1,Average
8,1212,195103.4,1,Average
8,1212,317906.1,1,Good
8,1212,142553.1,1,Average
8,1212,213264.7,2,Average
8,1212,334869.2,1,Average
8,1212,320547.9,1,Average
8,1212,383639.4,1,Average
8,1212,196270.9,1,Average
8,1212,247572.1,1,Average
8,1212,175224.3,1,Average
8,1212,348474.2,1,Average
8,1212,419850.3,1,Good
8,1212,601974.3,1,Average
8,1212,119820.5,1,Average
8,1212,367518.1,1,Average
8,1212,395959.8,1,Average
8,1212,289206.2,1,Good
8,1212,120836.2,1,Below Average
8,1212,331373.9,1,Average
8,1212,198636.9,1,Average
8,1212,458778.4,1,Average
8,1212,387880.6,1,Average
8,1212,173941.3,1,Below Average
8,1212,37343.56,1,Minimum
8,1212,161752.6,1,Below Average
8,1212,642964.1,1,Good
8,1212,217598.3,1,Average
8,1212,535208.4,1,Average
8,1212,61917.36,1,Average
8,1212,377896.6,1,Average
8,1212,121759.3,2,Below Average
8,1212,521947.2,1,Average
8,1212,109453.7,1,Average
8,1212,469926.2,2,Good
8,1212,174914.4,1,Average
8,1212,318016.8,1,Good
8,1212,314622.2,1,Average
8,1212,256319.9,1,Average
8,1212,342617.8,1,Average
8,1212,419266.9,1,Average
8,1212,252881.2,1,Average
8,1212,644042.8,1,Average
8,1212,590516.3,1,Average
8,1212,99222.75,1,Below Average
8,1212,352475.3,1,Average
8,1212,183432.3,1,Average
8,1212,26160.33,1,Average
8,1212,199618.1,1,Average
8,1212,221941.3,1,Below Average
8,1212,70867.38,1,Minimum
8,1212,503680.8,1,Average
8,1212,225006.6,1,Good
8,1212,252505.6,1,Average
8,1212,227108.2,1,Average
8,1212,285961.8,1,Average
8,1212,289438.8,1,Average
8,1212,102316.0,1,Average
8,1212,967978.4,1,Average
8,1212,1077404.0,1,Good
8,1212,372264.9,1,Average
8,1212,431713.0,1,Good
8,1212,160152.6,1,Excellent
8,1212,134152.2,1,Average
8,1212,489096.0,1,Average
8,1212,356894.3,1,Average
8,1212,134080.0,2,Below Average
8,1212,193041.5,1,Below Average
8,1212,157233.0,1,Minimum
8,1212,275848.9,1,Average
8,1212,494241.8,1,Average
8,1212,741504.0,1,Excellent
8,1212,178421.2,1,Below Average
8,1212,363425.9,1,Average
8,1212,469650.3,1,Average
8,1212,291969.8,1,Average
8,1212,530848.2,1,Average
8,1212,79460.29,2,Average
8,1212,1118652.0,1,Good
8,1212,555374.2,1,Average
8,1212,202780.4,1,Average
8,1212,489058.1,1,Average
8,1212,113361.9,1,Average
8,1212,731274.8,1,Excellent
8,1212,314671.5,1,Average
8,1212,192061.5,1,Below Average
8,1212,340602.8,1,Average
8,1212,426628.2,1,Average
8,1212,278644.5,1,Average
8,1212,259144.6,1,Good
8,1212,254875.4,1,Average
8,1212,215952.9,2,Average
8,1212,52727.5,1,Minimum
8,1212,119097.8,2,Minimum
8,1212,305591.4,3,Average
8,1212,117953.2,1,Average
8,1212,1171933.0,1,Good
8,1212,202682.6,1,Average
8,1212,584115.6,1,Average
8,1212,523370.1,1,Average
8,1212,96656.78,1,Below Average
8,1212,667905.9,1,Average
8,1212,361379.7,1,Average
8,1212,312768.1,1,Average
8,1212,446140.8,1,Average
8,1212,381671.4,1,Average
8,1212,283709.4,1,Average
8,1212,194089.3,2,Average
8,1212,116018.5,1,Below Average
8,1212,777054.5,1,Good
8,1212,603527.3,2,Good
8,1212,221181.4,1,Average
8,1212,710501.8,1,Average
8,1212,514758.5,1,Average
8,1212,415278.8,1,Below Average
8,1212,338234.5,2,Average
8,1212,548536.2,1,Average
8,1212,222474.1,1,Below Average
8,1212,578572.4,1,Good
8,1212,351673.1,1,Average
8,1212,119254.4,1,Below Average
6,1212,3114142.0,1,Good
6,1212,1196928.0,1,Good
6,1212,1318601.0,1,Very Good
6,1212,1178480.0,1,Good
6,1212,1736893.0,1,Average
6,1212,1697999.0,1,Average
6,1212,1238754.0,1,Average
6,1212,494413.2,1,Below Average
6,1212,1136077.0,1,Average
6,1212,1229404.0,1,Average
6,1212,884028.0,1,Average
6,1212,1142954.0,1,Average
6,1212,1220573.0,1,Average
6,1212,1278761.0,1,Average
6,1212,1303939.0,1,Average
6,1212,1226161.0,1,Average
6,1212,2120966.0,1,Very Good
6,1212,2397343.0,1,Very Good
6,1212,1287703.0,1,Average
6,1212,1010188.0,1,Average
6,1212,1356814.0,1,Average
6,1212,1837618.0,1,Good
6,1212,503469.7,1,Below Average
6,1212,951561.9,1,Average
6,1212,1382313.0,1,Average
6,1212,1463790.0,1,Average
6,1212,1235252.0,1,Good
6,1212,1952376.0,1,Excellent
6,1212,1188224.0,1,Average
6,1212,314256.2,1,Below Average
6,1212,1703005.0,1,Very Good
6,1212,1533334.0,1,Good
6,1212,1823419.0,1,Average
6,1212,1742550.0,1,Very Good
6,1212,1517594.0,1,Very Good
6,1212,337856.5,2,Very Good
6,1212,1215010.0,1,Average
6,1212,1737521.0,1,Very Good
6,1212,910177.7,1,Average
6,1212,882592.1,1,Average
6,1212,1378575.0,1,Average
6,1212,1129663.0,1,Average
6,1212,1163153.0,1,Good
6,1212,963461.4,1,Average
6,1212,1862181.0,1,Average
6,1212,2351732.0,1,Good
6,1212,334848.5,1,Average
6,1212,1182822.0,1,Average
6,1212,1525845.0,1,Good
6,1212,877119.1,1,Average
6,1212,1662551.0,1,Very Good
6,1212,1115391.0,1,Average
6,1212,885568.6,1,Average
6,1212,1131990.0,1,Average
6,1212,1344302.0,1,Average
6,1212,1400969.0,1,Good
6,1212,1233632.0,1,Very Good
6,1212,751688.4,1,Average
6,1212,941497.8,1,Good
6,1212,2246009.0,1,Good
6,1212,1186767.0,1,Good
6,1215,854317.1,1,Average
6,1215,2497960.0,1,Good
6,1212,937458.6,1,Average
6,1212,1608968.0,1,Average
6,1212,876689.7,1,Below Average
6,1212,1028427.0,1,Average
6,1212,1191525.0,1,Good
6,1212,1599465.0,1,Good
6,1212,1323131.0,1,Good
6,1212,2115315.0,1,Average
6,1212,1173792.0,1,Average
6,1212,3736838.0,1,Average
6,1212,1545301.0,1,Average
6,1212,1251626.0,1,Average
6,1212,1088572.0,1,Average
6,1212,1468175.0,1,Very Good
6,1212,790866.6,1,Average
6,1212,1888905.0,1,Excellent
6,1212,1543717.0,1,Very Good
6,1212,1596402.0,1,Very Good
6,1212,2225040.0,1,Very Good
6,1212,841269.1,1,Average
6,1212,1215508.0,1,Average
6,1212,1038264.0,1,Average
6,1212,1286932.0,1,Very Good
6,1212,1109963.0,1,Good
6,1212,790699.9,1,Average
6,1212,1107431.0,1,Average
6,1212,940750.9,1,Average
6,1212,615425.4,1,Average
6,1212,951908.3,1,Average
6,1212,701830.7,1,Average
6,1212,804930.1,1,Average
6,1212,931945.9,1,Good
6,1212,844178.3,1,Average
6,1212,998991.8,1,Average
6,1212,592987.9,1,Average
6,1212,897369.0,1,Average
6,1212,772120.3,1,Average
6,1212,852265.1,1,Average
6,1212,684915.0,1,Average
6,1212,804699.2,1,Average
6,1212,207000.8,2,Average
6,1212,388745.9,1,Below Average
6,1212,794681.5,1,Average
6,1212,1187124.0,1,Very Good
6,1212,621860.3,1,Average
6,1212,503315.2,1,Below Average
6,1212,888758.8,1,Average
6,1212,1045464.0,1,Average
6,1212,1683268.0,1,Good
6,1212,904043.3,1,Average
6,1212,1050589.0,1,Average
6,1212,1001051.0,1,Average
6,1212,1859299.0,1,Average
6,1212,706886.2,1,Average
6,1212,1009720.0,1,Very Good
6,1212,854237.4,1,Average
6,1212,962598.4,1,Average
6,1212,884409.7,1,Average
6,1212,925895.6,1,Excellent
6,1212,1671232.0,1,Average
6,1212,827450.8,1,Average
6,1212,1592283.0,1,Very Good
6,1212,990699.8,1,Average
6,1212,958107.8,1,Average
6,1212,968585.3,1,Good
6,1212,1049146.0,1,Average
6,1212,1017281.0,1,Very Good
6,1212,1970455.0,1,Excellent
6,1212,825606.9,1,Average
6,1212,886988.0,1,Average
6,1212,1029217.0,1,Very Good
6,1212,924345.2,1,Average
6,1212,706834.4,1,Good
6,1212,692882.6,1,Average
6,1212,401856.6,2,Very Good
6,1212,1101805.0,1,Average
6,1212,1158623.0,1,Good
6,1212,904218.6,1,Average
6,1212,1058024.0,1,Average
6,1212,1534636.0,1,Average
6,1212,1614238.0,1,Good
6,1212,1299466.0,1,Good
6,1212,684750.0,1,Excellent
6,1212,997010.7,1,Average
6,1212,936018.8,1,Average
6,1212,2444277.0,1,Very Good
6,1212,1626189.0,1,Good
6,1215,3838959.0,1,Very Good
6,1212,3162408.0,1,Average
6,1212,1470120.0,1,Very Good
6,1212,1824788.0,1,Average
6,1212,579316.8,1,Average
6,1212,1141294.0,1,Average
6,1212,808845.6,1,Average
6,1212,893416.6,1,Average
6,1212,278926.3,2,Average
6,1212,2356347.0,1,Good
6,1212,612923.0,1,Average
6,1212,135952.6,1,Below Average
6,1212,729574.8,1,Average
6,1212,430756.0,2,Average
6,1212,143000.4,1,Excellent
6,1212,827927.9,1,Good
6,1212,1716788.0,1,Average
6,1212,1046789.0,1,Average
6,1212,178009.2,2,Excellent
6,1212,841128.8,1,Excellent
6,1212,1173848.0,1,Average
6,1212,1462326.0,1,Good
6,1212,141615.9,1,Excellent
6,1212,223015.0,2,Excellent
6,1212,971675.1,1,Average
6,1212,1352554.0,1,Excellent
6,1212,2056673.0,1,Excellent
6,1212,275240.2,2,Excellent
6,1212,1267071.0,1,Very Good
6,1212,1815007.0,1,Very Good
6,1230,682479.0,1,Average
6,1230,733260.2,1,Average
6,1230,684414.1,1,Average
6,1230,657703.7,1,Average
6,1230,673218.7,1,Average
6,1230,716090.1,1,Average
6,1230,620198.8,1,Average
6,1230,707965.5,1,Average
6,1230,643061.3,1,Average
6,1230,495902.1,1,Average
6,1230,625996.4,1,Average
6,1230,1054732.0,1,Average
6,1230,1209099.0,1,Average
6,1230,1017829.0,1,Average
6,1230,1257617.0,1,Average
6,1230,1059085.0,1,Average
6,1230,1032317.0,1,Average
6,1230,620198.8,1,Average
6,1230,481719.7,1,Average
6,1230,505805.7,1,Average
6,1230,744569.1,1,Average
6,1230,481719.7,1,Average
6,1230,518292.9,1,Average
6,1230,693740.8,1,Average
6,1230,728427.8,1,Average
6,1230,811569.6,1,Average
6,1230,811569.6,1,Average
6,1230,692977.1,1,Average
6,1230,888827.0,1,Average
6,1230,781797.6,1,Average
6,1230,565245.1,1,Average
6,1230,781833.8,1,Average
6,1230,779744.8,1,Average
6,1230,326751.2,2,Average
6,1230,742052.7,1,Average
6,1230,742052.7,1,Average
6,1230,791754.2,1,Average
6,1230,778083.5,1,Average
6,1230,791754.2,1,Average
6,1230,791754.2,1,Average
6,1212,2002116.0,1,Good
6,1212,1918889.0,1,Average
6,1212,1160330.0,1,Average
6,1212,2007216.0,1,Good
6,1212,1397095.0,1,Average
6,1212,1215770.0,1,Average
6,1212,980684.5,1,Average
6,1212,925211.0,1,Average
6,1212,1086680.0,1,Average
6,1212,841408.6,1,Average
6,1212,783161.9,1,Average
6,1212,1418399.0,1,Average
6,1212,239218.7,2,Average
6,1212,808121.8,1,Average
6,1212,406836.2,1,Below Average
6,1212,877247.5,1,Average
6,1212,1694381.0,1,Good
6,1230,339613.1,1,Average
6,1230,743073.3,1,Average
6,1230,793770.0,1,Average
6,1230,745113.5,1,Average
6,1230,794777.5,1,Average
6,1230,740521.4,1,Average
6,1230,913893.8,1,Average
6,1230,744093.5,1,Average
6,1230,321129.0,1,Average
6,1230,743073.3,1,Average
6,1230,833458.5,1,Average
6,1230,793770.0,1,Average
6,1230,743073.3,1,Average
6,1230,913893.8,1,Average
6,1230,796892.5,1,Average
6,1230,758945.3,1,Average
6,1230,794374.5,1,Average
6,1230,745725.4,1,Average
6,1230,745725.4,1,Average
6,1230,709243.4,1,Average
6,1230,710214.7,1,Average
6,1230,783011.7,1,Average
6,1230,317593.9,1,Average
6,1230,332914.4,1,Average
6,1230,807853.5,1,Average
6,1230,770818.7,1,Average
6,1230,848246.2,1,Average
6,1230,892319.0,1,Average
6,1230,757841.3,1,Average
6,1230,721753.6,1,Average
6,1230,722721.7,1,Average
6,1230,756824.6,1,Average
6,1230,174000.0,1,Good
6,1230,644211.2,1,Average
6,1230,684787.8,1,Average
6,1230,684787.8,1,Average
6,1230,676421.8,1,Average
6,1230,457223.7,1,Average
6,1230,684280.4,1,Average
6,1230,602635.5,1,Average
6,1230,718494.4,1,Average
6,1230,602635.5,1,Average
6,1230,718494.4,1,Average
6,1230,602635.5,1,Average
6,1230,684280.4,1,Average
6,1230,644211.2,1,Average
6,1230,644211.2,1,Average
6,1230,684280.4,1,Average
6,1230,684280.4,1,Average
6,1230,602115.6,1,Average
6,1230,684280.4,1,Average
6,1230,602115.6,1,Average
6,1230,684280.4,1,Average
6,1230,632221.4,1,Average
6,1230,684280.4,1,Average
6,1230,602635.5,1,Average
6,1230,744063.9,1,Average
6,1230,401299.8,1,Average
6,1230,382190.3,1,Average
6,1230,382190.3,1,Average
6,1230,363080.8,1,Average
6,1230,382190.3,1,Average
6,1230,401299.8,1,Average
6,1230,401299.8,1,Average
6,1230,401299.8,1,Average
6,1230,382190.3,1,Average
6,1230,382190.3,1,Average
6,1230,248301.1,1,Average
6,1230,401299.8,1,Average
6,1230,382190.3,1,Average
6,1230,401299.8,1,Average
6,1230,491065.5,1,Average
6,1230,401299.8,1,Average
6,1230,401299.8,1,Average
6,1230,382190.3,1,Average
6,1230,236477.2,1,Average
6,1230,382190.3,1,Average
6,1230,441429.8,1,Average
6,1230,401299.8,1,Average
6,1230,382190.3,1,Average
6,1230,382190.3,1,Average
6,1230,382190.3,1,Average
6,1230,401299.8,1,Average
6,1230,401299.8,1,Average
6,1230,382190.3,1,Average
6,1230,401299.8,1,Average
6,1230,248301.1,1,Average
6,1230,401299.8,1,Average
6,1230,382190.3,1,Average
6,1230,401299.8,1,Average
6,1230,490639.7,1,Average
6,1230,382190.3,1,Average
6,1230,382190.3,1,Average
6,1230,401299.8,1,Average
6,1230,382190.3,1,Average
6,1230,382190.3,1,Average
6,1230,236477.2,1,Average
6,1230,382190.3,1,Average
6,1230,421364.8,1,Average
6,1230,401299.8,1,Average
6,1230,382190.3,1,Average
6,1230,401299.8,1,Average
6,1230,382190.3,1,Average
6,1230,382190.3,1,Average
6,1230,297260.0,1,Average
6,1230,401299.8,1,Average
6,1230,261369.5,1,Average
6,1230,697995.6,1,Average
6,1230,664757.7,1,Average
6,1230,664757.7,1,Average
6,1230,633102.6,1,Average
6,1230,633102.6,1,Average
6,1230,633102.6,1,Average
6,1230,633102.6,1,Average
6,1230,664757.7,1,Average
6,1230,664757.7,1,Average
6,1212,1285836.0,1,Average
6,1212,1109849.0,1,Average
6,1212,1514965.0,1,Average
6,1212,1312233.0,1,Average
6,1212,1249059.0,1,Good
6,1212,1280772.0,1,Good
6,1212,1275477.0,1,Good
6,1212,1215298.0,1,Average
6,1212,1607163.0,1,Average
6,1212,1734256.0,1,Very Good
6,1212,1046648.0,1,Average
6,1212,1833323.0,1,Good
6,1212,1347675.0,1,Average
6,1212,1818405.0,1,Excellent
6,1212,1177097.0,1,Average
6,1212,1615819.0,1,Average
6,1215,1386902.0,1,Good
6,1212,1301285.0,1,Average
6,1212,1760477.0,1,Average
6,1212,1257752.0,1,Average
6,1212,1913537.0,1,Good
6,1212,1321923.0,1,Good
6,1212,2035048.0,1,Good
6,1212,1122717.0,1,Average
6,1212,2729236.0,1,Average
6,1212,740935.0,1,Below Average
6,1212,2904880.0,1,Average
6,1212,1670391.0,1,Average
6,1212,2325398.0,1,Good
6,1212,1675196.0,1,Average
6,1212,1630963.0,1,Very Good
6,1212,666267.7,2,Good
6,1212,1740868.0,1,Good
6,1212,1573357.0,1,Average
6,1212,1580781.0,1,Average
6,1212,1794299.0,1,Good
6,1212,1664151.0,1,Average
6,1212,1105193.0,1,Average
6,1212,1111856.0,1,Average
6,1212,1122227.0,1,Average
6,1212,1943308.0,1,Very Good
6,1212,1095467.0,1,Average
6,1212,1045944.0,1,Average
6,1212,1138915.0,1,Average
6,1212,3047595.0,1,Good
6,1212,1612126.0,1,Average
6,1212,1958745.0,1,Good
6,1212,3401169.0,1,Average
6,1212,1237301.0,1,Average
6,1212,1711905.0,1,Excellent
6,1212,1848449.0,1,Average
6,1212,1256943.0,1,Average
6,1212,1539063.0,1,Average
6,1212,2339600.0,1,Very Good
6,1212,1747495.0,1,Average
6,1212,2002390.0,1,Average
6,1212,4771936.0,1,Excellent
6,1212,3371407.0,1,Average
6,1212,2568494.0,1,Very Good
6,1212,1804062.0,1,Average
6,1212,2994455.0,1,Good
6,1212,3007910.0,1,Average
6,1212,1350212.0,1,Average
6,1212,1783776.0,1,Average
6,1212,1459803.0,1,Good
6,1212,3387975.0,1,Good
6,1212,3879288.0,1,Average
6,1212,1763272.0,1,Average
6,1212,1491498.0,1,Average
6,1230,3963585.0,1,Good
6,1212,520332.5,1,Below Average
6,1212,983031.9,1,Average
6,1230,597826.6,1,Good
6,1230,569358.7,1,Good
6,1230,355986.7,1,Good
6,1230,569358.7,1,Good
6,1230,634940.0,1,Good
6,1230,790901.0,1,Good
6,1230,753239.1,1,Good
6,1230,357132.0,1,Good
6,1230,833476.9,1,Good
6,1230,757706.3,1,Good
6,1230,374988.6,1,Good
6,1230,809632.1,1,Good
6,1230,830446.1,1,Good
6,1230,948299.1,1,Good
6,1230,926723.1,1,Good
6,1230,948299.1,1,Good
6,1230,948299.1,1,Good
6,1230,589374.3,1,Good
6,1230,647870.4,1,Good
6,1230,589374.3,1,Good
6,1230,624168.5,1,Good
6,1230,440044.4,1,Good
6,1230,624168.5,1,Good
6,1230,836833.4,1,Good
6,1230,819179.5,1,Good
6,1230,770202.7,1,Good
6,1230,800691.5,1,Good
6,1230,494971.9,1,Good
6,1230,749011.6,1,Good
6,1230,796984.2,1,Good
6,1230,617019.4,1,Good
6,1230,734395.1,1,Average
6,1230,734395.1,1,Average
6,1230,699423.9,1,Average
6,1230,699423.9,1,Average
6,1230,699423.9,1,Average
6,1230,769366.3,1,Average
6,1230,699423.9,1,Average
6,1230,699423.9,1,Average
6,1230,734395.1,1,Average
6,1230,734395.1,1,Average
6,1230,735519.6,1,Average
6,1230,830522.3,1,Average
6,1230,788996.2,1,Average
6,1230,867895.8,1,Average
6,1230,996626.8,1,Average
6,1230,913574.6,1,Average
6,1230,751425.0,1,Average
6,1230,750430.8,1,Average
6,1230,790973.7,1,Average
6,1230,830522.3,1,Average
6,1230,581595.5,1,Average
6,1230,582183.4,1,Average
6,1230,581595.5,1,Average
6,1230,581595.5,1,Average
6,1230,582183.4,1,Average
6,1230,582183.4,1,Average
6,1230,554460.3,1,Average
6,1230,499014.3,1,Average
6,1230,582183.4,1,Average
6,1230,581595.5,1,Average
6,1230,697816.8,1,Average
6,1230,697816.8,1,Average
6,1230,732707.7,1,Average
6,1230,507503.2,1,Average
6,1230,734957.4,1,Average
6,1230,697816.8,1,Average
6,1230,732707.7,1,Average
6,1230,805978.5,1,Average
6,1230,805978.5,1,Average
6,1230,734957.4,1,Average
6,1230,732707.7,1,Average
6,1230,753467.9,1,Average
6,1230,717588.5,1,Average
6,1230,717588.5,1,Average
6,1230,702100.7,1,Average
6,1230,737205.8,1,Average
6,1230,753467.9,1,Average
6,1230,702100.7,1,Average
6,1230,702100.7,1,Average
6,1230,904161.5,1,Average
6,1230,904161.5,1,Average
6,1230,753467.9,1,Average
6,1230,732707.7,1,Average
6,1230,734395.1,1,Average
6,1230,790973.7,1,Average
6,1230,640401.7,1,Average
6,1230,829423.6,1,Average
6,1230,790973.7,1,Average
6,1230,459338.6,1,Average
6,1230,349972.3,1,Average
6,1230,459338.6,1,Average
6,1230,349972.3,1,Average
6,1230,367470.9,1,Average
6,1230,479124.6,1,Average
6,1230,456309.1,1,Average
6,1230,479124.6,1,Average
6,1230,346897.0,1,Average
6,1230,492325.3,1,Average
6,1230,365154.7,1,Average
6,1230,436454.8,1,Average
6,1230,436454.8,1,Average
6,1230,480100.3,1,Average
6,1230,436454.8,1,Average
6,1230,399797.9,1,Average
6,1230,565845.2,1,Average
6,1230,399797.9,1,Average
6,1230,648861.5,1,Average
6,1230,675432.7,1,Average
6,1230,660030.3,1,Average
6,1230,617963.4,1,Average
6,1230,683886.4,1,Average
6,1230,717485.3,1,Average
6,1230,718080.7,1,Average
6,1230,755247.6,1,Average
6,1230,713747.7,1,Average
6,1230,627374.9,1,Average
6,1230,672229.4,1,Average
6,1230,711490.2,1,Average
6,1230,462923.9,1,Average
6,1230,595626.5,1,Average
6,1230,505368.7,1,Average
6,1230,530637.2,1,Average
6,1230,527451.5,1,Average
6,1230,462923.9,1,Average
6,1230,567240.8,1,Average
6,1230,486070.1,1,Average
6,1230,677609.8,1,Average
6,1230,740157.3,1,Average
6,1230,960338.5,1,Average
6,1230,872311.0,1,Average
6,1230,957949.0,1,Average
6,1230,785122.5,1,Average
6,1230,670303.9,1,Average
6,1230,828656.9,1,Average
6,1230,486070.1,1,Average
6,1230,960338.5,1,Average
6,1230,505368.7,1,Average
6,1230,687042.1,1,Average
6,1230,2145046.0,1,Average
6,1230,1884080.0,1,Average
6,1230,1300492.0,1,Average
6,1230,1294774.0,1,Average
6,1230,1294774.0,1,Average
6,1230,1676630.0,1,Average
6,1230,690293.9,1,Average
6,1230,759323.2,1,Average
6,1230,690293.9,1,Average
6,1230,716265.1,1,Average
6,1230,690293.9,1,Average
6,1230,690293.9,1,Average
6,1230,690293.9,1,Average
6,1230,724808.5,1,Average
6,1230,722115.9,1,Average
6,1230,725509.4,1,Average
6,1230,722115.9,1,Average
6,1230,722115.9,1,Average
6,1230,722115.9,1,Average
6,1230,671526.1,1,Average
6,1230,705102.4,1,Average
6,1230,632327.8,1,Average
6,1230,672067.4,1,Average
6,1230,705670.7,1,Average
6,1230,705102.4,1,Average
6,1230,705102.4,1,Average
6,1230,758221.7,1,Average
6,1230,643261.5,1,Average
6,1230,675424.6,1,Average
6,1230,675424.6,1,Average
6,1230,643261.5,1,Average
6,1230,709195.8,1,Average
6,1230,744533.1,1,Average
6,1230,709079.1,1,Average
6,1230,675854.2,1,Average
6,1230,675313.5,1,Average
6,1230,852829.0,1,Average
6,1230,742844.8,1,Average
6,1230,675424.6,1,Average
6,1230,690293.9,1,Average
6,1230,705102.4,1,Average
6,1212,2811287.0,1,Excellent
6,1212,1915997.0,1,Average
6,1212,1143930.0,1,Average
6,1212,2289535.0,1,Good
6,1212,1770555.0,1,Average
6,1212,3396032.0,1,Excellent
6,1212,2238882.0,1,Good
6,1212,2099844.0,1,Average
6,1212,3859974.0,1,Very Good
6,1212,1786984.0,1,Average
6,1230,366320.6,1,Average
6,1230,289811.6,1,Average
6,1230,357072.4,1,Average
6,1230,289811.6,1,Average
6,1230,967275.1,1,Average
6,1230,661950.4,1,Average
6,1230,764250.1,1,Average
6,1230,838955.8,1,Average
6,1230,919278.2,1,Average
6,1230,728145.4,1,Average
6,1230,804473.8,1,Average
6,1230,725862.3,1,Average
6,1230,966766.9,1,Average
6,1230,661950.4,1,Average
6,1230,884921.2,1,Average
6,1230,726368.7,1,Average
6,1230,674490.6,1,Average
6,1230,431869.9,1,Average
6,1230,646491.0,1,Average
6,1230,453463.4,1,Average
6,1230,707117.0,1,Average
6,1230,492543.1,1,Average
6,1230,707659.0,1,Average
6,1230,457632.1,1,Average
6,1230,515311.3,1,Average
6,1230,369948.5,1,Average
6,1230,369948.5,1,Average
6,1230,467915.9,1,Average
6,1230,746569.5,1,Average
6,1230,653190.2,1,Average
6,1230,823407.6,1,Average
6,1230,595387.4,1,Average
6,1230,786541.6,1,Average
6,1230,588543.3,1,Average
6,1230,815985.3,1,Average
6,1230,800261.4,1,Average
6,1230,745530.1,1,Average
6,1230,454599.9,1,Average
6,1230,811796.8,1,Average
6,1230,381863.9,1,Average
6,1230,645480.6,1,Average
6,1230,470189.1,1,Average
6,1230,740520.3,1,Average
6,1230,470189.1,1,Average
6,1230,1212630.0,1,Average
6,1230,1069967.0,1,Average
6,1230,756853.3,1,Average
6,1230,1331384.0,1,Average
6,1230,794696.0,1,Average
6,1230,1099892.0,1,Average
6,1230,794696.0,1,Average
6,1230,1099892.0,1,Average
6,1230,794696.0,1,Average
6,1230,1069967.0,1,Average
6,1230,874165.6,1,Average
6,1230,1148687.0,1,Average
6,1230,903075.5,1,Average
6,1230,1021981.0,1,Average
6,1230,1276975.0,1,Average
6,1230,1270355.0,1,Average
6,1230,1418880.0,1,Average
6,1230,470975.5,1,Average
6,1230,1207759.0,1,Average
6,1230,681605.7,1,Average
6,1230,866085.9,1,Average
6,1230,952694.5,1,Average
6,1230,866085.9,1,Average
6,1230,1248984.0,1,Average
6,1230,824843.7,1,Average
6,1230,866085.9,1,Average
6,1230,952694.5,1,Average
6,1230,866085.9,1,Average
6,1230,952694.5,1,Average
6,1230,1135440.0,1,Average
6,1230,1417439.0,1,Average
6,1230,866085.9,1,Average
6,1230,569840.8,1,Average
6,1230,517293.1,1,Average
6,1230,393087.8,1,Average
6,1230,280087.1,1,Average
6,1230,820578.8,1,Average
6,1230,745980.8,1,Average
6,1230,518037.1,1,Average
6,1230,518037.1,1,Average
6,1230,535092.6,1,Average
6,1230,500443.3,1,Average
6,1230,578012.0,1,Average
6,1230,541738.2,1,Average
6,1230,386158.0,1,Average
6,1230,729987.4,1,Average
6,1230,802986.1,1,Average
6,1230,745980.8,1,Average
6,1230,1095973.0,1,Average
6,1230,1000234.0,1,Average
6,1230,525465.5,1,Average
6,1230,541000.6,1,Average
6,1230,405465.9,1,Average
6,1230,709135.9,1,Average
6,1230,943264.6,1,Average
6,1230,990267.2,1,Average
6,1230,386158.0,1,Average
6,1230,744592.6,1,Average
6,1230,781503.7,1,Average
6,1230,595912.0,1,Average
6,1230,535092.6,1,Average
6,1230,386158.0,1,Average
6,1230,857104.9,1,Average
6,1230,687064.4,1,Average
6,1230,897919.5,1,Average
6,1230,654347.1,1,Average
6,1230,815725.1,1,Average
6,1230,800974.4,1,Average
6,1230,0.0,1,Average
6,1230,795580.0,1,Average
6,1230,721614.5,1,Average
6,1230,721614.5,1,Average
6,1230,833464.8,1,Average
6,1230,721614.5,1,Average
6,1230,757695.3,1,Average
6,1230,757695.3,1,Average
6,1230,833464.8,1,Average
6,1230,721614.5,1,Average
6,1230,833464.8,1,Average
6,1230,721614.5,1,Average
6,1230,833464.8,1,Average
6,1230,757695.3,1,Average
6,1230,757695.3,1,Average
6,1230,757695.3,1,Average
6,1230,757695.3,1,Average
6,1230,833464.8,1,Average
6,1230,721614.5,1,Average
6,1230,721614.5,1,Average
6,1230,721614.5,1,Average
6,1230,833464.8,1,Average
6,1230,0.0,1,Average
6,1230,721614.5,1,Average
6,1230,721614.5,1,Average
6,1230,909234.3,1,Average
6,1230,721614.5,1,Average
6,1230,721614.5,1,Average
6,1230,795580.0,1,Average
6,1230,757695.3,1,Average
6,1230,721614.5,1,Average
6,1230,757695.3,1,Average
6,1230,721614.5,1,Average
6,1230,757695.3,1,Average
6,1230,721614.5,1,Average
6,1230,611969.0,1,Average
6,1230,618441.2,1,Average
6,1230,578743.0,1,Average
6,1230,521675.1,1,Average
6,1230,698154.2,1,Average
6,1230,654224.9,1,Average
6,1230,402800.0,1,Average
6,1230,604270.1,1,Average
6,1230,667721.4,1,Average
6,1230,740833.4,1,Average
6,1230,582330.8,1,Average
6,1230,496833.5,1,Average
6,1230,526130.0,1,Average
6,1230,731609.4,1,Average
6,1230,768146.5,1,Average
6,1230,812428.2,1,Average
6,1230,671365.5,1,Average
6,1230,581669.7,1,Average
6,1230,734772.7,1,Average
6,1230,800184.1,1,Average
6,1230,445403.3,1,Average
6,1230,1267484.0,1,Good
6,1230,1393557.0,1,Good
6,1230,1562000.0,1,Good
6,1230,1148751.0,1,Good
6,1230,1386592.0,1,Good
6,1230,1559023.0,1,Good
6,1230,1473718.0,1,Good
6,1230,1476310.0,1,Good
6,1230,892328.8,1,Average
6,1230,1341157.0,1,Average
6,1230,1350101.0,1,Average
6,1230,750285.7,1,Average
6,1230,1069351.0,1,Average
6,1230,1368323.0,1,Average
6,1230,1575543.0,1,Average
6,1230,1415578.0,1,Average
6,1230,1270076.0,1,Average
6,1230,1247498.0,1,Average
6,1230,1412423.0,1,Average
6,1230,1216190.0,1,Average
6,1230,1247498.0,1,Average
6,1230,1431331.0,1,Average
6,1230,1326753.0,1,Average
6,1230,1247498.0,1,Average
6,1230,1347382.0,1,Average
6,1230,339754.3,1,Average
6,1230,454424.9,1,Average
6,1230,723986.3,1,Average
6,1230,810066.8,1,Average
6,1230,675979.4,1,Average
6,1230,654692.1,1,Average
6,1230,782028.2,1,Average
6,1230,818498.2,1,Average
6,1230,653655.3,1,Average
6,1230,751976.5,1,Average
6,1230,752575.8,1,Average
6,1230,657282.7,1,Average
6,1230,845787.5,1,Average
6,1230,807006.4,1,Average
6,1230,707024.8,1,Average
6,1230,748978.9,1,Average
6,1230,684159.8,1,Average
6,1230,625983.6,1,Average
6,1230,845787.5,1,Average
6,1230,930366.3,1,Average
6,1230,668449.3,1,Average
6,1230,648466.6,1,Average
6,1230,679253.8,1,Average
6,1230,707596.9,1,Average
6,1230,953443.3,1,Average
6,1230,963623.9,1,Average
6,1230,624503.4,1,Average
6,1230,683615.0,1,Average
6,1230,686338.1,1,Average
6,1230,781274.3,1,Average
6,1230,930366.3,1,Average
6,1230,934968.0,1,Average
6,1230,857693.2,1,Average
6,1230,680344.6,1,Average
6,1230,717223.7,1,Average
6,1230,684159.8,1,Average
6,1230,855194.6,1,Average
6,1230,878178.5,1,Average
6,1230,638586.1,1,Average
6,1230,685249.1,1,Average
6,1230,683070.2,1,Average
6,1230,682608.4,1,Average
6,1230,855194.6,1,Average
6,1230,919996.5,1,Average
6,1230,638586.1,1,Average
6,1230,685249.1,1,Average
6,1230,721798.0,1,Average
6,1230,872325.2,1,Average
6,1230,678162.7,1,Average
6,1230,716738.8,1,Average
6,1230,781896.9,1,Average
6,1230,939565.4,1,Average
6,1230,1024354.0,1,Average
6,1230,701871.8,1,Average
6,1230,843106.5,1,Average
6,1230,677071.2,1,Average
6,1230,684159.8,1,Average
6,1230,746579.1,1,Average
6,1230,681980.2,1,Average
6,1230,448790.3,1,Below Average
6,1230,415297.7,1,Below Average
6,1230,314205.9,1,Below Average
6,1230,389003.0,1,Below Average
6,1230,393306.1,1,Below Average
6,1230,330276.7,1,Below Average
6,1230,200942.8,1,Below Average
6,1230,219944.1,1,Below Average
6,1230,455761.2,1,Below Average
6,1230,639147.6,1,Below Average
6,1230,439888.2,1,Below Average
6,1230,782472.5,1,Average
6,1230,870220.9,1,Average
6,1230,758189.2,1,Average
6,1212,1425159.0,1,Good
6,1212,3245191.0,1,Very Good
6,1212,980155.0,1,Average
6,1212,788593.7,1,Average
6,1212,1401813.0,1,Excellent
6,1212,959928.4,1,Average
6,1212,1962817.0,1,Very Good
6,1212,799589.5,1,Average
6,1212,518767.3,1,Below Average
6,1212,1162087.0,1,Very Good
6,1212,1064299.0,1,Good
6,1230,673758.1,1,Average
6,1230,671962.9,1,Average
6,1230,707446.0,1,Average
6,1230,631827.9,1,Average
6,1230,547037.1,1,Average
6,1230,547955.1,1,Average
6,1230,544281.5,1,Average
6,1230,571013.1,1,Average
6,1230,652034.9,1,Average
6,1230,547955.1,1,Average
6,1230,566667.0,1,Average
6,1230,628036.7,1,Average
6,1230,572041.8,1,Average
6,1230,599135.9,1,Average
6,1230,645417.9,1,Average
6,1230,615184.0,1,Average
6,1230,490946.3,1,Average
6,1230,691891.7,1,Average
6,1230,761080.8,1,Average
6,1230,729250.7,1,Average
6,1230,729250.7,1,Average
6,1230,729250.7,1,Average
6,1230,798198.7,1,Average
6,1230,760669.7,1,Average
6,1230,912803.6,1,Average
6,1230,801224.6,1,Average
6,1230,800216.2,1,Average
6,1230,724904.8,1,Average
6,1230,725362.3,1,Average
6,1230,797694.2,1,Average
6,1230,909303.1,1,Average
6,1230,999775.0,1,Average
6,1230,959141.7,1,Average
6,1230,954768.2,1,Average
6,1230,913468.3,1,Average
6,1230,913468.3,1,Average
6,1230,959141.7,1,Average
6,1230,1079142.0,1,Average
6,1230,1234394.0,1,Average
6,1230,981405.3,1,Average
6,1230,1171317.0,1,Average
6,1230,1124039.0,1,Average
6,1230,1072946.0,1,Average
6,1230,1027754.0,1,Average
6,1230,647518.6,1,Average
6,1230,615184.0,1,Average
6,1230,761080.8,1,Average
6,1230,691891.7,1,Average
6,1230,1124039.0,1,Average
6,1230,465402.6,1,Average
6,1230,554050.7,1,Average
6,1212,1362510.0,1,Average
6,1230,423178.8,1,Average
6,1230,293110.9,1,Average
6,1230,292652.3,1,Average
6,1230,384106.1,1,Average
6,1230,403311.4,1,Average
6,1230,307284.9,1,Average
6,1230,444303.1,1,Good
6,1230,444303.1,1,Good
6,1230,583147.8,1,Good
6,1230,555378.9,1,Good
6,1230,444303.1,1,Good
6,1230,442739.4,1,Good
6,1230,860463.9,1,Average
6,1230,781116.9,1,Average
6,1230,778868.3,1,Average
6,1230,775729.9,1,Average
6,1230,781649.3,1,Average
6,1230,820731.8,1,Average
6,1230,819054.5,1,Average
6,1230,775848.4,1,Average
6,1230,819054.5,1,Average
6,1230,780051.9,1,Average
6,1230,780051.9,1,Average
6,1230,780051.9,1,Average
6,1230,860007.3,1,Average
6,1230,780051.9,1,Average
6,1230,287007.4,1,Average
6,1230,273340.4,1,Average
6,1230,286027.1,1,Average
6,1230,376697.3,1,Average
6,1230,273340.4,1,Average
6,1230,376697.3,1,Average
6,1230,260915.9,1,Average
6,1230,341675.5,1,Average
6,1230,301357.8,1,Average
6,1230,287007.4,1,Average
6,1230,287007.4,1,Average
6,1230,287007.4,1,Average
6,1230,341675.5,1,Average
6,1230,287007.4,1,Average
6,1230,481102.1,1,Average
6,1230,458192.5,1,Average
6,1230,481102.1,1,Average
6,1230,505157.2,1,Average
6,1230,458192.5,1,Average
6,1230,481102.1,1,Average
6,1230,510925.6,1,Average
6,1230,572211.8,1,Average
6,1230,481102.1,1,Average
6,1230,631446.5,1,Average
6,1230,567449.1,1,Average
6,1230,481102.1,1,Average
6,1230,505157.2,1,Average
6,1230,601377.6,1,Average
6,1230,631446.5,1,Average
6,1230,421082.9,1,Average
6,1230,401031.4,1,Average
6,1230,401031.4,1,Average
6,1230,421082.9,1,Average
6,1230,421082.9,1,Average
6,1230,421082.9,1,Average
6,1230,401031.4,1,Average
6,1230,498401.7,1,Average
6,1230,421082.9,1,Average
6,1230,1052876.0,1,Average
6,1230,1104285.0,1,Average
6,1230,1002739.0,1,Average
6,1230,663860.1,1,Average
6,1230,600887.7,1,Average
6,1230,632247.7,1,Average
6,1230,662478.7,1,Average
6,1230,1002739.0,1,Average
6,1230,1104285.0,1,Average
6,1230,1052876.0,1,Average
6,1230,630932.1,1,Average
6,1230,630932.1,1,Average
6,1230,630932.1,1,Average
6,1230,662478.7,1,Average
6,1230,1146520.0,1,Average
6,1230,1002739.0,1,Average
6,1230,1203287.0,1,Average
6,1230,1052876.0,1,Average
6,1230,619913.0,1,Average
6,1230,630932.1,1,Average
6,1230,600887.7,1,Average
6,1230,630932.1,1,Average
6,1230,1052876.0,1,Average
6,1230,1052876.0,1,Average
6,1230,570378.7,1,Average
6,1230,598897.6,1,Average
6,1230,465096.6,1,Average
6,1230,569053.6,1,Average
6,1230,315186.1,1,Average
6,1230,330945.4,1,Average
6,1230,430641.7,1,Average
6,1230,290182.6,1,Average
6,1230,290182.6,1,Average
6,1230,511387.1,1,Average
6,1230,290182.6,1,Average
6,1230,290182.6,1,Average
6,1230,417115.3,1,Average
6,1230,437971.1,1,Average
6,1230,599352.1,1,Average
6,1230,429974.1,1,Average
6,1230,327599.3,1,Average
6,1230,749411.1,1,Average
6,1230,456649.2,1,Average
6,1230,327599.3,1,Average
6,1230,327599.3,1,Average
6,1230,572277.6,1,Average
6,1230,543215.8,1,Average
6,1230,352284.4,1,Average
6,1230,551294.5,1,Average
6,1230,903063.5,1,Average
6,1230,553088.4,1,Average
6,1230,786881.7,1,Average
6,1230,628986.7,1,Average
6,1230,474075.8,1,Average
6,1230,379260.6,1,Average
6,1230,536141.6,1,Average
6,1230,349437.0,1,Average
6,1230,348069.2,1,Average
6,1230,447624.5,1,Average
6,1230,428940.6,1,Average
6,1230,424553.0,1,Average
6,1230,423674.4,1,Average
6,1230,424553.0,1,Average
6,1230,451307.9,1,Average
6,1230,808720.0,1,Average
6,1230,808896.3,1,Average
6,1230,810659.0,1,Average
6,1230,769257.9,1,Average
6,1230,860082.6,1,Average
6,1230,738030.6,1,Average
6,1230,774820.0,1,Average
6,1230,707053.3,1,Average
6,1230,706037.4,1,Average
6,1230,815473.2,1,Average
6,1230,174126.0,1,Average
6,1230,732313.8,1,Average
6,1230,319103.0,1,Average
6,1230,288909.6,1,Average
6,1230,311853.6,1,Average
6,1230,568962.1,1,Average
6,1230,435282.7,1,Average
6,1230,566143.9,1,Average
6,1215,534245.1,1,Below Average
8,1212,257065.0,1,Below Average
1,1212,343907.3,1,Average
8,1212,309163.6,1,Average
1,1212,637189.0,1,Average
8,1212,658664.0,1,Average
8,1212,1220054.0,1,Average
8,1212,253328.2,1,Average
1,1212,477342.1,1,Average
1,1212,565648.3,1,Average
8,1235,0.0,1,Average
8,1212,350425.4,1,Average
8,1212,60091.78,1,Below Average
1,1212,545179.7,1,Average
8,1212,496897.7,1,Average
8,1212,846926.0,1,Average
8,1212,252229.9,1,Average
8,1212,324515.0,1,Average
8,1212,243116.0,1,Average
8,1212,764148.6,1,Good
8,1277,689603.0,1,Excellent
8,1212,2132803.0,1,Average
1,1212,280693.9,1,Average
1,1212,193899.0,2,Below Average
8,1212,306330.6,1,Average
8,1212,64878.77,2,Average
1,1212,529724.4,1,Average
8,1212,726658.2,2,Very Good
8,1212,427410.0,1,Average
8,1212,545881.4,1,Average
8,1212,415118.7,1,Average
8,1212,1062248.0,1,Average
8,1212,463802.1,1,Average
1,1212,567626.2,1,Average
8,1212,1003350.0,1,Average
8,1212,94289.49,2,Average
8,1212,243791.7,1,Average
8,1212,569709.7,1,Average
8,1212,435233.3,1,Average
8,1212,463268.2,1,Average
8,1212,343065.1,1,Average
8,1212,75254.19,2,Average
8,1212,522352.5,1,Good
1,1212,488491.8,1,Average
8,1212,234937.8,1,Average
8,1212,1560331.0,1,Average
1,1212,301797.4,1,Average
1,1212,304999.6,1,Average
8,1212,97281.28,1,Average
8,1212,12895.16,2,Below Average
8,1212,455022.4,1,Average
8,1212,148070.0,2,Minimum
1,1212,427256.1,1,Average
8,1212,559091.8,1,Average
8,1212,137655.8,1,Below Average
8,1212,87867.28,1,Average
8,1212,237141.1,1,Average
1,1212,372234.0,1,Average
8,1212,349070.4,1,Average
1,1212,1076368.0,1,Excellent
1,1212,475647.2,1,Excellent
8,1212,586032.1,1,Average
8,1212,318396.3,1,Average
1,1212,400470.1,1,Average
8,1212,134810.3,1,Average
8,1212,35310.32,2,Average
8,1212,266946.0,1,Average
8,1277,225864.6,1,Average
8,1212,259147.4,1,Average
8,1212,296325.8,1,Average
8,1212,301752.0,1,Average
8,1212,348531.6,1,Average
8,1212,657886.7,1,Average
8,1212,145475.8,2,Below Average
1,1212,657711.4,1,Average
1,1212,565102.0,1,Average
1,1212,585328.6,1,Average
1,1212,562803.4,1,Average
8,1212,174344.0,1,Average
8,1212,516647.4,1,Average
8,1212,241331.5,1,Average
8,1212,514683.9,2,Average
8,1212,425516.0,1,Average
8,1212,127509.2,1,Average
8,1212,277392.5,1,Average
8,1212,444468.6,1,Average
8,1212,330228.4,1,Average
8,1212,159704.9,2,Average
8,1212,496831.9,1,Average
8,1212,116136.2,1,Average
1,1212,285368.3,1,Average
8,1212,365952.9,1,Average
8,1212,648944.4,1,Excellent
8,1212,239627.9,2,Average
8,1212,106428.4,1,Average
8,1212,110864.2,1,Average
8,1212,659947.3,1,Average
8,1212,382777.1,1,Average
8,1212,373523.9,1,Average
1,1212,538020.3,1,Average
8,1212,1153355.0,1,Average
8,1212,64711.9,1,Below Average
8,1212,159565.8,4,Average
8,1212,515224.8,1,Average
8,1212,95739.5,3,Average
8,1212,103884.0,2,Average
8,1212,540176.9,1,Average
8,1212,129049.0,1,Average
1,1212,621194.2,1,Average
8,1212,577392.1,1,Average
1,1212,373728.5,1,Below Average
8,1212,671224.3,1,Average
8,1212,229319.8,1,Average
8,1212,189206.6,2,Average
8,1212,600831.8,1,Average
8,1212,32065.81,1,Minimum
8,1212,1227509.0,1,Excellent
8,1212,1030436.0,1,Average
8,1212,74980.01,1,Average
1,1212,262749.5,1,Below Average
8,1212,99389.55,1,Below Average
8,1212,285632.3,1,Average
1,1212,455519.7,1,Average
8,1212,169645.6,1,Average
8,1212,1410507.0,1,Good
1,1212,241658.6,1,Below Average
8,1212,579966.0,1,Average
8,1212,411250.9,1,Average
8,1277,765692.3,1,Average
8,1212,92351.16,1,Below Average
8,1212,228682.5,1,Average
1,1212,480175.6,1,Excellent
1,1212,28550.89,1,Salvage
1,1212,419960.2,1,Average
8,1212,255986.3,1,Average
8,1212,601286.7,1,Average
8,1212,208800.5,1,Average
8,1212,204955.0,1,Average
8,1212,140510.9,1,Average
8,1212,330733.7,1,Average
8,1212,525859.8,1,Excellent
8,1212,217994.4,1,Average
1,1212,470685.1,1,Average
8,1212,346586.3,1,Average
8,1212,175519.6,1,Average
8,1212,154904.4,2,Average
8,1212,597363.2,1,Average
1,1212,592703.7,1,Average
8,1212,212967.3,1,Minimum
8,1212,68771.25,1,Average
8,1212,174863.6,1,Average
8,1212,601966.1,1,Average
8,1212,442781.7,1,Good
8,1212,347342.7,2,Good
8,1212,137162.0,1,Below Average
8,1212,55216.13,1,Minimum
8,1212,890358.5,1,Average
8,1212,314103.8,1,Average
8,1212,299768.8,1,Below Average
8,1212,397991.5,1,Average
8,1240,389543.3,1,Average
1,1212,695589.6,1,Average
8,1212,1129724.0,1,Average
8,1212,529458.6,1,Average
8,1212,680215.4,1,Average
8,1212,84710.87,1,Below Average
8,1277,446541.1,1,Good
8,1277,735493.0,3,Excellent
8,1212,407512.3,1,Average
8,1277,291480.5,1,Average
8,1212,168295.5,1,Average
8,1212,546985.3,1,Average
8,1212,1360444.0,1,Average
8,1212,372973.0,1,Average
8,1212,117269.8,1,Below Average
8,1212,63535.04,1,Minimum
8,1212,119317.6,4,Minimum
8,1212,85857.96,2,Minimum
8,1212,145292.7,5,Minimum
8,1212,181098.7,1,Below Average
1,1212,436578.1,1,Average
8,1212,156434.2,1,Average
8,1212,375806.9,1,Average
8,1212,296410.1,1,Average
8,1212,36866.4,1,Below Average
8,1212,485893.9,1,Average
1,1212,181506.7,1,Average
8,1212,229894.6,1,Below Average
1,1212,246682.8,1,Average
8,1212,148874.3,1,Below Average
8,1212,8216.96,1,Salvage
8,1212,212550.6,1,Average
6,1212,248994.1,1,Minimum
6,1212,4351.84,2,Salvage
8,1212,62194.87,4,Average
8,1212,37837.77,3,Average
8,1212,60050.22,2,Average
8,1212,68935.21,1,Average
8,1212,35380.8,1,Average
8,1212,280108.6,1,Good
1,1212,227109.9,2,Average
1,1212,458067.8,1,Average
8,1212,296028.3,1,Average
1,1277,522433.5,1,Average
8,1212,467440.2,1,Average
8,1212,209985.0,1,Average
8,1212,376413.9,1,Average
8,1212,746162.6,1,Average
8,1212,293602.4,2,Average
8,1277,424118.7,1,Average
8,1212,402982.8,1,Average
8,1212,135556.5,1,Below Average
8,1212,266520.7,1,Below Average
8,1277,847070.9,2,Average
8,1277,3248119.0,1,Average
8,1212,348168.0,1,Average
1,1212,407258.5,1,Average
8,1277,339432.9,1,Average
8,1212,254718.6,1,Below Average
1,1212,384035.3,1,Average
8,1212,176831.5,1,Below Average
8,1212,161056.5,1,Below Average
8,1212,169441.4,2,Average
1,1277,538684.8,1,Average
1,1277,189557.3,2,Average
8,1212,227420.0,1,Average
8,1212,353550.4,1,Good
1,1212,543005.4,1,Average
1,1212,426993.5,1,Average
8,1212,82797.2,2,Average
8,1212,365773.1,1,Average
8,1212,139923.2,1,Below Average
8,1212,1470425.0,2,Average
8,1277,260662.6,1,Below Average
8,1212,227100.0,1,Average
8,1212,140828.6,1,Average
8,1212,459735.5,1,Average
8,1212,490944.4,1,Average
8,1212,21053.06,2,Average
8,1212,42338.06,1,Average
8,1212,314801.4,1,Average
8,1212,74912.62,1,Below Average
8,1212,137763.4,1,Average
8,1212,56199.56,1,Below Average
8,1212,175625.9,1,Average
8,1212,685997.1,1,Good
8,1212,366795.2,1,Average
8,1212,424729.4,1,Average
8,1212,791679.7,1,Average
1,1212,408703.7,1,Average
8,1212,216413.8,1,Average
1,1212,476140.6,1,Average
8,1212,436158.3,1,Average
8,1212,683743.0,1,Average
8,1212,198341.4,1,Average
8,1212,776392.8,1,Average
8,1212,342579.9,1,Below Average
1,1212,473701.9,1,Average
8,1212,100983.0,2,Average
8,1212,626619.7,1,Average
8,1212,622739.1,1,Average
8,1212,1347273.0,1,Average
8,1212,138489.8,1,Below Average
8,1212,41076.43,2,Below Average
8,1212,92005.11,1,Average
8,1212,127747.4,1,Average
1,1212,460584.4,1,Average
1,1212,412087.2,1,Average
8,1212,235220.2,1,Average
1,1212,614098.8,1,Average
8,1212,267905.8,1,Average
8,1212,485188.0,1,Good
1,1212,358968.9,1,Average
8,1212,568323.1,1,Average
8,1212,318497.3,1,Average
8,1212,159854.3,1,Average
8,1212,1010765.0,1,Average
1,1212,410453.0,1,Average
1,1212,78234.65,2,Average
1,1212,482680.2,1,Average
1,1212,578311.6,1,Average
1,1212,883466.8,1,Average
1,1212,395449.4,1,Below Average
1,1212,619694.5,1,Average
1,1212,138712.8,2,Average
8,1212,257037.8,1,Average
8,1212,99792.12,1,Below Average
1,1212,632526.1,1,Average
8,1212,556582.6,1,Average
8,1212,324338.3,1,Average
1,1212,483078.3,1,Average
8,1212,568702.1,1,Average
8,1212,475250.0,1,Average
8,1212,586228.1,1,Average
8,1212,240213.0,1,Good
8,1212,204349.4,4,Good
8,1212,433733.2,1,Average
8,1212,204805.7,1,Below Average
8,1212,971199.4,1,Good
8,1212,150824.2,1,Average
8,1212,367867.5,1,Average
1,1212,525255.7,1,Average
8,1212,211409.5,1,Average
8,1212,584110.1,1,Average
8,1212,697299.3,2,Excellent
1,1212,620396.6,1,Average
8,1212,336103.0,1,Average
8,1212,570445.0,1,Average
8,1212,594877.8,1,Average
1,1212,240642.5,1,Average
1,1215,444052.5,1,Average
1,1277,1011100.0,1,Average
8,1212,110103.4,1,Average
8,1212,342174.8,1,Average
8,1212,493958.3,1,Average
8,1212,417168.2,1,Average
8,1212,964641.6,1,Average
8,1212,436104.2,1,Average
8,1212,901172.1,1,Average
8,1212,223284.3,1,Below Average
8,1212,178983.1,1,Below Average
8,1212,83136.49,1,Average
1,1212,411552.0,1,Average
8,1212,689250.9,1,Average
1,1212,407365.2,1,Average
8,1212,98151.29,1,Average
8,1212,193451.4,2,Excellent
8,1212,524564.7,1,Average
8,1212,703291.6,1,Average
8,1212,619049.7,1,Average
8,1212,116565.8,1,Average
8,1212,28443.54,1,Minimum
8,1212,180566.4,2,Very Good
8,1212,317841.8,1,Below Average
1,1212,483970.7,1,Average
8,1212,111793.5,1,Average
8,1212,780377.2,1,Good
8,1212,370817.7,1,Average
8,1212,61760.0,2,Below Average
8,1212,239794.8,1,Average
8,1212,392273.8,1,Average
8,1212,845304.1,1,Very Good
8,1212,314044.6,1,Average
8,1212,329164.9,1,Very Good
8,1212,154921.5,1,Below Average
8,1212,811492.3,1,Good
8,1212,273216.8,1,Average
8,1212,104082.0,2,Average
8,1212,156299.7,1,Average
8,1212,3302493.0,1,Good
8,1212,487433.7,1,Average
1,1212,504225.7,1,Average
8,1212,635977.1,1,Good
8,1212,611773.7,1,Average
8,1212,203547.6,1,Average
8,1212,186102.4,1,Below Average
8,1212,114278.3,2,Average
8,1212,422246.4,1,Average
8,1212,89887.67,1,Minimum
8,1212,222446.8,1,Good
8,1212,1289344.0,2,Average
8,1212,2024304.0,1,Very Good
8,1212,457574.4,2,Good
8,1212,150001.6,1,Average
1,1212,170536.5,1,Below Average
8,1212,73476.41,1,Below Average
8,1277,307066.4,1,Below Average
8,1215,214185.0,1,Average
6,1212,1985071.0,1,Average
6,1212,657193.0,2,Very Good
8,1212,633811.5,1,Average
8,1212,881129.5,1,Good
8,1212,676121.8,1,Average
1,1212,282266.6,1,Below Average
1,1212,489625.9,1,Average
8,1212,148013.6,1,Average
1,1212,688358.6,1,Average
1,1212,579919.8,1,Average
1,1212,435056.6,1,Average
8,1212,191795.8,1,Average
8,1212,313186.1,1,Average
8,1212,1787924.0,1,Average
1,1212,341110.0,1,Average
8,1212,16275.15,1,Salvage
8,1212,223715.8,1,Average
1,1212,410742.6,1,Average
8,1212,835173.8,1,Very Good
8,1212,318751.5,1,Average
8,1212,237853.0,1,Below Average
8,1212,594540.3,1,Average
8,1212,764781.0,1,Average
8,1212,249674.0,1,Below Average
1,1212,353399.2,1,Average
8,1212,1258724.0,1,Average
8,1212,2872.72,1,Salvage
8,1212,225047.8,2,Below Average
8,1212,520948.5,1,Average
8,1212,768401.8,1,Average
1,1212,500543.7,1,Average
8,1212,907436.1,1,Average
8,1212,22976.36,1,Below Average
8,1212,528982.7,2,Average
8,1235,92568.0,1,Average
8,1212,424606.1,1,Average
8,1212,14875.51,1,Salvage
8,1212,157662.2,1,Below Average
8,1212,277439.3,1,Average
8,1212,395772.0,1,Average
8,1212,169635.4,1,Below Average
8,1212,71441.12,3,Below Average
8,1212,66845.49,1,Below Average
8,1212,47142.02,5,Below Average
8,1212,24440.38,4,Below Average
8,1212,90241.42,2,Below Average
8,1212,236067.5,1,Average
8,1212,674443.3,1,Average
8,1212,211484.6,1,Average
8,1212,1116591.0,1,Average
8,1212,180239.6,2,Average
8,1212,93347.32,1,Average
8,1212,452484.4,1,Average
8,1212,359257.5,1,Average
8,1212,122536.1,1,Average
8,1212,572706.3,1,Average
8,1212,1916475.0,1,Good
8,1212,453211.6,1,Average
8,1212,752378.1,1,Average
8,1212,1670805.0,1,Good
8,1212,516337.8,1,Average
8,1212,924086.3,1,Average
8,1212,240665.8,1,Average
8,1212,220454.1,1,Below Average
8,1212,31304.5,1,Average
8,1212,501372.8,2,Average
8,1212,175877.8,1,Average
8,1212,54264.95,1,Average
8,1212,636105.2,2,Good
1,1212,131351.2,1,Average
1,1212,28035.29,2,Minimum
8,1212,535762.0,1,Average
8,1277,408789.5,2,Good
8,1277,1537152.0,1,Good
8,1212,220885.3,1,Good
8,1212,266918.2,1,Average
8,1212,93408.39,2,Below Average
8,1212,568379.7,1,Average
8,1212,316543.0,2,Average
8,1212,660225.1,1,Average
1,1212,450817.5,1,Average
8,1212,231354.3,1,Average
8,1212,1149399.0,1,Average
8,1212,249043.5,1,Average
1,1212,1180836.0,1,Excellent
1,1212,27867.43,2,Excellent
1,1212,576975.2,1,Average
1,1212,273561.7,1,Average
1,1212,436848.6,1,Average
8,1212,1616868.0,1,Average
8,1212,329807.6,1,Good
8,1277,1420201.0,1,Very Good
8,1212,85729.84,1,Below Average
8,1212,665149.9,1,Average
8,1212,423226.8,1,Average
8,1212,3045506.0,1,Good
8,1212,102509.5,2,Average
8,1212,313679.0,1,Average
8,1212,522489.0,1,Average
8,1212,341546.6,1,Average
8,1212,85182.67,1,Below Average
8,1212,42230.29,2,Average
1,1277,138180.8,2,Average
1,1277,509325.5,1,Average
8,1212,473080.3,1,Average
1,1212,380463.3,1,Average
8,1212,782607.3,1,Average
8,1212,63857.53,1,Minimum
8,1212,750850.3,1,Average
8,1212,315246.4,1,Below Average
8,1212,618468.3,1,Average
8,1212,248885.0,1,Average
8,1212,360278.2,1,Average
8,1212,970649.7,1,Good
8,1212,941866.8,1,Average
1,1212,362489.7,1,Average
8,1212,1047564.0,1,Average
8,1212,361125.6,1,Average
1,1212,592377.3,1,Average
8,1212,915110.7,1,Average
1,1212,150892.6,2,Below Average
1,1212,285319.1,1,Average
8,1277,329293.9,1,Average
8,1212,739498.3,1,Average
1,1212,418355.3,1,Average
8,1212,260168.2,1,Good
1,1212,438741.6,1,Average
8,1212,622541.6,1,Average
8,1212,377189.6,1,Average
8,1212,165191.5,1,Average
8,1212,681708.5,1,Average
1,1212,305760.0,1,Average
8,1212,797619.7,1,Average
8,1212,373004.6,1,Average
1,1212,550837.7,1,Good
8,1212,333552.5,1,Average
8,1212,16426.8,1,Below Average
8,1212,474887.3,2,Very Good
8,1212,257885.3,1,Below Average
8,1212,1126016.0,1,Good
8,1212,167823.6,1,Below Average
1,1212,536647.3,1,Very Good
8,1212,264482.7,1,Average
8,1212,1479043.0,1,Good
8,1212,146308.3,1,Average
8,1212,220027.4,1,Below Average
8,1212,24605.05,2,Below Average
8,1212,34158.22,1,Average
8,1212,310271.4,1,Average
6,1277,1291316.0,1,Average
8,1212,486212.5,1,Average
8,1212,379665.5,1,Average
8,1212,636320.3,1,Good
8,1212,167064.6,1,Average
1,1212,544201.0,1,Average
1,1212,533128.1,1,Average
8,1212,1289870.0,1,Good
8,1212,1607725.0,1,Average
8,1212,522734.7,1,Average
1,1212,457706.4,1,Average
8,1277,308831.4,1,Average
1,1212,986712.4,1,Good
8,1212,235328.8,1,Average
8,1212,381950.1,1,Average
8,1212,222827.9,1,Below Average
8,1212,239438.1,1,Average
8,1212,613918.6,1,Average
8,1212,431967.3,1,Average
8,1212,537298.1,1,Excellent
1,1212,482389.1,1,Average
8,1212,167352.6,1,Average
8,1212,681966.1,1,Average
8,1212,122630.6,2,Average
1,1212,470827.8,1,Average
1,1212,479199.2,1,Average
8,1212,197100.3,1,Average
8,1212,148306.0,1,Average
8,1212,903076.4,1,Average
8,1212,353051.3,1,Average
8,1212,974870.6,1,Average
8,1212,75850.37,1,Average
8,1212,426415.2,1,Average
8,1212,243561.4,1,Average
8,1212,66144.54,1,Average
8,1212,310634.2,1,Average
8,1212,315023.6,2,Average
1,1212,477483.7,1,Average
1,1212,469720.7,1,Average
6,1212,225055.4,1,Minimum
6,1212,390285.6,2,Average
8,1212,64716.11,1,Minimum
8,1212,356317.9,1,Average
8,1212,152939.0,1,Below Average
8,1212,460126.3,1,Average
1,1212,406102.9,1,Average
1,1212,398210.8,1,Average
8,1212,579622.2,1,Average
8,1212,705471.5,2,Average
8,1212,149604.4,1,Average
8,1212,1288360.0,1,Good
8,1212,279701.6,1,Below Average
8,1212,954363.1,1,Average
8,1212,659381.9,1,Average
8,1212,253372.9,1,Average
8,1212,89424.83,1,Below Average
8,1212,32400.93,2,Average
1,1212,102211.2,1,Below Average
8,1212,303835.1,1,Average
8,1212,850192.5,1,Average
8,1212,265699.7,1,Average
1,1212,379543.9,1,Average
8,1212,682257.8,1,Average
8,1212,156428.8,1,Average
1,1212,361326.1,1,Average
8,1212,834434.4,1,Average
8,1212,352798.2,1,Average
1,1212,403501.6,1,Average
8,1212,731345.4,1,Average
8,1212,818538.8,1,Average
8,1212,308424.3,1,Average
8,1212,974102.6,1,Average
8,1212,1048527.0,1,Average
8,1212,382755.9,2,Average
8,1212,116607.3,1,Average
8,1212,415768.7,1,Average
8,1212,23475.46,1,Salvage
8,1212,334930.0,1,Average
8,1212,189266.5,1,Below Average
8,1212,442637.6,1,Average
1,1212,571894.9,1,Average
8,1212,219800.4,1,Average
1,1212,1011569.0,1,Average
8,1212,605741.7,1,Average
8,1212,347979.9,2,Average
8,1212,638645.4,1,Average
8,1212,822434.5,1,Average
8,1212,147024.0,1,Average
8,1212,364338.5,1,Average
8,1212,533281.1,1,Good
8,1212,1336397.0,1,Average
8,1212,613046.0,1,Good
1,1212,500042.8,1,Average
8,1212,850295.6,1,Average
1,1212,347153.1,1,Average
8,1212,170517.2,2,Average
8,1212,210913.7,1,Average
1,1212,739099.2,1,Average
8,1212,623957.8,1,Good
8,1212,491078.3,1,Average
8,1212,227960.5,1,Average
8,1212,430513.1,1,Average
8,1212,146633.4,1,Below Average
8,1212,168978.4,1,Average
8,1212,318972.1,1,Average
8,1212,297364.7,1,Good
8,1212,159369.2,1,Below Average
1,1212,561247.2,1,Average
8,1212,265308.1,1,Average
8,1212,198427.1,1,Average
8,1212,139580.9,1,Below Average
8,1212,964536.9,1,Average
8,1212,805765.5,1,Average
8,1212,608999.7,1,Average
8,1212,356392.3,2,Average
8,1212,31321.81,1,Average
1,1212,312571.9,1,Average
8,1212,333378.0,1,Average
8,1212,36572.23,2,Below Average
8,1212,408142.9,3,Average
8,1212,474328.7,1,Average
8,1212,174886.8,1,Average
8,1212,103199.7,2,Below Average
8,1212,156721.6,1,Average
8,1212,146579.4,2,Average
8,1212,205645.7,1,Average
8,1212,216437.7,1,Below Average
8,1212,32734.71,1,Salvage
8,1212,84587.2,1,Average
8,1212,525963.0,1,Average
8,1212,436059.8,1,Average
8,1212,675559.5,1,Average
8,1212,729882.9,1,Average
8,1212,255620.7,1,Average
8,1212,269451.0,1,Average
8,1212,191879.8,2,Average
8,1277,842852.1,1,Excellent
1,1212,468761.2,1,Average
1,1212,500276.0,1,Average
8,1212,297753.7,1,Below Average
8,1212,338906.6,1,Average
8,1212,328066.1,1,Average
8,1212,76192.44,1,Average
8,1212,9894.08,3,Salvage
8,1212,972089.1,2,Average
8,1212,231097.5,1,Below Average
8,1212,117069.0,1,Average
8,1212,514839.1,1,Average
8,1212,1531566.0,1,Average
8,1212,2453609.0,1,Excellent
8,1212,371013.4,1,Average
8,1213,22182.31,1,Minimum
8,1212,391197.6,1,Average
8,1212,110241.7,1,Below Average
1,1212,382462.6,1,Average
1,1212,2128478.0,1,Good
1,1212,265264.4,1,Average
8,1212,56897.21,1,Below Average
8,1212,42285.38,1,Below Average
8,1212,25789.54,3,Below Average
8,1212,28830.94,2,Below Average
8,1212,453564.1,1,Average
8,1212,1914351.0,1,Average
1,1212,300386.8,1,Average
8,1212,630080.4,1,Good
1,1212,556008.9,1,Average
1,1212,744699.6,1,Very Good
8,1212,223664.9,1,Excellent
8,1212,223157.3,1,Average
8,1212,379690.3,1,Average
8,1212,51062.65,1,Minimum
8,1212,170544.1,1,Average
8,1212,246472.5,1,Average
8,1212,418761.8,1,Average
8,1212,1252852.0,2,Very Good
8,1212,201468.0,1,Average
8,1212,362227.3,1,Below Average
8,1212,734575.0,1,Good
8,1212,198410.0,1,Average
8,1212,102203.1,1,Average
8,1212,33656.54,1,Minimum
8,1212,20007.81,5,Minimum
8,1212,111516.8,4,Below Average
8,1212,85685.12,2,Below Average
8,1212,324082.7,1,Average
1,1212,742478.5,1,Average
8,1277,519567.0,3,Average
8,1277,1507148.0,4,Average
8,1277,1362833.0,2,Average
8,1212,334421.1,1,Average
8,1212,264026.9,1,Average
8,1212,715519.2,1,Average
1,1212,478624.3,1,Average
8,1212,110602.0,1,Average
8,1212,627521.3,1,Good
8,1212,200853.4,1,Below Average
1,1212,375010.0,1,Average
1,1212,580730.3,1,Average
8,1212,187042.4,1,Excellent
8,1212,282245.3,1,Average
8,1212,51130.05,2,Below Average
8,1212,141372.6,1,Average
8,1212,351396.3,1,Average
8,1212,363741.3,1,Average
8,1212,67384.01,1,Average
8,1212,314499.2,2,Average
8,1212,380663.2,1,Average
8,1212,244963.2,2,Average
8,1212,546866.0,1,Average
8,1277,240406.2,1,Average
8,1277,157607.7,3,Average
8,1277,36653.19,2,Average
1,1212,539852.5,1,Average
1,1212,436404.1,1,Average
8,1212,173518.3,1,Average
8,1212,58348.08,1,Minimum
8,1212,179974.5,1,Average
8,1212,748230.6,1,Average
8,1212,34066.17,1,Average
1,1212,276507.0,1,Average
8,1212,45415.71,1,Below Average
8,1212,65644.89,2,Below Average
8,1212,193862.0,1,Average
8,1212,906244.2,1,Average
8,1212,62095.1,1,Below Average
8,1212,406107.9,1,Very Good
1,1212,1177294.0,1,Average
8,1212,255372.3,1,Average
8,1212,618548.7,1,Average
8,1212,733190.4,1,Average
8,1212,959607.4,1,Average
1,1212,520863.5,1,Average
1,1212,700261.8,1,Very Good
8,1212,629047.8,1,Average
8,1212,367894.6,2,Average
8,1212,234978.9,1,Average
8,1212,300828.1,1,Average
8,1212,414158.0,1,Average
8,1212,926803.5,1,Very Good
8,1212,729809.1,2,Good
8,1212,907321.3,1,Good
8,1212,1977392.0,1,Good
8,1212,344522.1,1,Average
8,1212,252213.8,1,Average
1,1212,570647.3,1,Average
1,1212,653939.5,1,Average
1,1212,991643.4,1,Good
8,1212,602692.0,1,Average
8,1212,250493.0,1,Average
8,1212,352049.2,1,Average
8,1212,300318.9,1,Average
8,1212,2105539.0,1,Excellent
1,1212,625826.8,1,Average
8,1212,498868.0,1,Good
8,1212,672963.6,1,Average
8,1212,545347.2,1,Average
8,1212,112711.4,2,Average
8,1212,337910.7,1,Average
8,1212,266897.4,2,Good
8,1212,1192420.0,1,Average
8,1212,87264.76,1,Average
8,1212,1553598.0,1,Very Good
8,1212,170594.0,1,Average
1,1212,605575.8,1,Average
8,1212,393673.7,1,Average
8,1212,293329.1,1,Average
8,1212,518766.2,1,Average
8,1212,741057.4,1,Average
8,1212,553836.3,1,Below Average
8,1212,262366.3,1,Average
6,1277,1088213.0,2,Good
6,1277,596342.2,1,Very Good
6,1277,369059.7,3,Average
8,1212,547938.9,1,Average
8,1212,301952.1,1,Average
1,1215,705711.2,2,Average
1,1212,37813.23,1,Minimum
8,1212,166441.8,1,Average
8,1212,181665.1,1,Average
8,1212,219142.7,1,Average
8,1212,493259.0,1,Average
1,1212,804948.2,1,Good
8,1212,410321.7,1,Average
8,1212,1024032.0,1,Average
8,1212,213270.6,2,Average
8,1212,176606.6,3,Below Average
8,1212,308876.3,1,Average
8,1212,267921.3,1,Average
8,1212,77595.1,1,Average
8,1212,66510.08,3,Average
8,1212,77595.1,2,Average
8,1212,211489.9,1,Below Average
1,1212,403421.0,1,Average
1,1212,510818.3,1,Average
8,1212,66843.0,1,Below Average
8,1212,245168.0,1,Average
8,1212,160916.6,1,Average
8,1212,246745.0,1,Average
8,1212,153461.5,1,Below Average
8,1212,317430.1,1,Average
1,1212,562232.2,1,Average
1,1212,367541.5,1,Average
8,1212,424912.1,1,Average
8,1212,1142756.0,1,Average
8,1212,153313.5,2,Average
8,1212,489346.4,1,Average
8,1212,421539.8,1,Average
8,1212,907883.9,1,Average
8,1212,19366.33,1,Salvage
8,1212,146461.1,1,Average
8,1212,444257.7,1,Very Good
8,1212,180274.6,1,Average
1,1212,427759.2,1,Average
8,1212,210418.2,1,Average
8,1212,537034.7,1,Average
8,1212,36533.5,2,Good
8,1212,458093.1,1,Very Good
8,1212,130453.0,1,Below Average
1,1212,505002.8,1,Average
1,1212,900326.4,1,Average
1,1212,368503.4,1,Average
8,1212,1581440.0,1,Average
8,1212,949693.6,1,Average
1,1212,505786.2,1,Average
8,1212,155873.3,1,Average
8,1212,870001.6,1,Average
8,1212,1990949.0,1,Average
8,1212,541003.5,1,Average
8,1212,198355.1,1,Average
8,1212,345836.6,1,Average
8,1212,386731.2,1,Average
8,1212,337908.0,1,Average
1,1212,396693.3,1,Average
1,1277,188593.5,2,Average
1,1277,530609.8,1,Average
1,1212,459456.3,1,Average
1,1212,456831.7,1,Average
1,1212,465319.3,1,Average
8,1212,286642.1,1,Average
8,1212,147577.8,1,Average
8,1212,501423.5,1,Average
8,1212,732316.2,2,Excellent
8,1212,1935222.0,1,Good
1,1212,189670.4,2,Below Average
1,1212,244980.8,1,Below Average
8,1212,1126169.0,1,Average
8,1212,3821712.0,1,Very Good
8,1212,91053.16,1,Below Average
8,1212,163378.6,2,Average
8,1212,190336.5,1,Below Average
8,1212,1138177.0,1,Average
8,1212,984576.0,1,Average
8,1212,286220.3,1,Average
8,1212,222815.1,1,Average
8,1212,20748.25,3,Average
8,1212,107307.6,2,Average
8,1212,211198.5,1,Average
8,1212,186418.3,1,Average
8,1212,144717.3,1,Average
8,1215,1010853.0,1,Average
8,1212,815165.3,1,Average
8,1212,78804.88,1,Below Average
1,1212,284212.5,1,Average
8,1212,525423.6,1,Very Good
8,1212,38921.77,2,Minimum
8,1212,35459.97,3,Minimum
8,1212,22282.66,1,Minimum
1,1215,353536.6,1,Average
1,1212,344426.7,1,Average
8,1212,447704.2,1,Average
8,1212,211681.5,1,Average
8,1212,305392.3,2,Average
8,1212,1246795.0,1,Average
8,1212,33743.39,1,Below Average
1,1215,745010.4,1,Average
8,1212,200356.0,1,Average
8,1212,374975.4,2,Average
8,1212,635039.3,1,Average
8,1212,1516996.0,1,Good
8,1212,277244.0,1,Average
8,1212,390110.8,1,Average
1,1212,344254.9,1,Average
8,1212,277066.6,1,Average
8,1212,575501.1,1,Excellent
8,1212,1195879.0,1,Average
8,1212,429012.0,1,Average
8,1212,176108.1,2,Average
8,1215,807646.6,1,Average
8,1212,231492.4,1,Average
1,1212,463538.4,1,Average
8,1212,952890.3,1,Average
8,1212,445976.6,1,Average
8,1212,191904.0,1,Average
8,1212,922941.7,1,Average
8,1212,870440.5,1,Average
1,1212,518989.6,1,Average
8,1212,79606.8,1,Minimum
8,1212,337816.5,1,Average
8,1212,334175.2,1,Average
8,1212,626188.6,1,Average
8,1235,0.7,1,Average
8,1212,352905.0,1,Average
8,1212,111858.3,1,Average
8,1212,1713161.0,1,Average
8,1212,821815.2,1,Average
8,1212,493289.4,1,Average
8,1277,660745.7,1,Good
8,1212,1945360.0,1,Good
8,1212,265992.4,1,Average
8,1212,103011.8,1,Below Average
8,1212,366054.2,1,Average
8,1212,335043.7,1,Average
1,1212,666680.4,1,Average
8,1212,762386.4,1,Average
8,1212,95525.67,1,Minimum
8,1212,177656.1,1,Average
1,1212,342263.8,1,Average
1,1212,647664.3,1,Average
1,1212,358414.9,1,Average
8,1212,124678.2,1,Below Average
8,1212,394697.3,1,Average
1,1212,415350.8,1,Average
8,1212,207003.9,1,Average
8,1212,1019535.0,1,Average
8,1212,176911.5,1,Average
8,1277,389809.8,1,Average
8,1277,111090.6,2,Below Average
8,1212,388814.5,1,Excellent
1,1212,379337.9,1,Average
8,1212,292101.5,1,Average
8,1212,114859.4,2,Average
8,1212,632432.1,1,Average
8,1212,924433.0,1,Average
8,1212,614784.8,1,Average
1,1212,352254.1,1,Average
1,1212,674909.9,1,Good
8,1212,665463.7,1,Average
8,1212,68524.39,1,Minimum
8,1212,4105357.0,1,Very Good
8,1212,441953.9,1,Average
8,1212,447685.4,1,Average
1,1212,618793.0,1,Average
1,1212,505941.0,1,Average
1,1212,769423.0,1,Average
1,1212,495307.2,1,Good
1,1212,499223.8,1,Good
8,1212,1150158.0,1,Average
1,1212,512771.7,1,Average
8,1212,43012.59,1,Average
1,1212,495157.2,1,Average
1,1212,615626.5,1,Average
1,1212,351861.8,1,Average
8,1212,400679.5,1,Average
8,1212,358861.9,1,Average
8,1212,2322992.0,1,Excellent
8,1212,252825.2,1,Average
1,1212,430265.1,1,Average
8,1212,475338.8,1,Average
8,1212,742479.0,1,Average
8,1212,396913.8,1,Average
8,1212,50948.64,1,Below Average
8,1212,294953.3,1,Average
8,1212,259124.3,1,Average
1,1212,386528.4,1,Average
1,1277,1244708.0,1,Average
8,1212,816512.2,1,Average
8,1212,466231.5,2,Average
8,1212,973845.8,1,Average
8,1212,1110869.0,1,Average
8,1212,1025187.0,1,Average
8,1212,102437.2,1,Below Average
1,1212,383431.9,1,Average
1,1212,241173.9,2,Average
1,1212,382292.5,1,Average
8,1212,103744.4,1,Below Average
8,1212,804673.2,14,Good
8,1212,371073.4,2,Average
8,1212,1298862.0,1,Average
8,1212,423401.7,1,Average
8,1212,436516.0,1,Average
8,1212,50670.0,1,Very Good
8,1212,341775.8,1,Average
8,1212,50511.81,1,Minimum
8,1212,42065.97,1,Minimum
8,1212,88175.07,1,Below Average
8,1212,44506.05,1,Below Average
8,1212,799748.6,1,Good
8,1212,406698.6,1,Average
1,1212,167795.1,2,Average
1,1212,520256.2,1,Average
8,1212,275855.3,1,Average
8,1212,701957.9,1,Good
1,1212,422632.9,1,Average
8,1212,489052.4,1,Average
1,1212,1126355.0,1,Average
1,1212,22268.78,11,Below Average
1,1212,15641.13,8,Below Average
1,1212,59656.85,2,Minimum
1,1212,104918.8,19,Below Average
1,1212,22268.78,13,Below Average
1,1212,22863.66,15,Below Average
1,1212,15906.27,9,Below Average
1,1212,34546.84,3,Below Average
1,1212,31989.28,10,Below Average
1,1212,318514.6,1,Average
1,1212,16534.93,12,Below Average
1,1212,34546.84,18,Below Average
1,1212,26741.13,14,Below Average
1,1212,14138.91,5,Below Average
1,1212,34546.84,16,Below Average
1,1212,34546.84,17,Below Average
1,1212,15552.8,7,Below Average
1,1212,14138.91,6,Below Average
1,1212,293399.3,1,Average
8,1212,457130.2,1,Average
1,1212,508326.2,1,Average
1,1212,411255.8,2,Average
1,1212,361768.3,1,Average
8,1212,600423.6,1,Average
8,1212,386748.5,1,Average
1,1212,644718.0,1,Average
8,1212,64399.16,1,Average
1,1212,596968.0,1,Average
8,1212,367400.3,1,Average
8,1212,14524.0,1,Salvage
8,1212,9190.33,2,Salvage
8,1212,1352213.0,1,Average
8,1212,674033.0,1,Very Good
8,1212,1356121.0,1,Average
8,1212,246024.4,1,Below Average
8,1212,286681.5,1,Average
8,1212,140828.6,1,Average
8,1212,85405.61,2,Average
8,1212,183918.4,1,Average
8,1212,1804504.0,1,Average
8,1212,282453.4,1,Very Good
8,1212,75463.51,1,Average
8,1212,158515.9,2,Average
8,1212,288572.9,1,Average
8,1212,117710.6,1,Below Average
8,1212,73123.53,1,Average
8,1212,157468.6,1,Average
8,1212,734777.9,1,Average
8,1212,205558.1,2,Average
8,1212,253571.2,1,Average
1,1212,381570.4,1,Average
1,1212,450687.8,1,Average
1,1212,483937.9,1,Average
1,1212,502855.3,1,Average
1,1212,631776.9,1,Average
8,1212,52177.12,2,Average
8,1212,134850.6,1,Average
1,1212,120677.9,1,Below Average
8,1212,359962.8,1,Average
1,1212,510516.8,1,Below Average
1,1212,470748.4,1,Average
1,1212,485732.9,1,Average
1,1212,285018.2,2,Average
1,1212,388786.1,1,Average
1,1212,495507.1,1,Average
1,1212,657516.2,1,Average
1,1212,599985.2,1,Average
1,1212,417600.3,1,Average
1,1212,426811.5,1,Below Average
8,1212,334375.5,2,Average
8,1212,1095494.0,1,Average
1,1212,495273.5,1,Average
1,1212,338896.0,1,Below Average
1,1212,929314.5,1,Average
8,1212,831528.4,1,Average
8,1235,44000.0,1,Average
8,1212,43096.2,2,Average
8,1212,681905.1,1,Average
1,1212,525446.3,1,Average
1,1212,704851.8,1,Average
1,1212,541140.7,1,Average
1,1212,420624.5,1,Average
8,1212,434709.5,1,Average
8,1212,106675.4,1,Average
1,1212,445748.7,1,Average
1,1212,485104.7,1,Average
1,1212,426327.2,1,Average
1,1212,733916.9,1,Average
1,1212,602288.2,1,Average
8,1212,33858.73,2,Average
8,1212,1588242.0,1,Average
8,1212,1027841.0,1,Average
8,1212,1543317.0,1,Average
1,1212,326389.6,1,Average
8,1230,347920.0,1,Average
8,1230,301920.0,1,Average
8,1230,310200.0,1,Average
8,1230,294330.0,1,Average
8,1230,289040.0,1,Average
8,1230,234300.0,1,Average
8,1230,338260.0,1,Average
8,1230,289840.0,1,Average
8,1230,352180.0,1,Average
8,1230,383820.0,1,Average
8,1230,496870.0,1,Average
8,1230,455480.0,1,Average
8,1230,404200.0,1,Average
8,1230,368240.0,1,Average
8,1230,407490.0,1,Average
8,1230,374600.0,1,Average
8,1230,371840.0,1,Average
8,1230,398500.0,1,Average
8,1230,543280.0,1,Average
8,1212,540176.9,1,Average
8,1212,364308.2,1,Average
8,1212,602850.0,1,Average
8,1212,477659.5,1,Average
8,1212,142374.4,1,Average
8,1212,409494.7,1,Average
8,1212,114598.4,2,Average
8,1212,114598.4,1,Average
8,1212,296740.4,1,Average
8,1212,336319.4,1,Average
8,1212,287778.2,1,Average
8,1212,468911.8,1,Very Good
8,1212,397724.4,1,Good
8,1212,291691.8,1,Average
8,1212,983268.3,1,Excellent
8,1212,536980.5,1,Average
8,1212,954176.3,1,Average
8,1212,4398639.0,1,Very Good
8,1212,44089.07,2,Minimum
8,1212,35538.47,1,Minimum
1,1212,457085.4,1,Average
8,1212,2318084.0,1,Good
8,1212,1274019.0,1,Average
8,1212,1716205.0,1,Good
8,1212,81780.38,2,Average
8,1212,442304.8,1,Average
1,1212,554735.3,1,Average
8,1212,95174.71,2,Average
8,1212,517704.7,1,Average
8,1212,658541.3,1,Average
1,1212,490116.8,1,Good
1,1212,509075.0,1,Average
8,1212,212822.4,1,Average
8,1212,322071.6,1,Average
8,1212,566951.6,1,Good
8,1212,286367.1,1,Very Good
8,1212,480554.3,1,Average
8,1212,260630.9,1,Average
8,1212,58608.44,2,Average
8,1212,395805.7,1,Average
8,1212,323701.1,2,Average
8,1212,19011.66,1,Salvage
8,1212,492784.7,1,Average
8,1212,31495.21,2,Below Average
8,1212,192676.4,1,Average
8,1212,1057491.0,1,Average
8,1277,498203.6,1,Average
8,1212,741594.2,1,Below Average
8,1212,335834.9,1,Average
1,1212,564266.5,1,Average
8,1212,472284.6,1,Average
8,1212,79422.73,1,Minimum
8,1212,615832.1,1,Average
8,1212,407786.6,1,Average
8,1212,254276.5,1,Average
8,1212,169487.2,1,Average
8,1212,238500.8,1,Average
8,1212,137835.3,1,Average
1,1212,600745.6,1,Average
1,1212,417978.8,1,Average
8,1212,236499.1,1,Average
8,1212,202425.8,1,Average
8,1212,70976.97,2,Average
8,1212,289187.4,1,Average
8,1277,171283.5,1,Below Average
8,1212,187574.1,1,Average
8,1212,192222.3,1,Average
8,1212,55100.21,1,Average
8,1212,638547.4,1,Average
8,1277,216388.2,2,Average
8,1277,53947.01,1,Below Average
8,1212,427935.7,1,Below Average
8,1212,294983.0,1,Average
8,1212,200229.9,2,Average
8,1212,208105.3,1,Average
8,1212,400000.5,1,Average
8,1212,99070.74,1,Below Average
8,1212,182015.2,1,Average
8,1212,697676.1,1,Average
8,1277,436957.7,1,Average
8,1212,654421.7,1,Average
8,1212,64303.49,1,Average
8,1212,1133888.0,1,Very Good
8,1277,37244.24,1,Average
8,1212,401270.3,1,Very Good
8,1277,42234.3,1,Average
8,1212,322526.4,1,Average
8,1212,575658.7,1,Average
8,1212,153307.5,1,Average
8,1212,448369.3,1,Average
8,1212,198402.1,1,Average
8,1212,266614.2,1,Average
8,1212,130711.3,1,Below Average
8,1212,376988.5,1,Average
8,1212,186981.4,1,Average
8,1212,203122.1,1,Average
8,1212,151423.2,1,Average
8,1212,303555.9,1,Average
8,1212,258398.2,1,Average
8,1212,162329.2,1,Average
8,1212,195156.2,1,Average
8,1212,89984.87,1,Minimum
8,1212,132172.5,1,Average
8,1212,96032.6,1,Below Average
8,1212,196474.9,1,Average
8,1212,481784.0,1,Average
8,1212,253756.2,1,Average
8,1212,201519.4,1,Average
8,1212,186477.3,1,Average
8,1212,179235.9,1,Average
8,1212,204396.9,1,Average
8,1212,101733.5,1,Below Average
8,1212,190529.7,1,Average
8,1212,227920.4,1,Average
8,1212,270682.2,1,Average
8,1212,206002.1,1,Average
8,1212,31968.17,1,Minimum
8,1212,80443.65,1,Below Average
8,1212,75418.42,1,Minimum
8,1212,248371.7,1,Average
8,1212,6129.55,1,Salvage
8,1212,186416.2,1,Below Average
8,1212,79867.35,1,Average
8,1212,78294.84,1,Average
8,1212,191988.1,1,Average
8,1212,150898.8,1,Below Average
8,1212,167214.4,1,Average
8,1212,143480.9,1,Average
8,1212,136707.2,1,Below Average
8,1212,149132.3,1,Below Average
8,1212,77839.91,1,Below Average
8,1212,233215.5,1,Below Average
8,1212,207798.6,1,Average
8,1212,161715.3,1,Below Average
8,1212,20850.42,1,Salvage
8,1212,111861.9,1,Below Average
8,1212,43171.69,2,Below Average
8,1212,69720.18,3,Below Average
1,1277,879149.5,1,Excellent
1,1212,429800.8,1,Average
1,1212,559350.8,1,Average
1,1212,503470.8,1,Average
1,1277,658989.3,1,Average
1,1212,444601.8,1,Average
1,1277,441834.2,1,Average
1,1278,96787.77,1,Average
1,1212,507515.7,1,Average
1,1277,599408.8,1,Average
1,1212,432297.7,1,Average
1,1277,483533.6,4,Very Good
1,1277,208532.1,2,Average
1,1277,474694.4,1,Average
1,1212,245019.6,1,Average
1,1212,354420.0,1,Average
1,1212,577253.6,1,Average
1,1212,478288.3,1,Average
1,1212,325325.9,1,Average
1,1212,1157149.0,1,Average
1,1212,585308.3,1,Average
1,1212,521179.4,1,Average
1,1212,600442.8,1,Average
1,1212,220386.6,2,Average
1,1215,1292316.0,1,Average
1,1212,946990.1,1,Average
1,1212,1224729.0,1,Very Good
1,1212,702179.4,1,Average
1,1212,698981.6,1,Average
1,1212,588657.7,1,Average
1,1212,750489.3,1,Average
1,1212,896106.4,1,Average
1,1212,638053.3,1,Average
1,1212,683026.8,1,Average
1,1212,554966.6,1,Average
1,1212,55350.92,2,Average
1,1212,542134.9,1,Average
1,1212,422492.1,1,Average
1,1212,593884.5,1,Average
1,1212,783591.4,1,Average
1,1212,143461.7,1,Excellent
1,1212,776168.0,1,Average
1,1212,666349.9,1,Average
1,1212,567396.3,1,Average
1,1212,755761.5,1,Average
1,1212,623673.8,1,Average
1,1212,668442.2,1,Average
1,1212,863471.6,1,Average
1,1212,692139.0,1,Average
1,1212,587707.9,1,Average
1,1212,717862.2,1,Average
1,1212,581571.4,1,Average
1,1212,787118.2,1,Average
1,1212,639750.1,1,Average
1,1212,648739.2,1,Average
1,1212,788659.3,1,Average
1,1212,113819.4,2,Average
1,1212,1329028.0,1,Good
1,1212,671331.5,1,Average
1,1212,734721.3,1,Average
1,1212,605534.0,1,Average
1,1212,711328.4,1,Average
1,1212,1520780.0,1,Average
1,1212,339427.6,1,Average
1,1212,610588.1,1,Average
1,1212,587415.4,1,Average
1,1212,540871.0,1,Good
1,1212,502725.8,1,Average
1,1212,485237.8,1,Average
1,1212,559035.9,1,Average
1,1212,506485.3,1,Average
1,1212,417515.6,1,Average
1,1212,1135263.0,1,Average
1,1212,559345.6,1,Average
1,1212,739622.6,1,Excellent
1,1212,1211687.0,1,Average
1,1212,617483.9,1,Average
1,1212,846461.4,1,Average
1,1212,686827.5,1,Average
1,1212,639670.0,1,Average
1,1212,1331130.0,1,Good
1,1212,706516.5,1,Average
1,1212,755930.7,1,Average
1,1212,572028.1,1,Average
1,1212,874900.9,1,Average
1,1212,1225709.0,1,Average
1,1212,774864.7,1,Average
1,1212,751863.3,1,Average
1,1212,446829.1,1,Average
1,1212,654353.0,1,Average
1,1212,738489.3,1,Average
1,1212,813849.0,1,Average
1,1212,753121.0,1,Average
1,1212,481002.5,1,Average
1,1212,514025.4,1,Average
1,1212,555527.2,1,Average
1,1212,955709.1,1,Good
1,1212,625089.9,1,Average
1,1212,612540.1,1,Average
1,1212,651077.6,1,Average
1,1212,651220.1,1,Good
1,1212,602020.4,1,Average
1,1212,701454.2,1,Average
1,1212,718398.4,1,Average
1,1212,641696.0,1,Average
1,1212,920498.6,1,Average
1,1212,414379.2,1,Average
1,1212,1241013.0,1,Average
1,1212,445764.4,1,Average
1,1212,748867.1,1,Average
1,1212,892636.6,1,Average
1,1212,629489.8,1,Average
1,1212,723001.6,1,Average
1,1212,609066.1,1,Average
1,1212,1146899.0,1,Average
1,1212,789491.1,1,Average
1,1212,663506.3,1,Average
1,1212,543647.8,1,Average
1,1212,775024.4,1,Average
1,1212,717596.0,1,Average
1,1212,641646.6,1,Average
1,1212,604331.5,1,Good
1,1212,703109.5,1,Average
1,1212,484019.3,1,Average
1,1212,591533.5,1,Excellent
1,1212,651128.7,1,Good
1,1212,1023038.0,1,Average
1,1212,1144479.0,1,Average
1,1212,549087.1,1,Average
1,1212,305971.2,1,Below Average
1,1212,169294.0,2,Average
1,1212,587838.8,1,Average
1,1212,605906.5,1,Average
1,1212,2031530.0,1,Excellent
1,1212,712961.6,1,Average
1,1212,668257.4,1,Average
1,1212,479524.5,1,Average
1,1212,784336.5,1,Average
1,1212,677519.4,1,Average
1,1212,705083.5,1,Average
1,1212,805220.1,1,Average
1,1212,588256.4,1,Average
1,1212,504528.9,1,Average
1,1212,164626.1,2,Average
1,1212,516020.4,1,Average
1,1212,861835.4,1,Average
1,1212,829971.2,1,Average
1,1212,831647.0,1,Average
1,1212,616094.3,1,Average
1,1212,792073.4,1,Average
1,1212,570153.2,1,Average
1,1212,128558.7,2,Average
1,1212,135449.8,2,Average
1,1212,89672.78,3,Average
1,1212,1077457.0,1,Average
1,1212,772360.1,1,Average
1,1212,923268.3,1,Average
1,1212,730943.1,1,Average
1,1212,1725451.0,1,Average
1,1212,744151.9,1,Average
1,1212,771526.9,1,Average
1,1212,794591.7,1,Average
1,1212,1847679.0,1,Average
1,1212,570773.3,1,Average
1,1212,285681.0,1,Below Average
1,1212,573309.5,1,Average
1,1212,357615.8,1,Average
1,1212,709851.2,1,Average
1,1212,360348.5,1,Below Average
1,1212,539445.0,1,Average
1,1212,633320.7,1,Average
1,1212,477498.3,1,Average
1,1212,529162.9,1,Average
1,1212,587165.0,1,Average
1,1212,352801.6,1,Below Average
1,1212,502544.9,1,Average
1,1212,387643.7,1,Average
1,1212,284423.8,1,Average
1,1212,363911.1,1,Average
1,1212,410301.7,1,Average
1,1212,453336.3,1,Average
1,1212,312828.8,1,Average
1,1212,403916.8,1,Average
1,1212,223771.9,1,Below Average
1,1212,415211.0,1,Average
1,1212,378594.4,1,Average
1,1212,538096.2,1,Average
1,1212,291827.4,1,Average
1,1212,412465.7,1,Average
1,1212,437423.8,1,Average
1,1212,550191.2,1,Average
1,1212,314122.5,1,Average
1,1212,411674.0,1,Average
1,1212,482933.8,1,Average
1,1212,389073.8,1,Average
1,1215,484648.3,1,Average
1,1212,298151.9,1,Average
1,1212,450531.9,1,Average
1,1212,327509.3,1,Average
1,1212,249104.4,1,Average
1,1215,266857.5,1,Average
1,1212,198124.9,1,Good
1,1212,220248.0,1,Average
1,1212,305626.9,1,Average
1,1212,224623.8,1,Average
1,1212,205302.6,1,Average
1,1212,152902.6,1,Average
1,1212,243311.3,1,Average
1,1212,295973.3,1,Average
1,1212,287368.4,1,Below Average
1,1212,192967.1,1,Below Average
1,1212,198124.9,1,Average
1,1212,364775.4,1,Good
1,1212,292560.0,1,Below Average
1,1212,324788.8,1,Average
1,1212,215055.8,1,Average
1,1212,226044.0,1,Average
1,1212,300853.8,1,Average
1,1212,200183.3,1,Below Average
1,1212,221334.8,1,Average
1,1212,440363.8,1,Average
1,1212,116789.4,1,Average
1,1212,203439.6,1,Average
1,1212,177067.8,1,Average
1,1212,313950.0,1,Average
1,1212,288637.8,1,Average
1,1212,273884.8,1,Average
1,1212,249291.3,1,Average
1,1212,224788.2,1,Average
1,1212,313950.0,1,Average
1,1212,383467.5,1,Average
1,1212,172224.0,1,Average
1,1212,305422.0,1,Average
1,1212,364423.5,1,Average
1,1212,123088.6,1,Below Average
1,1212,296924.3,1,Average
1,1212,344717.1,1,Average
1,1212,198124.9,1,Good
1,1235,35880.0,1,Average
1,1212,267231.3,1,Average
1,1212,174873.6,1,Average
1,1212,365807.8,1,Good
1,1212,309785.9,1,Average
1,1212,270479.8,1,Average
1,1212,169533.0,1,Average
1,1212,471586.3,1,Average
1,1235,24150.0,1,
1,1212,158365.4,1,Average
1,1212,137644.7,1,Average
1,1212,151449.5,1,Average
1,1212,196567.2,1,Average
1,1212,110115.7,1,Average
1,1212,153117.9,1,Average
1,1212,110600.1,1,Average
1,1212,496439.3,1,Average
1,1212,296168.1,1,Average
1,1212,130399.1,1,Average
1,1212,288503.3,1,Average
1,1235,29440.0,1,Average
1,1212,151449.5,1,Average
1,1212,257513.8,1,Average
1,1212,190175.0,1,Average
1,1212,339178.1,1,Average
1,1212,293020.0,1,Average
1,1212,172224.0,1,Average
1,1212,419448.1,1,Average
1,1212,235557.7,1,Average
1,1212,378594.4,1,Average
1,1212,322920.0,1,Average
1,1212,327807.6,1,Average
1,1212,536522.5,1,Average
1,1212,801246.5,1,Average
1,1212,156068.3,2,Excellent
1,1212,410175.8,1,Average
1,1212,370321.9,1,Average
1,1212,628180.4,1,Good
1,1212,705218.6,1,Average
1,1212,756395.3,1,Good
1,1212,284148.9,1,Average
1,1212,347956.7,1,Average
1,1212,368141.3,1,Average
1,1212,261392.9,1,Average
1,1212,363119.7,1,Good
1,1212,377113.6,1,Average
1,1212,1124180.0,1,Average
1,1212,488553.1,1,Average
1,1212,1139528.0,1,Average
1,1277,571696.2,1,Average
1,1240,362957.1,1,Below Average
1,1225,620137.7,2,Average
1,1212,380350.1,1,Average
1,1212,564498.8,1,Average
1,1212,266520.2,1,Average
1,1212,363330.5,1,Average
1,1212,622443.6,1,Average
1,1212,558127.2,1,Average
1,1212,553141.6,1,Average
1,1212,476359.5,1,Average
1,1212,400823.2,1,Average
1,1212,791132.3,1,Average
1,1212,459294.9,1,Average
1,1212,603509.5,1,Average
1,1212,502457.9,1,Average
1,1212,568611.7,1,Average
1,1212,574580.1,1,Average
1,1212,709069.8,1,Average
1,1212,692648.0,1,Average
1,1212,716034.3,1,Average
1,1212,493697.7,1,Average
1,1212,589087.3,1,Average
1,1212,638615.7,1,Average
1,1212,509860.3,1,Average
1,1212,468382.9,1,Average
1,1212,529047.7,1,Average
1,1212,563214.0,1,Average
1,1212,483559.8,1,Average
1,1212,498705.1,1,Average
1,1212,447158.2,1,Average
1,1212,582930.2,1,Average
1,1212,538781.7,1,Average
1,1212,511362.7,1,Average
1,1212,804743.6,1,Excellent
1,1212,665171.8,1,Average
1,1212,534506.7,1,Average
1,1212,619758.8,1,Average
1,1212,432940.4,1,Average
1,1212,529207.3,1,Average
1,1212,564276.6,1,Average
1,1212,766175.9,1,Excellent
1,1212,619882.7,1,Average
1,1212,594333.2,1,Average
1,1212,590057.4,1,Average
1,1212,1191672.0,1,Good
1,1212,534194.0,1,Average
1,1212,146955.9,2,Average
1,1212,520416.6,1,Average
1,1212,948433.0,1,Good
1,1212,397115.1,1,Average
1,1212,416604.6,1,Below Average
1,1212,514570.7,1,Average
1,1212,656966.7,1,Average
1,1212,591545.5,1,Average
1,1212,1234044.0,1,Average
1,1212,324502.9,1,Below Average
1,1212,646565.1,1,Average
1,1212,634485.5,1,Average
1,1212,477795.5,1,Average
1,1212,1606896.0,1,Very Good
1,1212,709179.8,1,Average
1,1212,475148.6,1,Average
1,1212,577273.3,1,Average
1,1212,420976.0,2,Average
1,1235,13977.6,1,Average
1,1220,808745.2,3,Excellent
1,1212,157870.8,1,Below Average
1,1212,173365.9,4,Average
1,1215,136857.5,2,Average
1,1212,477069.8,1,Average
1,1212,354777.2,1,Average
1,1235,111090.0,1,Average
1,1212,434082.2,1,Average
1,1212,380888.4,1,Average
1,1212,306788.7,1,Average
1,1212,212616.7,2,Below Average
1,1215,206237.8,2,Average
1,1212,257151.3,1,Average
1,1212,577657.1,1,Average
1,1277,633704.3,1,Average
1,1220,560146.7,1,Average
1,1212,491961.5,1,Average
1,1212,396116.3,1,Average
1,1277,632100.2,1,Average
1,1212,511303.2,1,Average
1,1212,637341.6,1,Average
1,1212,473308.5,1,Average
1,1212,159707.0,1,Below Average
1,1212,156634.1,1,Average
1,1212,579342.7,1,Average
1,1212,493926.8,1,Average
1,1220,565583.0,1,Average
1,1225,771485.1,2,Average
1,1215,71429.07,2,Average
1,1215,225839.7,1,Below Average
1,1212,289097.4,1,Average
1,1212,423424.7,1,Average
1,1212,609949.2,1,Average
1,1212,253591.7,1,Below Average
1,1225,404484.3,1,Below Average
1,1220,519620.6,2,Below Average
1,1212,1183222.0,1,Good
1,1212,366681.3,1,Average
1,1212,357114.4,1,Average
1,1212,97841.73,1,Average
1,1212,578647.7,1,Average
1,1212,300861.9,1,Below Average
1,1212,548143.9,1,Average
1,1212,612215.7,1,Average
1,1212,630499.7,1,Excellent
1,1212,460419.8,1,Average
1,1212,561206.8,1,Average
1,1212,334983.1,1,Below Average
1,1212,579151.6,1,Average
1,1212,661309.3,1,Average
1,1212,435960.2,1,Average
1,1212,623742.5,1,Average
1,1212,397749.2,1,Average
1,1212,354872.0,1,Average
1,1212,376808.4,1,Average
1,1212,421697.1,1,Average
1,1212,411687.5,1,Average
1,1212,444446.9,1,Average
1,1212,714089.1,1,Average
1,1212,627729.6,1,Average
1,1212,1178057.0,1,Average
1,1212,535617.4,1,Average
1,1212,623180.2,1,Average
1,1215,392817.4,1,Average
1,1215,413803.1,1,Average
1,1215,234561.4,1,Below Average
1,1215,229450.9,1,Below Average
1,1220,638982.5,1,Average
1,1215,229450.9,1,Below Average
1,1215,223539.4,1,Below Average
1,1220,747273.8,1,Average
1,1212,369751.9,1,Average
1,1212,343649.3,1,Average
1,1212,436291.1,1,Average
1,1212,266622.0,1,Average
1,1212,272317.5,1,Average
1,1212,351026.4,1,Average
1,1212,406035.0,1,Average
1,1212,654144.5,1,Excellent
1,1212,742383.1,1,Average
1,1212,257147.1,1,Average
1,1235,60816.0,1,Average
1,1212,294157.5,1,Average
1,1212,482179.5,1,Average
1,1212,287416.3,1,Average
1,1212,350960.9,1,Average
1,1212,85454.08,2,Average
1,1215,200084.2,3,Average
1,1212,775514.1,2,Excellent
1,1212,107095.4,1,Average
1,1212,134387.1,1,Average
1,1212,239840.2,1,Average
1,1212,190669.8,1,Average
1,1212,276118.4,1,Average
1,1212,64959.44,1,Below Average
1,1212,73017.38,1,Average
1,1212,52391.66,1,Below Average
1,1212,168661.3,1,Average
1,1215,272639.1,1,Average
1,1212,334860.8,1,Average
1,1212,541750.0,1,Excellent
1,1212,408565.4,1,Average
1,1212,631189.1,1,Average
1,1212,309465.0,1,Average
1,1212,589341.0,1,Average
1,1212,487497.7,1,Average
1,1212,677341.0,1,Average
1,1212,391731.0,1,Average
1,1212,295676.0,1,Average
1,1212,262725.6,1,Below Average
1,1277,109165.2,1,Below Average
1,1277,98240.58,2,Below Average
1,1212,346131.0,1,Average
1,1277,142441.4,1,Minimum
1,1212,32475.69,1,Salvage
1,1212,234950.6,1,Average
1,1212,577516.5,1,Average
1,1212,489820.2,1,Average
8,1212,72820.84,2,Excellent
8,1212,245120.2,1,Excellent
1,1212,500296.8,1,Average
1,1212,878153.6,1,Average
1,1212,486952.3,1,Average
1,1212,504886.2,1,Excellent
1,1212,552222.0,1,Average
1,1212,151615.2,2,Average
1,1212,791550.6,1,Average
1,1212,342103.8,1,Average
1,1212,427713.2,1,Average
1,1212,701161.5,1,Average
1,1212,705475.9,1,Good
1,1212,247880.8,2,Average
1,1212,451529.1,1,Average
1,1212,551193.6,1,Good
1,1212,713724.7,1,Excellent
1,1212,1126494.0,1,Average
1,1212,466683.3,1,Average
1,1212,506375.1,1,Average
1,1212,589244.7,1,Good
1,1212,438611.2,1,Average
1,1212,350886.8,1,Average
1,1212,384283.3,1,Average
1,1212,82571.51,2,Average
1,1212,570934.2,1,Average
1,1212,1040321.0,1,Average
1,1212,581872.9,1,Good
1,1212,470555.0,1,Average
1,1212,591522.6,1,Average
1,1212,523886.0,1,Average
1,1212,458915.1,1,Average
1,1212,236193.3,1,Below Average
1,1212,352942.7,1,Average
1,1212,258418.1,1,Average
1,1212,618563.1,1,Average
1,1212,185198.5,1,Average
1,1212,346762.5,1,Average
1,1212,350587.6,1,Below Average
1,1212,190306.4,1,Below Average
1,1212,303501.0,1,Average
1,1212,119383.5,2,Average
1,1212,274413.8,1,Average
1,1212,309090.0,1,Average
1,1212,256842.9,1,Average
1,1212,172081.0,2,Average
1,1212,293200.4,1,Average
1,1212,160035.8,1,Average
1,1212,385559.9,1,Average
1,1212,195924.6,2,Average
1,1212,480002.5,1,Average
1,1212,318475.4,1,Below Average
1,1220,517110.7,1,Below Average
1,1212,550705.6,1,Average
1,1215,699914.0,1,Average
1,1212,670896.2,1,Average
1,1212,698270.3,1,Average
1,1212,610979.7,1,Average
1,1212,771641.5,1,Good
1,1212,340514.7,1,Average
1,1212,404869.3,1,Average
1,1212,226242.0,2,Average
1,1212,532611.6,1,Average
1,1212,297634.4,1,Average
1,1212,715500.1,1,Average
1,1212,665781.8,1,Average
1,1212,417364.5,1,Average
1,1212,90520.85,2,Average
1,1212,692118.8,1,Average
1,1215,589336.5,1,Average
1,1215,586930.2,1,Average
1,1215,147327.7,1,Below Average
1,1215,160575.1,2,Below Average
1,1212,661071.3,1,Below Average
1,1212,524829.3,1,Good
1,1212,424100.2,1,Average
1,1212,439348.1,1,Average
1,1212,765530.9,1,Excellent
1,1212,193752.6,1,Average
1,1212,28923.38,2,Average
1,1212,317615.2,1,Average
1,1212,305458.8,1,Average
1,1212,294864.0,1,Average
1,1212,686689.3,1,Average
1,1212,276431.7,1,Average
1,1212,276431.7,1,Average
1,1212,245835.3,1,Average
1,1212,245835.3,1,Average
1,1212,361854.9,1,Average
1,1212,391866.9,1,Average
1,1212,592408.5,1,Average
1,1212,596015.8,1,Good
1,1212,327713.8,1,Average
1,1212,661083.4,1,Good
1,1212,136593.9,2,Average
1,1212,808590.7,2,Average
1,1212,485973.0,1,Average
1,1212,142699.9,1,Average
1,1212,131566.5,2,Good
1,1212,255593.3,1,Good
1,1212,450966.0,1,Average
1,1212,91855.52,2,Below Average
1,1212,50835.0,1,Average
1,1212,97297.2,1,Average
1,1235,24960.0,1,Good
1,1212,97297.2,1,Average
1,1212,149385.6,1,Average
1,1212,132941.3,1,Average
1,1220,320128.2,1,Minimum
1,1212,350236.9,1,Average
1,1212,53397.08,2,Average
1,1212,661624.6,1,Average
1,1212,295666.3,1,Average
1,1212,295666.3,1,Average
1,1212,295666.3,1,Average
1,1212,321968.0,1,Average
1,1212,482108.6,1,Average
1,1212,94238.41,3,Average
1,1212,218485.5,5,Average
1,1212,693240.3,1,Average
1,1212,183828.3,2,Average
1,1212,86162.17,4,Average
1,1212,620832.4,6,Average
1,1212,384938.0,1,Average
1,1212,181383.2,1,Average
1,1212,104772.0,2,Average
1,1212,145212.6,1,Average
1,1212,664115.2,1,Average
1,1212,133674.3,2,Average
1,1212,1013733.0,1,Average
1,1212,562187.5,1,Average
1,1212,573660.5,1,Average
1,1212,567251.5,1,Average
1,1212,536989.9,1,Average
1,1212,610682.3,1,Average
1,1212,563511.1,1,Average
1,1212,620199.8,1,Average
1,1212,596837.9,1,Very Good
1,1212,858117.7,1,Average
1,1212,728545.1,1,Average
1,1212,480613.6,1,Average
1,1212,1084009.0,1,Average
1,1212,572538.0,1,Average
1,1212,501531.8,1,Average
1,1212,662337.0,1,Average
1,1212,568878.4,1,Average
1,1212,725852.9,1,Average
1,1212,623339.4,1,Average
1,1212,626969.1,1,Average
1,1212,757620.2,1,Average
1,1212,685698.7,1,Average
1,1212,657472.5,1,Average
1,1212,504270.6,1,Average
1,1212,498718.5,1,Average
1,1212,562151.6,1,Average
1,1212,545030.7,1,Average
1,1212,553156.7,1,Average
1,1212,623177.7,1,Average
1,1212,535527.3,1,Average
1,1212,438951.9,1,Average
1,1212,699834.8,1,Average
1,1212,622155.0,1,Average
1,1212,523611.3,1,Average
1,1212,696228.8,1,Good
1,1212,609488.5,1,Average
1,1212,536048.3,1,Average
1,1212,591038.6,1,Average
1,1212,934972.5,1,Average
1,1212,582682.9,1,Average
1,1212,602033.7,1,Average
1,1212,576529.4,1,Average
1,1212,588822.0,1,Average
1,1212,450121.8,1,Average
1,1212,470987.4,1,Average
1,1212,853846.5,1,Average
1,1212,585457.9,1,Average
1,1212,621605.3,1,Average
1,1212,651220.0,1,Average
1,1212,657351.1,1,Average
1,1212,567764.8,1,Average
1,1212,631989.6,1,Average
1,1212,575576.5,1,Average
1,1212,620606.1,1,Average
1,1212,506140.8,1,Average
1,1212,536367.7,1,Average
1,1212,535169.2,1,Average
1,1212,575051.1,1,Average
1,1212,562011.4,1,Average
1,1212,572458.4,1,Average
1,1212,622966.1,1,Average
1,1212,539830.4,1,Average
1,1212,493291.9,1,Average
1,1212,468863.8,1,Average
1,1212,575985.0,1,Average
1,1212,560950.5,1,Average
1,1212,665611.6,1,Average
1,1212,565982.9,1,Average
1,1212,602047.4,1,Average
1,1212,644124.9,1,Average
1,1212,547506.1,1,Average
1,1212,544998.4,1,Average
1,1212,568622.2,1,Average
1,1212,571302.9,1,Average
1,1212,665091.7,1,Average
1,1212,651909.4,1,Average
1,1212,741425.3,1,Average
1,1212,193239.4,2,Average
1,1212,1286024.0,1,Average
1,1212,489896.9,1,Average
1,1212,667199.9,1,Average
1,1212,783529.8,1,Average
1,1212,599130.2,1,Average
1,1212,866218.2,1,Average
1,1212,758949.7,1,Average
1,1212,567915.6,1,Average
1,1212,707346.0,1,Average
1,1212,640375.8,1,Average
1,1212,558884.3,1,Average
1,1212,533440.5,1,Average
1,1212,755769.1,1,Average
1,1212,577493.6,1,Average
1,1212,664946.4,1,Average
1,1212,730659.2,1,Average
1,1212,1045939.0,1,Excellent
1,1212,710138.0,1,Average
1,1212,747793.5,1,Average
1,1212,1200430.0,1,Average
1,1212,1192385.0,1,Average
1,1212,903123.4,1,Average
1,1212,830161.1,1,Average
1,1212,1246837.0,1,Average
1,1212,1080225.0,1,Average
1,1212,730899.6,1,Average
1,1212,812798.6,1,Average
1,1212,1164729.0,1,Average
1,1212,772447.4,1,Average
1,1212,577609.6,1,Average
1,1212,1004320.0,1,Average
1,1212,815463.7,1,Average
1,1212,1247987.0,1,Average
1,1212,1387217.0,1,Good
1,1212,900546.3,1,Average
1,1212,743279.2,1,Average
1,1212,645100.4,1,Average
1,1212,1517448.0,1,Good
1,1212,1243259.0,1,Very Good
1,1212,1053737.0,1,Average
1,1212,685847.1,1,Average
1,1212,1511612.0,1,Average
1,1212,1310411.0,1,Good
1,1212,613757.9,1,Average
1,1212,768416.3,1,Average
1,1212,683882.3,1,Average
1,1212,568398.4,1,Average
1,1212,670855.2,1,Average
1,1212,765157.0,1,Average
1,1212,710710.7,1,Average
1,1212,702864.3,1,Average
1,1212,1392762.0,1,Excellent
1,1212,1576761.0,1,Good
1,1212,756699.8,1,Average
1,1212,1139958.0,1,Average
1,1212,979690.2,1,Average
1,1212,551527.0,1,Average
1,1212,740829.7,1,Average
1,1212,661801.5,1,Average
1,1212,1218230.0,1,Average
1,1212,1140591.0,1,Average
1,1212,569809.0,1,Average
1,1212,658612.1,1,Average
1,1212,659474.5,1,Average
1,1212,893292.0,1,Excellent
1,1212,1019529.0,1,Excellent
1,1212,950298.1,1,Average
1,1212,1004158.0,1,Average
1,1212,893027.2,1,Average
1,1212,1063389.0,1,Average
1,1212,1103856.0,1,Average
1,1212,720429.6,1,Average
1,1212,1232521.0,1,Average
1,1212,1135828.0,1,Excellent
1,1212,1074758.0,1,Average
1,1212,870460.8,1,Average
1,1212,584275.5,1,Average
1,1212,614445.2,1,Average
1,1212,495062.8,1,Average
1,1212,524621.8,1,Average
1,1212,561573.7,1,Average
1,1212,821535.5,1,Excellent
1,1212,716434.6,1,Average
1,1230,679881.1,1,Average
1,1230,681365.8,1,Average
1,1230,571803.1,1,Average
1,1230,531851.0,1,Average
1,1230,586464.7,1,Average
1,1230,778808.5,1,Average
1,1230,647858.9,1,Average
1,1230,681441.1,1,Average
1,1230,739727.1,1,Average
1,1230,617754.4,1,Average
1,1230,572579.3,1,Average
1,1230,543950.3,1,Average
1,1230,617021.7,1,Average
1,1230,617471.4,1,Average
1,1230,617191.1,1,Average
1,1230,617297.2,1,Average
1,1230,617471.4,1,Average
1,1230,545488.2,1,Average
1,1230,744255.3,1,Average
1,1230,725648.9,1,Average
1,1230,725787.7,1,Average
1,1230,744255.3,1,Average
1,1230,631301.1,1,Average
1,1230,647184.3,1,Average
1,1230,445022.1,1,Average
1,1230,433896.6,1,Average
1,1230,433896.6,1,Average
1,1230,433896.6,1,Average
1,1230,433896.6,1,Average
1,1230,493773.5,1,Average
1,1230,433896.6,1,Average
1,1230,426208.0,1,Average
1,1230,482161.0,1,Average
1,1230,490675.3,1,Average
1,1230,490675.3,1,Average
1,1230,490675.3,1,Average
1,1230,503256.7,1,Average
1,1230,508316.8,1,Average
1,1230,495608.9,1,Average
1,1230,495608.9,1,Average
1,1230,495608.9,1,Average
1,1230,495608.9,1,Average
1,1230,495608.9,1,Average
1,1230,495608.9,1,Average
1,1230,508316.8,1,Average
1,1230,507448.5,1,Average
1,1230,494762.3,1,Average
1,1230,494762.3,1,Average
1,1230,494762.3,1,Average
1,1230,507448.5,1,Average
1,1230,450292.8,1,Average
1,1230,439035.5,1,Average
1,1230,439035.5,1,Average
1,1230,439788.7,1,Average
1,1230,451065.4,1,Average
1,1230,439035.5,1,Average
1,1230,490675.3,1,Average
1,1230,252500.3,1,Average
1,1230,246187.8,1,Average
1,1230,218779.6,1,Average
1,1230,252682.7,1,Average
1,1230,246365.7,1,Average
1,1230,230294.3,1,Average
1,1230,252500.3,1,Average
1,1230,246187.8,1,Average
1,1230,246187.8,1,Average
1,1230,218779.6,1,Average
1,1230,230504.1,1,Average
1,1230,213504.4,1,Average
1,1230,246365.7,1,Average
1,1230,252500.3,1,Average
1,1230,213310.1,1,Average
1,1230,252682.7,1,Average
1,1230,218779.6,1,Average
1,1230,213310.1,1,Average
1,1230,246187.8,1,Average
1,1230,279079.2,1,Average
1,1230,246365.7,1,Average
1,1230,246187.8,1,Average
1,1230,230294.3,1,Average
1,1230,246187.8,1,Average
1,1230,504071.4,1,Average
1,1230,466896.1,1,Average
1,1230,466896.1,1,Average
1,1230,552292.2,1,Average
1,1230,611224.2,1,Average
1,1230,595943.6,1,Average
1,1230,595943.6,1,Average
1,1230,643393.9,1,Average
1,1230,611224.2,1,Average
1,1230,611224.2,1,Average
1,1230,989737.6,1,Average
1,1230,989737.6,1,Average
1,1230,1073427.0,1,Average
1,1230,1073427.0,1,Average
1,1230,1075713.0,1,Average
1,1230,1192081.0,1,Average
1,1230,646900.5,1,Average
1,1230,646900.5,1,Average
1,1230,646900.5,1,Average
1,1230,646900.5,1,Average
1,1230,653702.7,1,Average
1,1230,646426.5,1,Average
1,1230,646426.5,1,Average
1,1230,651534.5,1,Average
1,1230,646426.5,1,Average
1,1230,646426.5,1,Average
1,1230,646426.5,1,Average
1,1230,646426.5,1,Average
1,1230,649097.5,1,Average
1,1230,649097.5,1,Average
1,1230,649097.5,1,Average
1,1230,674608.4,1,Average
1,1230,649097.5,1,Average
1,1230,649097.5,1,Average
1,1230,649097.5,1,Average
1,1230,649097.5,1,Average
1,1230,823724.1,1,Average
1,1230,581804.9,1,Average
1,1230,690845.2,1,Average
1,1230,690845.2,1,Average
1,1230,804271.4,1,Average
1,1230,690845.2,1,Average
1,1230,725387.4,1,Average
1,1212,24413.96,2,Average
1,1212,421308.5,1,Average
1,1212,381907.8,1,Average
1,1212,362777.9,1,Average
1,1212,896569.3,1,Average
1,1212,142771.4,2,Average
1,1212,617147.7,1,Average
1,1212,588304.8,1,Average
1,1212,452318.0,1,Average
1,1277,625385.7,1,Average
1,1212,449573.1,1,Average
1,1212,408179.7,1,Average
1,1212,639364.8,1,Average
1,1212,598497.1,1,Good
1,1212,578899.1,1,Average
1,1212,708936.5,1,Average
1,1212,777267.4,1,Average
1,1212,721702.7,1,Good
1,1212,331598.2,1,Average
1,1212,301477.0,1,Average
1,1212,588301.3,1,Average
1,1212,541210.0,1,Average
1,1212,772072.0,1,Average
1,1212,668992.5,1,Average
1,1212,608313.3,1,Average
1,1212,515633.6,1,Average
1,1212,659090.6,1,Average
1,1212,454836.1,1,Average
1,1212,734544.6,1,Average
1,1212,713813.1,1,Average
1,1212,540960.1,1,Average
1,1212,535075.5,1,Average
1,1212,777080.2,1,Average
1,1212,671014.3,1,Average
1,1212,781404.0,1,Average
1,1212,697598.7,1,Average
1,1212,488004.1,1,Average
1,1212,517653.0,1,Average
1,1212,475322.3,1,Average
1,1212,591262.8,1,Average
1,1212,864915.5,1,Average
1,1212,556261.2,1,Average
1,1212,604891.4,1,Average
1,1212,973700.7,1,Excellent
1,1212,531245.3,1,Average
1,1212,1025839.0,1,Excellent
1,1212,790365.9,1,Average
1,1212,782541.9,1,Average
1,1212,632132.8,1,Average
1,1212,1053433.0,1,Very Good
1,1212,605682.8,1,Average
1,1212,435038.8,1,Average
1,1212,431228.3,1,Average
1,1212,458825.4,1,Average
1,1212,499243.2,1,Average
1,1212,464817.7,1,Average
1,1212,435192.2,1,Average
1,1212,458931.4,1,Good
1,1212,386001.1,1,Average
1,1212,360050.3,1,Average
1,1212,439668.6,1,Average
1,1212,459563.2,1,Average
1,1212,410326.2,1,Average
1,1212,440074.0,1,Average
1,1212,410326.2,1,Average
1,1212,326762.3,1,Average
1,1212,69596.45,2,Minimum
1,1212,313273.9,1,Average
1,1212,531189.7,1,Average
1,1212,407195.2,1,Average
1,1212,492322.1,1,Average
1,1212,440903.5,1,Average
1,1212,486725.5,1,Average
1,1212,404074.5,1,Average
1,1212,370896.9,1,Average
1,1212,450002.0,1,Average
1,1212,455144.3,1,Average
1,1212,506698.4,1,Average
1,1212,382929.7,1,Average
1,1212,423269.9,1,Average
1,1212,527090.9,1,Average
1,1212,405969.4,1,Average
1,1212,431484.5,1,Average
1,1212,391949.6,1,Average
1,1212,435263.5,1,Average
1,1212,677505.3,1,Average
1,1212,428957.3,1,Average
1,1212,691210.2,1,Average
1,1212,415022.3,1,Average
1,1212,468256.8,1,Average
1,1212,478401.8,1,Average
8,1212,515461.6,1,Below Average
8,1212,486948.8,1,Average
8,1212,283122.8,1,Average
8,1212,217070.9,1,Average
8,1212,139297.0,1,Average
8,1212,503192.6,2,Average
8,1212,156541.9,1,Average
8,1212,30712.15,1,Minimum
8,1212,113355.6,1,Below Average
8,1212,363224.6,1,Average
8,1212,421307.8,1,Excellent
8,1212,207249.2,1,Average
8,1212,473707.2,1,Excellent
8,1212,321404.7,1,Average
8,1212,910160.7,1,Average
8,1212,351960.7,4,Below Average
8,1212,892237.6,7,Average
8,1212,481952.3,6,Below Average
8,1212,341833.3,5,Below Average
8,1212,228026.8,3,Average
8,1212,371318.8,1,Below Average
8,1212,87271.42,2,Below Average
8,1212,321171.4,1,Average
8,1212,261470.1,1,Average
8,1212,267713.9,1,Average
8,1212,885008.9,1,Very Good
8,1212,310343.1,1,Good
8,1212,400106.5,1,Average
8,1212,792654.7,1,Good
8,1277,201425.3,1,Average
8,1212,278867.4,1,Average
8,1212,200241.6,1,Below Average
8,1277,284982.6,1,Average
8,1212,339296.7,1,Very Good
8,1212,111572.3,1,Average
8,1212,383790.6,1,Excellent
8,1212,206976.8,1,Average
8,1212,120403.6,3,Average
8,1277,62477.84,1,Below Average
8,1212,210311.7,1,Average
8,1212,1092499.0,1,Average
8,1212,225483.7,1,Average
8,1212,33674.66,2,Below Average
8,1212,1147133.0,1,Average
8,1212,53879.46,3,Below Average
8,1212,606572.1,1,Average
8,1212,500325.1,1,Good
8,1212,188366.8,1,Average
8,1277,264475.7,1,Average
8,1212,528678.7,1,Average
8,1212,218097.3,1,Below Average
8,1212,765699.6,1,Very Good
8,1212,417941.1,1,Very Good
8,1212,406023.2,1,Average
8,1212,175565.9,1,Excellent
8,1212,235146.0,1,Average
8,1212,291375.3,1,Average
8,1212,133207.6,1,Average
8,1212,645957.2,1,Excellent
8,1212,525583.6,1,Average
8,1277,160126.9,2,Below Average
8,1277,872986.9,3,Very Good
8,1277,252971.4,1,Below Average
8,1212,325794.1,1,Average
8,1212,485659.5,1,Average
8,1212,335796.0,1,Average
8,1212,110438.0,2,Average
8,1212,220317.8,3,Average
8,1212,1303859.0,4,Average
8,1212,211019.0,6,Average
8,1212,339881.2,5,Average
8,1212,518443.9,1,Average
8,1212,645999.4,2,Average
8,1212,203849.7,1,Average
8,1212,221358.6,1,Average
8,1212,258234.3,1,Average
8,1212,265891.2,1,Average
8,1212,299150.3,1,Below Average
8,1212,169065.0,1,Below Average
8,1212,186143.4,1,Average
8,1212,265443.1,1,Average
8,1212,218050.7,1,Average
8,1277,266267.4,1,Average
8,1212,413376.4,1,Average
8,1212,342742.4,1,Average
8,1212,209962.8,1,Average
8,1212,265577.2,1,Average
8,1212,283069.1,1,Average
8,1212,300544.1,1,Average
8,1212,585074.7,1,Average
8,1212,106146.6,1,Average
8,1212,102637.0,1,Average
8,1212,316574.6,1,Average
8,1212,1221150.0,1,Average
8,1212,300803.7,1,Average
8,1212,511118.9,1,Average
8,1212,256865.3,2,Average
8,1212,347503.5,1,Average
8,1212,249836.4,1,Average
8,1212,350429.7,1,Below Average
8,1212,521152.9,1,Average
8,1212,382955.2,1,Average
8,1212,238623.5,1,Average
8,1212,210687.8,1,Average
8,1212,423544.0,1,Very Good
8,1212,292008.6,1,Average
8,1212,207548.1,1,Average
8,1212,328906.0,1,Average
8,1212,353757.0,1,Average
8,1212,372969.0,1,Average
8,1212,174743.1,1,Average
8,1212,533232.2,1,Average
8,1212,334502.0,1,Average
8,1212,188715.8,1,Average
8,1212,494584.8,1,Average
8,1212,423346.0,1,Average
8,1212,381290.6,1,Average
8,1212,380688.5,1,Average
8,1212,337417.9,1,Average
8,1212,398250.8,1,Average
8,1212,187402.4,1,Below Average
8,1212,252498.0,1,Average
8,1212,261081.8,2,Average
8,1212,210947.1,1,Average
8,1212,266129.6,1,Average
8,1212,551150.4,1,Excellent
8,1212,352274.2,1,Average
8,1212,271520.2,1,Good
8,1212,317233.6,1,Average
8,1212,737775.5,1,Average
8,1212,431613.0,1,Average
8,1212,527994.0,1,Average
8,1212,133596.9,1,Average
8,1212,326601.9,1,Average
8,1212,1101771.0,1,Average
8,1277,221130.0,1,Average
8,1277,684211.7,1,Good
8,1277,903247.5,2,Excellent
8,1212,480770.3,1,Average
8,1212,73483.43,3,Minimum
8,1212,39083.07,4,Minimum
8,1212,175470.8,2,Below Average
8,1212,55650.89,5,Minimum
8,1212,538470.0,1,Average
8,1212,231090.1,1,Good
8,1212,229491.3,1,Average
8,1212,482620.3,1,Average
8,1212,600144.7,1,Average
8,1212,441464.4,1,Average
8,1212,11367.04,1,Salvage
8,1212,236091.3,2,Average
8,1212,510236.2,1,Average
8,1212,465705.9,1,Average
8,1212,175171.6,1,Average
8,1212,222502.3,1,Average
8,1212,198386.9,1,Average
8,1212,383929.6,1,Average
8,1212,184332.2,1,Average
8,1277,59378.27,3,Below Average
8,1277,65245.35,6,Below Average
8,1277,51319.52,4,Below Average
8,1277,58262.29,2,Below Average
8,1277,25239.45,1,Salvage
8,1277,65245.35,5,Below Average
8,1212,338738.0,1,Average
8,1212,415364.7,1,Average
8,1212,459830.4,1,Average
8,1212,128152.5,1,Average
8,1212,663985.7,1,Average
8,1277,86138.74,1,Below Average
8,1212,287730.4,1,Average
8,1212,426239.2,1,Average
8,1212,380690.5,1,Good
8,1212,261684.3,1,Average
8,1212,337158.9,1,Good
8,1212,265293.2,1,Average
8,1212,74888.63,2,Average
8,1212,272705.6,1,Average
8,1212,300282.8,1,Average
8,1212,125490.2,1,Average
8,1212,453080.0,1,Average
8,1212,251998.9,1,Average
8,1277,137468.9,1,Average
8,1212,253435.5,1,Below Average
8,1212,160578.6,3,Average
8,1212,168793.9,2,Average
8,1212,1120013.0,1,Good
8,1212,403107.6,1,Average
8,1277,280955.5,1,Average
8,1277,262443.1,2,Average
8,1212,337720.2,1,Average
8,1212,429738.8,1,Average
8,1212,573155.5,1,Average
8,1212,228286.3,1,Average
8,1212,395212.5,1,Average
8,1212,232270.0,1,Average
8,1212,416277.9,1,Average
8,1212,539864.5,1,Good
8,1212,439868.9,1,Average
8,1212,249059.5,1,Average
8,1212,295456.7,1,Average
8,1212,119955.1,2,Good
8,1212,418317.3,1,Good
8,1212,219579.8,1,Average
8,1212,121023.1,1,Below Average
8,1212,706771.3,1,Average
8,1212,156314.6,1,Average
8,1212,125245.7,2,Below Average
8,1212,282945.2,1,Average
8,1212,376820.6,1,Average
8,1212,273376.6,1,Average
8,1212,296132.2,1,Average
8,1212,123424.1,1,Below Average
8,1212,300222.4,1,Average
8,1212,256654.8,1,Below Average
8,1277,528091.3,1,Average
8,1212,264347.1,1,Average
8,1212,325843.3,1,Average
8,1212,247664.6,1,Average
8,1212,310433.3,1,Average
8,1212,280700.7,1,Average
8,1212,345919.8,1,Good
8,1212,239069.0,1,Average
8,1212,236276.1,1,Below Average
8,1212,847301.7,1,Average
8,1212,184066.5,1,Average
8,1212,263941.0,1,Average
8,1212,184435.9,1,Average
8,1212,199781.7,1,Below Average
8,1212,505788.3,1,Good
8,1212,287395.9,1,Average
8,1212,209686.5,1,Below Average
8,1212,188576.5,1,Average
8,1212,576570.5,1,Average
8,1212,299574.0,1,Average
8,1212,361091.7,1,Average
8,1212,184781.7,1,Average
8,1212,545140.4,1,Average
8,1212,240938.6,1,Average
8,1212,39767.64,1,Below Average
8,1212,553849.0,1,Good
8,1212,129210.3,1,Average
8,1212,300586.0,1,Excellent
8,1212,338183.6,1,Average
8,1212,673732.2,1,Very Good
8,1212,156770.5,1,Average
8,1212,479232.7,1,Average
8,1212,436760.3,1,Good
8,1212,300147.9,1,Average
8,1212,308005.6,1,Average
8,1212,193045.7,1,Average
8,1212,436114.6,1,Average
8,1212,160969.8,1,Below Average
8,1212,367645.9,1,Average
8,1212,345625.8,1,Average
8,1212,321925.0,1,Average
8,1212,406248.5,1,Average
8,1212,218362.7,1,Below Average
8,1212,85658.67,17,Average
8,1212,477437.5,1,Average
8,1212,36465.75,14,Average
8,1212,90435.07,18,Average
8,1212,91164.39,19,Average
8,1212,261099.9,21,Average
8,1212,97473.66,13,Average
8,1212,267156.2,1,Good
8,1212,371733.2,1,Average
8,1212,502859.6,1,Average
8,1212,320535.4,1,Good
8,1212,304566.1,1,Average
8,1212,239030.0,1,Average
8,1212,215740.5,1,Average
8,1212,474354.0,1,Good
8,1212,426894.2,1,Average
8,1212,376667.2,1,Average
8,1277,679450.2,1,Good
8,1212,167028.4,1,Average
8,1212,241423.8,1,Average
8,1212,347270.7,1,Average
8,1212,123881.0,1,Below Average
8,1212,306743.9,1,Average
8,1212,231926.4,1,Average
8,1212,228039.6,1,Average
8,1212,394983.3,1,Average
8,1212,245525.1,1,Average
8,1212,245992.5,1,Average
8,1212,283694.9,1,Average
8,1212,582982.3,1,Very Good
8,1212,306203.9,1,Average
8,1212,476687.3,1,Average
8,1277,513135.8,1,Average
8,1212,327239.0,1,Average
8,1212,333051.0,1,Average
8,1212,168682.2,1,Average
8,1212,293649.4,1,Average
8,1212,7618.58,2,Salvage
8,1212,138526.3,1,Below Average
8,1212,436002.0,1,Average
8,1212,365398.4,1,Below Average
8,1212,311886.1,1,Very Good
8,1212,687312.3,1,Excellent
8,1212,318147.6,1,Average
8,1212,183971.5,1,Average
8,1212,327563.7,1,Average
8,1212,231495.0,1,Average
8,1277,39003.58,1,Minimum
8,1212,312321.1,1,Average
8,1212,502417.1,1,Average
8,1212,192274.0,1,Average
8,1212,179450.8,1,Average
8,1212,432983.1,1,Average
8,1212,270231.9,1,Average
8,1212,193726.6,1,Average
8,1212,410624.0,1,Average
8,1212,434587.7,1,Average
8,1212,435286.5,1,Good
8,1212,281959.4,1,Average
8,1212,331456.0,1,Average
8,1212,402183.1,1,Average
8,1212,1109659.0,1,Excellent
8,1212,449265.8,1,Excellent
8,1212,386466.2,1,Average
8,1212,192275.7,1,Average
8,1212,330516.8,1,Average
8,1212,399452.1,1,Average
8,1212,739738.0,1,Good
8,1212,560659.3,1,Good
8,1212,236225.9,1,Average
8,1277,666761.7,1,Average
8,1212,419919.1,1,Average
8,1212,402495.6,1,Average
8,1212,141254.2,1,Average
8,1212,20178.49,2,Average
8,1212,235223.5,1,Average
8,1212,275299.3,1,Average
8,1212,473036.6,1,Average
8,1212,414553.0,1,Excellent
8,1212,497305.4,1,Average
8,1212,339948.3,1,Average
8,1212,417197.6,1,Average
8,1212,509989.4,1,Average
8,1212,476714.6,1,Average
8,1212,456634.4,1,Average
8,1212,234455.5,1,Average
8,1212,35027.96,1,Minimum
8,1212,214762.9,1,Average
8,1277,495908.2,1,Average
8,1212,261863.3,1,Below Average
8,1212,190671.3,1,Average
8,1212,215783.5,1,Average
8,1212,277011.5,1,Average
8,1212,254935.9,2,Below Average
8,1212,550356.1,1,Average
8,1212,268294.7,1,Average
8,1212,135659.4,2,Average
8,1212,419929.9,1,Average
8,1212,660050.0,1,Average
8,1212,287930.2,1,Average
8,1212,284040.1,1,Average
8,1212,125210.9,1,Average
8,1212,232272.0,1,Average
8,1212,304464.0,1,Average
8,1212,548971.2,1,Average
8,1212,237057.2,1,Average
8,1212,224477.2,1,Average
8,1212,360046.5,1,Good
8,1212,206199.0,1,Average
8,1212,262288.5,1,Average
8,1212,335078.7,1,Average
8,1277,48609.0,1,Below Average
8,1212,11480.26,1,Salvage
8,1212,276655.4,1,Average
8,1212,185207.2,1,Good
8,1212,317910.3,1,Average
8,1212,762446.9,1,Good
8,1212,438947.5,1,Average
8,1212,211928.5,1,Average
8,1277,123971.2,1,Average
8,1212,166392.5,1,Average
8,1212,509843.1,1,Average
8,1212,476245.7,1,Average
8,1212,302807.9,1,Average
8,1212,290233.8,1,Average
8,1212,298594.5,1,Average
8,1212,130860.5,1,Below Average
8,1212,494019.4,1,Average
8,1212,204785.3,1,Average
8,1212,329362.7,1,Average
8,1212,275524.0,1,Average
8,1212,449684.9,1,Average
8,1277,339565.0,1,Average
8,1212,211914.2,1,Average
8,1212,379350.7,1,Average
8,1212,887240.8,1,Excellent
8,1212,192588.9,1,Below Average
8,1212,571133.2,1,Good
8,1277,36713.15,1,Average
8,1212,228536.7,1,Average
8,1212,381235.1,1,Below Average
8,1277,385325.6,1,Average
8,1212,37893.24,1,Below Average
8,1277,116933.2,1,Average
8,1212,98083.92,1,Average
8,1277,291807.7,1,Average
8,1277,93430.62,1,Average
8,1212,582313.6,1,Excellent
8,1277,187393.4,1,Average
8,1212,343619.6,1,Average
8,1277,397629.5,1,Average
8,1277,51106.49,2,Average
8,1277,51106.49,3,Average
8,1277,405131.0,1,Average
8,1212,386285.0,1,Average
8,1212,405433.2,1,Average
8,1277,158059.5,1,Average
8,1212,353633.6,1,Average
8,1277,104890.1,1,Average
8,1277,253633.2,1,Excellent
8,1277,320566.0,1,Average
8,1212,417128.5,1,Excellent
8,1277,330085.0,1,Average
8,1212,269654.1,1,Below Average
8,1277,368442.0,1,Average
8,1277,189917.8,1,Average
8,1277,191455.9,1,Average
8,1212,92171.08,1,Below Average
8,1277,174151.0,1,Average
8,1277,300160.3,1,Average
8,1212,743435.8,1,Excellent
8,1212,494306.1,1,Excellent
8,1212,234497.0,1,Average
8,1212,250381.1,1,Good
8,1212,330350.3,1,Good
8,1212,594217.0,1,Good
8,1212,427887.2,1,Average
8,1212,474009.4,1,Average
8,1212,714815.6,1,Average
8,1212,530093.6,1,Average
8,1212,105733.3,1,Below Average
8,1212,155323.5,1,Average
8,1212,258367.6,1,Average
8,1212,272678.0,1,Average
8,1212,294264.4,1,Average
8,1212,352761.6,1,Average
8,1212,189985.8,1,Average
8,1212,294864.4,1,Average
8,1212,295138.6,1,Average
8,1212,152848.4,1,Average
8,1212,249824.7,1,Good
8,1277,104099.1,1,Below Average
8,1277,47002.36,2,Minimum
8,1212,179273.5,1,Average
8,1277,228725.6,1,Average
8,1212,296381.7,1,Average
8,1212,497651.2,1,Good
8,1212,352598.8,1,Average
8,1212,577816.7,1,Average
6,1215,1491034.0,1,Good
6,1212,303949.4,2,Good
6,1212,1756035.0,1,Average
6,1212,48432.98,2,Minimum
6,1212,3891773.0,1,Good
8,1212,240935.8,1,Average
8,1212,205324.6,1,Average
8,1212,174047.7,1,Average
8,1212,163014.3,1,Average
8,1212,155576.5,1,Below Average
8,1212,204511.6,1,Below Average
8,1212,50671.52,1,Average
8,1212,306742.8,1,Average
8,1212,246525.7,1,Average
8,1212,442956.7,1,Average
8,1212,233517.7,1,Average
8,1212,373211.8,1,Good
6,1212,585426.3,1,Below Average
6,1212,1188400.0,1,Average
6,1212,941791.0,1,Average
6,1212,1813291.0,1,Excellent
6,1212,1254945.0,1,Average
6,1212,1317825.0,1,Average
6,1212,1386470.0,1,Good
6,1212,1869221.0,1,Average
6,1212,1370292.0,1,Good
6,1212,1007167.0,1,Average
6,1212,1402186.0,1,Excellent
6,1212,1646626.0,1,Average
6,1212,1313317.0,1,Average
6,1212,1169983.0,1,Average
6,1212,1202232.0,1,Good
6,1212,1864390.0,1,Good
6,1212,1454724.0,1,Excellent
6,1212,1138769.0,1,Average
6,1212,1575204.0,1,Very Good
6,1212,1302398.0,1,Average
6,1212,1694994.0,1,Very Good
6,1212,1216306.0,1,Average
6,1212,1208075.0,1,Average
6,1212,1145877.0,1,Average
6,1212,1716036.0,1,Excellent
6,1212,944653.2,1,Average
6,1212,1353012.0,1,Average
6,1212,1144828.0,1,Average
6,1212,1745411.0,1,Average
6,1212,889838.8,1,Average
6,1212,1208866.0,1,Average
6,1212,1101187.0,1,Average
6,1212,1716513.0,1,Average
6,1212,1213513.0,1,Good
6,1212,1234318.0,1,Average
6,1212,1285013.0,1,Average
6,1212,1943729.0,1,Good
6,1212,1242269.0,1,Average
6,1212,1355716.0,1,Average
6,1212,1327003.0,1,Average
6,1212,1276895.0,1,Average
6,1212,1830217.0,1,Average
6,1212,1439587.0,1,Excellent
6,1212,1313653.0,1,Average
6,1212,2048283.0,1,Very Good
6,1212,1244506.0,1,Very Good
6,1212,1029840.0,1,Average
6,1212,820221.0,1,Excellent
6,1212,1920945.0,1,Very Good
6,1212,2044667.0,1,Very Good
6,1212,843620.9,1,Average
6,1212,1798841.0,1,Very Good
6,1212,1286925.0,1,Average
6,1212,2398772.0,1,Good
6,1212,958965.4,1,Average
6,1212,1280453.0,1,Average
6,1212,1081468.0,1,Average
6,1212,1292030.0,1,Good
6,1212,1136403.0,1,Average
6,1212,1172799.0,1,Good
6,1212,1257399.0,1,Average
6,1212,850220.0,1,Average
6,1212,1006600.0,1,Average
6,1212,543703.0,1,Below Average
6,1212,1220082.0,1,Average
6,1212,2451143.0,1,Excellent
6,1212,1525990.0,1,Average
6,1212,2275193.0,1,Good
6,1212,2120685.0,1,Average
6,1212,2338276.0,1,Average
6,1212,3781680.0,1,Good
6,1212,3188734.0,1,Very Good
6,1215,1479115.0,1,Very Good
6,1212,1513244.0,1,Average
6,1212,1911470.0,1,Average
6,1212,2054689.0,1,Average
6,1212,2151496.0,1,Average
6,1212,2288382.0,1,Average
6,1212,2301965.0,1,Average
6,1212,2326754.0,1,Average
6,1212,2950793.0,1,Good
6,1212,1957677.0,1,Average
6,1212,917708.5,1,Good
6,1212,116385.1,2,Good
6,1212,267566.6,1,Average
6,1212,951470.4,1,Average
6,1212,1125722.0,1,Average
6,1212,827625.4,1,Average
6,1212,3516.4,1,Very Good
6,1212,2868571.0,1,Good
6,1212,3325125.0,1,Very Good
6,1212,2636367.0,1,Very Good
6,1212,3340369.0,1,Good
6,1212,2936553.0,1,Average
6,1212,177704.0,2,Average
6,1212,1843765.0,1,Average
6,1212,1645197.0,1,Good
6,1212,6210299.0,1,Average
6,1212,1612192.0,1,Average
6,1212,343301.8,2,Average
6,1212,2678660.0,1,Very Good
6,1212,1324706.0,1,Average
6,1212,5121468.0,1,Average
6,1212,676443.0,2,Excellent
6,1212,4366987.0,1,Good
6,1212,2639393.0,1,Average
6,1212,2088466.0,1,Average
6,1212,2305791.0,1,Average
6,1212,3373102.0,1,Good
6,1212,411721.2,2,Average
6,1212,2811098.0,1,Good
6,1212,2138048.0,1,Average
6,1212,328814.9,2,Excellent
6,1212,148127.0,1,Below Average
6,1212,3766941.0,1,Very Good
6,1212,2627230.0,1,Excellent
6,1212,1331127.0,1,Average
6,1212,815605.6,1,Very Good
6,1212,4511604.0,2,Excellent
6,1212,1388762.0,1,Average
6,1212,3914656.0,1,Good
6,1212,2059350.0,1,Average
6,1212,708384.7,2,Average
6,1212,981353.6,1,Average
6,1212,1051729.0,1,Average
8,1212,575403.7,1,Good
8,1212,288697.8,1,Average
8,1212,472826.9,1,Average
8,1212,366176.8,1,Average
8,1212,224658.3,1,Average
8,1212,208932.5,1,Average
8,1212,1005693.0,1,Average
8,1212,444426.8,2,Average
8,1277,393156.2,1,Average
8,1212,589325.6,1,Average
8,1212,54333.43,1,Average
8,1212,325918.3,1,Average
8,1212,178072.8,1,Average
8,1212,971219.1,1,Excellent
8,1212,579637.7,1,Excellent
8,1212,255015.2,1,Below Average
8,1212,967244.0,1,Average
8,1212,547429.7,1,Average
8,1212,413928.3,1,Average
8,1212,343255.3,1,Below Average
8,1212,329100.5,1,Average
8,1212,194504.1,1,Average
8,1212,426764.5,1,Average
8,1212,317702.4,1,Average
8,1212,301256.9,1,Average
8,1212,188500.5,1,Average
8,1212,355838.5,1,Good
8,1212,241025.1,1,Below Average
8,1212,269310.9,1,Average
8,1212,395915.0,1,Average
6,1277,2076420.0,1,Average
6,1212,1264970.0,1,Good
6,1212,246266.5,1,Average
6,1212,976441.4,2,Very Good
6,1212,410525.2,1,Below Average
6,1212,1921900.0,1,Very Good
6,1212,548338.7,2,Very Good
6,1212,816456.2,1,Average
6,1212,1236885.0,1,Average
6,1212,1326934.0,1,Excellent
6,1215,910200.0,1,Average
6,1212,1000132.0,1,Good
6,1212,1100341.0,1,Average
6,1212,1223538.0,1,Average
6,1215,1127764.0,1,Average
6,1212,1164429.0,1,Average
6,1212,1190354.0,1,Average
6,1212,1325387.0,1,Average
6,1212,664953.0,1,Average
6,1212,1285151.0,1,Average
6,1212,1280022.0,1,Average
6,1212,1055398.0,1,Average
6,1212,1195944.0,1,Average
6,1212,1444014.0,1,Very Good
6,1212,1015972.0,1,Average
6,1212,1264959.0,1,Average
6,1212,1803127.0,1,Average
6,1212,1015539.0,1,Average
6,1212,386274.5,2,Average
6,1212,1073591.0,1,Average
6,1212,1139194.0,1,Average
6,1212,1433830.0,1,Good
6,1215,552742.4,1,Below Average
6,1212,1337160.0,1,Average
6,1212,1092763.0,1,Average
6,1212,1293044.0,1,Average
6,1212,1414546.0,1,Good
6,1212,2030666.0,1,Good
6,1230,495093.0,1,Average
6,1230,860342.1,1,Average
6,1230,561376.2,1,Average
6,1230,533307.4,1,Average
6,1230,589847.5,1,Average
6,1230,533671.6,1,Average
6,1230,535541.7,1,Average
6,1230,535541.7,1,Average
6,1230,679483.6,1,Average
6,1230,715525.3,1,Average
6,1230,736726.1,1,Average
6,1230,581774.3,1,Average
6,1230,739279.8,1,Average
6,1230,702486.7,1,Average
6,1230,521454.6,1,Average
6,1230,610028.4,1,Average
6,1230,579527.0,1,Average
6,1230,521454.6,1,Average
6,1230,612279.5,1,Average
6,1230,612279.5,1,Average
6,1230,498185.6,1,Average
6,1230,403231.8,1,Average
6,1230,525985.5,1,Average
6,1230,525985.5,1,Average
6,1230,403231.8,1,Average
6,1230,480139.7,1,Average
6,1230,480139.7,1,Average
6,1212,1032517.0,1,Average
6,1212,1948916.0,1,Good
6,1212,288046.5,2,Excellent
6,1212,1752546.0,1,Good
6,1212,1131338.0,1,Average
6,1212,2325332.0,1,Very Good
6,1212,148538.6,2,Average
6,1212,1067564.0,1,Average
6,1212,868173.4,1,Average
6,1212,790028.7,1,Average
6,1212,1550703.0,1,Excellent
6,1212,1281201.0,1,Average
6,1212,1336935.0,1,Very Good
6,1212,316907.0,1,Average
6,1212,224823.2,1,Below Average
6,1212,346408.8,1,Average
6,1212,3701655.0,1,Excellent
6,1212,363633.3,2,Excellent
6,1212,1721810.0,1,Average
6,1277,1401390.0,1,Average
6,1212,1370161.0,1,Good
6,1212,870640.9,1,Good
6,1212,531885.0,2,Average
6,1212,169540.9,3,Average
6,1212,152964.8,2,Average
6,1212,570650.9,1,Average
6,1212,1113103.0,1,Average
6,1212,640533.0,1,Average
6,1212,1455522.0,1,Good
6,1212,1380274.0,1,Average
6,1212,175474.3,2,Excellent
6,1212,796914.0,1,Excellent
6,1212,1364765.0,1,Average
6,1212,1249088.0,1,Average
6,1212,180642.7,2,Average
6,1212,1443099.0,1,Average
6,1212,1361261.0,1,Average
6,1212,539779.7,1,Average
6,1212,923387.6,1,Average
6,1212,1012783.0,1,Excellent
6,1212,1035443.0,1,Average
6,1212,573126.1,1,Average
6,1212,1562895.0,1,Good
6,1212,805455.0,1,Average
6,1212,2029338.0,1,Good
6,1212,1040816.0,1,Average
6,1212,762111.9,1,Average
6,1212,379428.6,2,Good
6,1212,905478.9,1,Good
6,1212,1083260.0,1,Average
6,1212,305870.8,1,Average
6,1212,671916.9,2,Average
6,1212,1338355.0,1,Average
6,1212,1837432.0,1,Average
8,1212,185810.2,1,Average
8,1212,237561.7,1,Average
8,1212,309998.0,1,Average
8,1212,195044.1,1,Average
8,1212,234729.4,1,Average
8,1212,275816.2,1,Average
8,1212,218258.4,1,Average
8,1212,184890.5,1,Average
8,1212,147241.7,1,Average
8,1212,300331.4,1,Average
8,1212,146526.6,1,Average
8,1212,303170.3,1,Average
8,1212,147340.0,1,Average
8,1212,267547.3,1,Good
6,1212,1223127.0,1,Average
6,1212,254818.0,2,Very Good
6,1212,4166205.0,1,Very Good
6,1212,430672.2,1,Average
6,1212,2978750.0,2,Average
6,1212,752858.6,1,Average
6,1212,816212.0,1,Average
6,1212,1272573.0,1,Good
6,1212,1739609.0,1,Good
6,1215,1808170.0,1,Very Good
6,1212,688764.4,1,Very Good
6,1212,369101.3,2,Good
6,1212,918093.7,1,Average
6,1212,576271.0,1,Average
6,1212,1888078.0,1,Very Good
6,1212,1017330.0,1,Good
6,1212,1050030.0,1,Average
6,1212,62147.71,2,Good
6,1212,1099900.0,1,Average
6,1212,367454.2,2,Average
6,1212,509218.9,1,Average
6,1212,1351611.0,1,Average
6,1212,826487.7,1,Average
6,1212,642224.4,1,Average
6,1212,937384.9,1,Average
6,1212,665566.7,1,Average
6,1212,1018171.0,1,Average
6,1212,1597967.0,1,Very Good
6,1212,758006.5,1,Average
6,1212,909074.0,1,Average
6,1212,1234783.0,1,Average
6,1212,267853.0,1,Below Average
6,1212,1270085.0,1,Average
6,1212,988943.7,1,Average
6,1212,807653.3,1,Average
6,1212,1401390.0,1,Average
6,1212,1050585.0,1,Average
6,1212,831246.2,1,Average
8,1277,175033.9,1,Average
8,1212,136084.7,2,Average
8,1212,830657.4,1,Good
8,1212,96937.26,1,Average
8,1212,47357.44,1,Minimum
8,1212,96999.94,1,Average
8,1277,281118.9,2,Average
8,1277,240034.9,1,Average
8,1212,373067.2,1,Average
8,1212,131033.0,1,Average
8,1277,246021.8,1,Average
8,1277,59668.86,2,Average
8,1212,157508.9,1,Below Average
8,1212,336900.7,1,Average
8,1277,343571.8,3,Average
8,1277,924287.2,1,Average
8,1277,180791.6,2,Average
8,1212,365087.2,1,Average
8,1212,197910.6,1,Average
8,1212,33898.56,2,Average
8,1277,305603.4,1,Average
8,1212,605012.4,1,Average
8,1212,135578.5,2,Average
8,1277,790238.2,1,Average
8,1212,122092.2,1,Average
8,1212,92957.97,1,Average
8,1212,155801.0,1,Average
8,1212,86592.9,1,Average
8,1212,47306.04,1,Minimum
8,1212,275765.8,1,Average
8,1212,116887.6,1,Average
8,1212,164371.0,2,Good
8,1212,58201.59,1,Below Average
8,1277,193106.2,1,Average
8,1212,72475.33,1,Average
8,1212,120376.3,1,Average
8,1212,175804.4,1,Average
8,1212,830559.4,1,Average
8,1212,735364.1,1,Good
8,1212,567016.2,1,Average
8,1212,111115.6,2,Good
8,1212,260594.1,1,Average
8,1212,61793.65,1,Minimum
8,1277,1434558.0,1,Average
8,1212,298228.1,1,Average
8,1212,239295.9,1,Average
8,1212,808520.9,1,Average
8,1277,251147.8,1,Average
8,1212,1068724.0,1,Average
8,1212,1704491.0,1,Excellent
8,1212,346268.1,1,Average
8,1212,256696.6,1,Average
8,1212,184988.3,1,Average
8,1212,251217.2,1,Average
8,1212,758814.4,1,Good
8,1212,292209.1,1,Average
8,1212,288325.9,1,Average
8,1212,248327.0,1,Below Average
8,1212,350423.1,1,Average
8,1212,287802.9,1,Average
8,1212,189934.2,1,Below Average
8,1212,42825.74,1,Average
8,1212,465858.4,1,Average
8,1212,316416.1,1,Good
8,1212,496615.6,1,Average
8,1212,675557.6,1,Below Average
8,1212,370570.3,1,Average
8,1212,404399.7,1,Average
8,1212,615698.4,1,Average
8,1212,365172.5,1,Average
8,1212,794039.4,1,Average
8,1212,391364.3,1,Good
8,1212,583280.9,1,Good
8,1212,236629.8,1,Average
8,1212,946036.8,1,Excellent
8,1212,812825.9,1,Average
8,1212,359307.8,1,Average
8,1212,152499.5,1,Good
8,1212,529639.2,1,Average
8,1212,55425.89,1,Minimum
8,1212,297015.0,1,Average
8,1212,97313.07,1,Average
8,1212,724601.6,1,Average
8,1212,254939.8,1,Average
8,1212,822333.5,1,Average
8,1212,129379.6,1,Average
8,1212,295148.8,1,Average
8,1212,333497.4,1,Average
8,1212,592390.4,1,Average
8,1212,68267.8,1,Excellent
8,1212,682665.3,1,Average
8,1212,965907.3,1,Average
8,1212,202702.5,1,Average
8,1212,173054.0,1,Excellent
8,1212,552253.8,1,Good
8,1212,652166.3,1,Excellent
8,1212,224136.5,1,Very Good
8,1212,595742.4,1,Average
8,1212,346471.2,1,Average
8,1212,1047437.0,1,Average
8,1212,425200.5,1,Average
8,1212,262291.8,1,Average
8,1212,527254.4,1,Average
8,1212,56487.24,2,Average
8,1212,435745.4,1,Average
8,1212,802942.1,1,Average
8,1212,1084363.0,1,Good
8,1212,694934.3,1,Average
8,1212,546973.9,1,Average
8,1212,572240.8,1,Average
8,1212,68972.84,1,Below Average
8,1212,943089.8,1,Good
8,1212,451577.0,1,Average
8,1212,227929.0,1,Below Average
8,1212,793301.2,1,Average
8,1212,366507.7,1,Good
8,1212,379183.9,1,Average
8,1212,323312.3,1,Average
8,1212,801704.3,1,Average
8,1212,825091.3,1,Average
8,1212,1164318.0,1,Excellent
8,1212,1258869.0,1,Average
8,1212,842620.3,1,Average
8,1212,684919.4,1,Average
8,1212,483383.6,1,Average
8,1212,458224.7,1,Below Average
8,1212,609288.4,1,Average
8,1212,671379.7,1,Average
8,1212,207976.8,2,Average
8,1212,804535.3,1,Good
8,1212,519564.1,1,Good
8,1212,426001.8,1,Excellent
8,1212,313329.9,1,Average
8,1212,561838.0,1,Average
8,1212,355800.0,1,Average
8,1212,451602.2,1,Average
8,1212,258520.2,1,Below Average
8,1212,713779.1,1,Excellent
8,1212,300313.4,1,Average
8,1212,429073.1,1,Very Good
8,1212,422868.0,2,Average
8,1212,214393.0,1,Average
8,1212,958181.9,1,Good
8,1212,590454.9,1,Average
8,1212,544623.1,1,Average
8,1212,799507.0,1,Average
8,1212,536591.7,1,Average
8,1212,572563.0,1,Average
8,1212,257833.4,1,Average
8,1277,228422.4,1,Average
8,1277,89675.02,2,Average
8,1212,466100.9,1,Below Average
8,1212,890300.3,1,Average
8,1212,608821.7,1,Average
8,1212,853761.9,1,Average
8,1212,623126.7,1,Good
8,1212,428438.8,1,Average
8,1212,771082.1,1,Average
8,1212,613686.6,1,Average
8,1212,484465.5,1,Average
8,1212,344993.0,1,Average
8,1212,682727.2,1,Average
8,1212,659798.6,1,Average
8,1212,1030787.0,1,Average
8,1212,1198199.0,1,Good
8,1212,380330.0,1,Average
8,1212,598448.9,1,Average
8,1212,752712.2,1,Average
8,1212,655598.5,1,Average
8,1212,786198.3,1,Excellent
8,1212,722788.4,1,Average
8,1212,605656.1,1,Good
6,1212,1010726.0,1,Average
2,1277,1793806.0,1,Good
8,1212,267528.8,1,Average
8,1212,242336.5,1,Average
8,1212,189326.8,1,Average
8,1212,379743.3,1,Average
8,1212,475977.4,1,Average
8,1277,1455194.0,1,Good
8,1212,280199.1,1,Average
8,1212,342124.8,1,Average
8,1212,248437.3,1,Average
8,1212,195426.1,1,Average
8,1212,852987.5,1,Average
8,1212,158400.2,1,Below Average
8,1212,307865.3,1,Average
8,1277,295083.4,2,Average
8,1277,44916.13,1,Salvage
8,1212,301106.6,1,Average
8,1212,190752.7,1,Below Average
8,1212,285123.1,1,Average
8,1212,293436.9,1,Average
8,1212,286630.0,1,Average
8,1212,192088.7,1,Below Average
8,1212,290387.2,1,Average
8,1212,422614.0,1,Very Good
8,1212,456149.4,1,Good
8,1212,1892224.0,2,Excellent
8,1212,216842.8,1,Average
8,1212,294133.2,1,Average
8,1212,347570.2,1,Average
8,1212,72795.2,2,Below Average
8,1212,537730.3,1,Average
8,1212,634707.8,1,Average
8,1212,281302.9,1,Average
8,1212,561371.8,1,Average
8,1212,465793.0,1,Average
8,1212,430686.7,1,Below Average
8,1212,232183.4,1,Average
8,1212,242664.7,1,Below Average
8,1212,311992.8,1,Average
8,1212,470446.9,1,Below Average
8,1212,233313.6,1,Average
8,1212,397738.8,1,Average
8,1212,276932.2,1,Average
8,1212,442692.6,1,Average
8,1212,660070.3,1,Good
8,1212,534655.3,1,Good
8,1212,755052.7,1,Excellent
8,1212,170890.2,1,Average
8,1212,141210.0,1,Average
8,1212,269394.3,1,Average
8,1212,252674.7,1,Average
8,1212,258376.1,1,Average
8,1212,392176.7,1,Average
8,1212,328684.5,1,Average
8,1212,316887.3,1,Average
8,1212,273246.4,1,Average
8,1212,402885.0,1,Good
8,1212,187340.1,1,Average
8,1212,132235.3,1,Below Average
8,1212,214105.0,1,Average
8,1212,355780.4,1,Average
8,1212,499090.7,1,Average
8,1212,266496.0,1,Average
8,1212,251124.4,1,Average
8,1212,164990.6,1,Below Average
8,1212,48514.05,1,Average
8,1212,284572.1,1,Average
8,1277,262258.1,1,Average
8,1212,556270.7,1,Excellent
8,1212,146924.3,1,Average
8,1212,482663.2,1,Good
8,1212,571940.1,1,Excellent
8,1212,168678.1,1,Good
8,1212,183318.8,1,Average
8,1212,287626.2,1,Average
8,1212,174224.3,1,Average
8,1212,478040.7,1,Good
8,1212,649233.0,1,Average
8,1212,315516.3,1,Average
8,1212,201909.1,1,Average
8,1212,199595.3,1,Average
8,1212,593783.9,1,Average
8,1212,369139.6,1,Average
8,1212,178414.9,1,Average
8,1212,310953.5,1,Average
8,1212,216806.7,1,Average
8,1212,412731.4,1,Average
8,1212,160254.8,1,Below Average
8,1212,531256.7,1,Average
8,1212,450530.0,1,Good
8,1212,170055.7,1,Average
8,1212,438504.1,1,Average
8,1212,221420.8,1,Average
8,1212,461217.7,2,Excellent
8,1212,209540.6,1,Average
8,1212,303680.8,1,Average
8,1212,180948.4,1,Average
8,1212,322909.6,1,Average
8,1212,287320.4,1,Average
8,1212,337742.6,1,Good
8,1212,153852.7,1,Average
8,1212,349652.0,1,Below Average
8,1212,130715.4,1,Below Average
8,1212,735692.0,1,Average
8,1212,146232.3,1,Average
8,1212,183469.1,1,Average
8,1212,75662.56,1,Minimum
8,1212,324914.1,1,Average
8,1212,773373.8,1,Average
8,1277,264312.9,1,Average
8,1212,309143.7,1,Average
8,1212,261757.6,2,Excellent
8,1212,1096616.0,1,Average
8,1212,331432.6,1,Average
8,1212,361984.3,1,Average
8,1212,47773.48,1,Below Average
8,1212,338574.1,1,Average
8,1212,69380.43,1,Below Average
8,1212,76992.36,1,Minimum
8,1212,746932.4,1,Good
8,1212,139471.1,1,Below Average
8,1212,297889.8,1,Average
8,1212,370414.7,1,Average
8,1212,208126.4,1,Average
8,1277,311320.3,1,Average
8,1212,446674.5,1,Average
8,1212,280982.2,2,Average
8,1212,443198.5,1,Average
8,1212,255415.5,1,Average
8,1212,91728.15,2,Average
8,1212,267058.8,1,Average
8,1212,383613.3,1,Average
8,1212,344741.4,1,Average
8,1212,103245.7,1,Below Average
8,1212,384658.7,1,Average
8,1212,228838.7,1,Average
8,1212,130865.5,1,Below Average
8,1212,221508.1,1,Average
8,1212,597578.4,1,Very Good
8,1212,424381.7,1,Average
8,1212,426724.6,1,Good
8,1212,335528.1,1,Average
8,1212,63561.47,1,Below Average
8,1212,468042.2,1,Average
6,1212,1180727.0,1,Good
6,1212,1278702.0,1,Excellent
6,1212,846151.2,1,Average
6,1212,899399.7,1,Good
6,1212,894189.5,1,Average
6,1212,846723.4,1,Average
6,1212,589020.9,1,Excellent
6,1212,1426805.0,1,Excellent
6,1212,918887.2,1,Excellent
6,1212,821800.9,1,Average
6,1212,1141031.0,1,Excellent
6,1212,1269643.0,1,Excellent
6,1212,788884.1,1,Average
6,1212,787869.6,1,Average
6,1212,1021285.0,1,Excellent
6,1212,250110.8,2,Excellent
6,1212,798459.8,1,Excellent
6,1212,932495.2,1,Good
6,1212,889695.4,1,Average
6,1212,564847.1,1,Average
6,1212,803601.8,1,Excellent
6,1212,1687422.0,1,Excellent
6,1212,825649.3,1,Average
6,1212,578023.2,1,Average
6,1212,936883.8,1,Average
6,1212,872397.5,1,Average
6,1212,585488.2,1,Good
6,1212,319716.0,2,Good
6,1212,1014497.0,1,Good
6,1212,887288.6,1,Average
6,1212,891915.2,1,Average
6,1212,863730.8,1,Average
6,1212,900860.7,1,Average
6,1212,930396.3,1,Average
6,1212,883206.5,1,Average
6,1212,740944.0,1,Average
6,1212,835033.3,1,Average
6,1215,1395000.0,1,Excellent
6,1212,1002643.0,1,Good
6,1212,920472.0,1,Good
6,1212,816818.6,1,Average
6,1212,1225454.0,1,Excellent
6,1212,70470.73,1,Excellent
6,1212,905560.3,1,Very Good
6,1212,604596.7,1,Average
6,1212,214778.3,2,Average
6,1212,872172.8,1,Average
6,1212,1330744.0,1,Excellent
6,1212,1267765.0,1,Average
6,1212,900670.8,1,Average
6,1212,866175.6,1,Average
6,1212,959566.2,1,Excellent
6,1212,1270148.0,1,Average
6,1212,1613319.0,1,Good
6,1212,782456.0,1,Good
6,1212,1314259.0,1,Good
6,1212,914206.0,1,Average
6,1212,933847.7,1,Average
6,1212,1002416.0,1,Average
6,1212,1200964.0,1,Excellent
6,1212,95390.17,1,Excellent
6,1212,1270690.0,1,Good
6,1212,956165.0,1,Good
6,1212,1284848.0,1,Good
6,1212,951695.3,1,Excellent
6,1212,794351.1,1,Average
6,1215,1505316.0,1,Excellent
6,1212,1064538.0,1,Very Good
6,1212,842653.7,1,Average
6,1212,906171.7,1,Good
6,1212,988668.0,1,Good
6,1212,776846.6,1,Average
6,1215,950246.3,1,Average
6,1212,792943.9,1,Average
6,1212,797151.0,1,Average
6,1212,703313.0,1,Average
6,1212,2534247.0,1,Very Good
6,1212,864463.4,1,Average
6,1212,708109.3,1,Average
6,1212,742304.7,1,Average
6,1212,720308.8,1,Average
6,1212,779687.2,1,Average
6,1212,812939.0,1,Average
6,1212,850660.5,1,Average
6,1212,790714.7,1,Average
6,1230,908447.8,1,Average
6,1212,593250.5,1,Average
6,1212,783702.3,1,Average
6,1212,910193.0,1,Good
6,1215,1157280.0,1,Average
6,1215,847172.6,1,Good
6,1212,840821.7,1,Average
6,1212,565635.1,1,Average
6,1212,850164.4,1,Average
6,1212,768488.2,1,Average
6,1212,746662.7,1,Average
6,1212,844593.0,1,Excellent
6,1212,519911.4,1,Good
6,1212,660789.2,1,Average
6,1212,856699.2,1,Average
6,1212,634370.5,1,Average
6,1212,297402.1,2,Excellent
6,1212,482196.5,1,Average
6,1212,125128.9,2,Average
6,1212,374780.3,1,Average
6,1212,295148.2,1,Average
6,1212,1482473.0,1,Excellent
6,1212,839628.6,1,Very Good
6,1212,893418.4,1,Average
6,1212,749823.1,1,Average
6,1212,716456.8,1,Average
6,1215,995907.3,1,Average
6,1212,702970.5,1,Average
6,1212,848622.9,1,Good
6,1212,433146.0,1,Average
6,1212,535182.5,1,Average
6,1212,836500.0,1,Average
6,1212,749399.2,1,Average
6,1212,905519.3,1,Average
6,1215,1061225.0,1,Average
6,1212,804963.2,1,Average
6,1212,564429.8,1,Average
6,1212,807403.6,1,Average
6,1212,624466.4,1,Average
6,1212,1093235.0,1,Average
6,1212,885025.1,1,Good
6,1212,809595.5,1,Average
6,1212,1152869.0,1,Average
6,1212,754933.4,1,Average
6,1230,771922.1,1,Average
6,1212,1028334.0,1,Average
6,1212,753737.1,1,Average
6,1212,817887.0,1,Average
6,1212,184481.4,2,Average
6,1230,749872.7,1,Average
6,1230,782267.4,1,Average
6,1230,445915.3,1,Average
6,1230,447285.0,1,Average
6,1230,445915.3,1,Average
6,1230,445915.3,1,Average
6,1230,613265.1,1,Average
6,1230,597933.4,1,Average
6,1230,597933.4,1,Average
6,1230,613265.1,1,Average
6,1230,541030.0,1,Average
6,1230,513978.5,1,Average
6,1230,526935.9,1,Average
6,1230,501129.1,1,Average
6,1230,500589.1,1,Average
6,1230,501129.1,1,Average
6,1230,513978.5,1,Average
6,1230,541030.0,1,Average
6,1230,460142.4,1,Average
6,1230,448638.8,1,Average
6,1230,448638.8,1,Average
6,1230,460142.4,1,Average
6,1230,411685.9,1,Average
6,1230,411685.9,1,Average
6,1230,411685.9,1,Average
6,1230,411685.9,1,Average
6,1230,587229.1,1,Average
6,1230,601985.2,1,Average
6,1230,524630.9,1,Average
6,1230,524630.9,1,Average
6,1230,601985.2,1,Average
6,1230,601985.2,1,Average
6,1230,601985.2,1,Average
6,1230,601985.2,1,Average
6,1230,523769.7,1,Average
6,1230,552243.0,1,Average
6,1230,617420.7,1,Average
6,1230,538082.9,1,Average
6,1230,538082.9,1,Average
6,1230,439018.4,1,Average
6,1230,460755.0,1,Average
6,1230,664187.0,1,Average
6,1230,740853.4,1,Average
6,1230,433028.3,1,Average
6,1230,433028.3,1,Average
6,1230,433028.3,1,Average
6,1230,455819.2,1,Average
6,1230,580023.5,1,Average
6,1230,577462.2,1,Average
6,1230,726974.8,1,Average
6,1212,906603.7,1,Average
6,1215,823450.9,1,Average
6,1212,1041430.0,1,Very Good
6,1212,835498.3,1,Average
6,1212,458185.8,1,Below Average
6,1212,713165.3,1,Average
6,1230,626391.7,1,Average
6,1212,692520.6,1,Very Good
6,1212,529370.7,1,Excellent
6,1212,780369.0,1,Good
6,1212,787567.5,1,Average
6,1212,931368.4,1,Very Good
6,1212,626072.8,1,Average
6,1212,810011.7,1,Average
6,1212,801766.1,1,Average
6,1212,636581.3,1,Average
6,1212,566983.7,1,Average
6,1212,756572.2,1,Average
6,1212,477694.3,1,Below Average
6,1215,1022142.0,1,Good
6,1212,410412.7,1,Average
6,1215,638257.0,1,Average
6,1212,773017.5,1,Average
6,1212,772022.2,1,Average
6,1212,828419.8,1,Good
6,1212,276065.4,2,Good
6,1212,221057.5,2,Average
6,1212,609889.7,1,Average
6,1212,310276.9,2,Excellent
6,1212,668700.1,1,Good
6,1212,796802.1,1,Average
6,1212,796157.1,1,Average
6,1212,840120.6,1,Average
6,1212,788116.6,1,Average
6,1212,759386.6,1,Average
6,1212,147262.3,2,Excellent
6,1212,988071.2,1,Very Good
6,1212,219160.2,2,Average
6,1212,905979.0,1,Good
6,1212,699517.1,1,Average
6,1212,610493.7,1,Average
6,1212,1047254.0,1,Excellent
6,1212,799265.0,1,Average
6,1212,1329350.0,1,Very Good
6,1212,709270.1,1,Average
6,1212,1075299.0,1,Good
6,1212,752025.9,1,Average
6,1212,290763.1,2,Good
6,1212,642698.7,1,Good
6,1215,910007.1,1,Average
6,1212,696520.9,1,Average
6,1212,798944.6,1,Average
6,1212,952328.6,1,Very Good
6,1212,817227.5,1,Average
6,1212,893940.0,1,Very Good
6,1212,790442.0,1,Average
6,1212,862560.5,1,Average
6,1212,1037463.0,1,Good
6,1212,114814.4,1,Excellent
6,1212,914636.1,1,Average
6,1212,853625.2,1,Average
6,1212,796176.0,1,Average
6,1212,566830.1,1,Average
6,1212,254746.5,2,Average
6,1212,884848.1,1,Average
6,1212,982843.4,1,Good
6,1212,1034872.0,1,Average
6,1212,972806.2,1,Average
6,1212,674892.1,1,Average
6,1212,385879.5,2,Average
6,1212,307170.2,2,Excellent
6,1212,851175.0,1,Average
6,1212,909552.0,1,Average
6,1215,944976.6,1,Average
6,1212,681262.2,1,Average
6,1212,672977.7,1,Average
6,1212,750094.8,1,Average
6,1212,757463.2,1,Average
6,1212,1003770.0,1,Good
6,1212,769984.6,1,Average
6,1212,823314.3,1,Average
6,1212,1250912.0,1,Good
6,1212,868742.9,1,Average
6,1212,1102133.0,1,Good
6,1212,851273.9,1,Average
6,1212,877651.5,1,Very Good
6,1212,657278.0,1,Good
6,1215,774894.2,1,Average
6,1212,736738.3,1,Average
6,1212,887809.8,1,Average
6,1212,279766.8,2,Average
6,1212,575214.9,1,Average
6,1230,424127.4,1,Average
6,1230,392166.7,1,Average
6,1230,392166.7,1,Average
6,1230,424127.4,1,Average
6,1230,518157.5,1,Average
6,1230,622195.8,1,Average
6,1230,579056.5,1,Average
6,1230,579056.5,1,Average
6,1230,586909.7,1,Average
6,1230,593904.1,1,Average
6,1230,627727.0,1,Average
6,1230,625401.4,1,Average
6,1212,1870616.0,1,Average
6,1212,2171166.0,1,Very Good
6,1212,2187793.0,1,Very Good
6,1212,1340605.0,1,Average
6,1212,2342152.0,1,Excellent
6,1212,1999923.0,1,Good
6,1212,1825817.0,1,Good
6,1212,2375133.0,1,Excellent
6,1230,1007561.0,1,Average
6,1230,958172.9,1,Average
6,1230,1034610.0,1,Good
6,1230,1034610.0,1,Good
6,1230,929655.4,1,Good
6,1230,872769.6,1,Good
6,1212,1853448.0,1,Average
6,1212,1270274.0,1,Average
6,1230,1062933.0,1,Good
6,1230,1061836.0,1,Good
6,1230,1062933.0,1,Good
6,1230,1182197.0,1,Average
6,1212,200935.9,2,Average
6,1212,4226892.0,1,Average
6,1212,3027110.0,1,Average
6,1212,1722759.0,1,Average
6,1212,2138093.0,1,Good
6,1212,2456573.0,1,Good
6,1212,1966078.0,1,Good
6,1212,1281681.0,1,Average
6,1212,2518140.0,1,Good
6,1212,2496264.0,1,Very Good
6,1212,2603454.0,1,Very Good
6,1212,589941.4,1,Excellent
6,1212,2507988.0,1,Average
6,1212,1238024.0,1,Average
6,1212,3613540.0,1,Very Good
6,1212,2956659.0,1,Average
6,1212,3102017.0,1,Average
6,1212,3402554.0,1,Excellent
6,1230,1756726.0,1,Average
6,1212,2248867.0,1,Very Good
6,1212,1735055.0,1,Average
6,1212,1300679.0,1,Average
6,1212,1881035.0,1,Average
6,1212,1653444.0,1,Good
6,1230,1671453.0,1,Average
6,1230,1674882.0,1,Average
6,1230,1689705.0,1,Average
6,1230,3008237.0,1,Good
6,1230,2610612.0,1,Good
8,1277,312331.5,1,Below Average
8,1212,356518.6,1,Average
8,1212,858104.9,1,Average
8,1212,1442519.0,1,Average
8,1212,1125565.0,1,Good
8,1212,592974.3,1,Average
8,1212,290617.2,2,Average
8,1212,762080.7,1,Average
8,1212,688201.9,1,Average
8,1212,473759.8,1,Good
8,1212,509738.1,1,Average
8,1212,449029.4,1,Average
8,1212,585680.5,1,Average
8,1212,440706.5,1,Average
8,1212,685050.3,1,Average
8,1212,766663.7,1,Average
8,1212,342260.0,1,Average
8,1212,623740.3,1,Average
8,1212,961660.6,1,Average
8,1212,548262.2,1,Average
8,1212,684490.7,1,Average
8,1212,588112.3,1,Average
8,1212,686527.1,1,Average
8,1212,497995.6,1,Average
8,1212,1096053.0,1,Good
8,1212,1545354.0,1,Good
8,1212,792678.7,1,Good
8,1212,1469041.0,1,Good
8,1212,570856.4,1,Good
8,1212,775634.4,1,Good
8,1212,1078228.0,1,Average
8,1212,823515.3,1,Average
8,1212,196653.5,1,Below Average
8,1212,35126.89,1,Minimum
8,1212,378601.4,1,Below Average
8,1212,140112.6,1,Average
8,1212,539088.9,1,Below Average
8,1212,550560.7,1,Average
8,1212,599357.9,1,Average
8,1212,904240.3,1,Average
8,1212,1245715.0,1,Average
8,1212,696468.1,1,Average
8,1212,752608.9,1,Average
8,1212,789551.8,1,Good
8,1212,587954.8,1,Average
8,1212,1605246.0,1,Average
8,1212,464514.8,1,Average
8,1212,107107.6,1,Average
8,1212,219894.7,2,Average
8,1212,345042.8,1,Average
8,1212,111334.8,1,Below Average
8,1212,1307332.0,1,Excellent
8,1212,132903.7,2,Average
8,1212,491108.9,2,Average
8,1212,703433.4,1,Average
8,1212,662034.4,1,Average
8,1212,1483035.0,1,Average
8,1212,109581.0,2,Average
8,1212,396943.1,1,Average
8,1212,483732.8,2,Good
8,1212,451526.2,1,Average
8,1212,253345.7,2,Average
8,1212,380706.9,1,Average
8,1212,85719.33,1,Minimum
8,1212,1069872.0,1,Good
8,1212,1373313.0,1,Good
8,1212,439343.7,1,Average
8,1212,1471447.0,1,Excellent
8,1212,490935.8,1,Average
8,1212,1559748.0,1,Average
8,1212,304335.0,1,Average
8,1213,28971.89,1,Average
8,1212,104047.3,1,Average
8,1212,159793.6,1,Good
8,1212,193717.9,1,Below Average
8,1212,79287.59,1,Average
8,1212,97472.41,1,Average
8,1212,71558.47,1,Average
8,1212,126354.8,1,Average
8,1277,641105.7,2,Average
8,1277,123109.6,1,Average
8,1212,82285.32,1,Average
8,1212,428774.6,1,Average
8,1212,85742.4,1,Average
8,1212,91568.28,1,Average
8,1212,116590.1,1,Average
8,1212,33104.9,1,Salvage
8,1212,75273.69,1,Below Average
8,1212,85641.9,1,Average
8,1212,121147.5,1,Average
8,1212,88838.6,1,Average
8,1277,563970.2,2,Average
8,1277,352564.5,7,Average
8,1277,79717.04,6,Average
8,1277,303913.2,1,Average
8,1277,219115.1,5,Average
8,1277,109216.8,4,Average
8,1278,133292.3,3,Average
8,1213,12065.31,1,Average
8,1212,64652.05,1,Below Average
8,1212,179188.6,1,Average
8,1212,142850.1,1,Below Average
8,1277,908909.9,1,Average
8,1212,339766.3,2,Average
8,1212,597316.7,1,Average
8,1212,113549.8,1,Average
8,1212,65933.0,2,Average
8,1212,632687.0,1,Average
8,1212,126448.5,1,Average
8,1212,150864.9,1,Average
8,1235,78855.0,1,Excellent
8,1277,536667.7,2,Average
8,1212,139741.9,1,Good
8,1277,50225.19,1,Minimum
8,1277,396278.5,2,Average
8,1277,191392.2,1,Below Average
8,1277,245266.1,1,Average
8,1212,92152.88,1,Average
8,1277,421986.7,1,Average
8,1212,179352.3,1,Average
8,1277,158175.8,1,Below Average
8,1277,1294361.0,2,Good
8,1212,112063.5,1,Average
8,1212,164037.7,1,Average
8,1212,95449.63,1,Below Average
8,1212,156311.5,1,Average
8,1277,209978.1,1,Average
8,1212,68237.95,1,Below Average
8,1212,265475.4,1,Average
8,1212,118509.2,1,Average
8,1212,109544.8,1,Average
8,1277,336136.3,1,Average
8,1212,171435.7,1,Average
8,1277,213049.2,1,Average
8,1212,84554.08,1,Average
8,1277,343213.3,1,Average
8,1212,137130.1,1,Good
8,1212,240619.8,1,Average
8,1277,238541.4,1,Average
8,1212,135634.6,1,Good
8,1212,59087.69,1,Minimum
8,1212,38016.64,1,Minimum
8,1277,309928.5,2,Good
8,1277,162341.2,1,Good
8,1277,289408.0,3,Good
8,1277,114706.0,2,Average
8,1277,663158.4,1,Very Good
8,1277,1260472.0,7,Excellent
8,1212,77922.63,1,Below Average
8,1277,141151.6,1,Average
8,1277,428421.5,1,Average
8,1212,93540.37,1,Average
8,1277,589195.4,1,Good
8,1212,246022.8,1,Average
8,1212,233674.4,1,Below Average
8,1277,381339.5,1,Average
8,1212,134431.2,1,Average
8,1212,13722.49,1,Salvage
8,1277,404830.7,1,Average
8,1277,188807.6,1,Average
8,1277,472336.7,1,Average
8,1212,209423.0,4,Average
8,1212,375882.5,1,Average
8,1212,130224.3,1,Below Average
8,1212,92663.72,1,Average
8,1212,73458.61,1,Below Average
8,1277,303283.8,1,Good
8,1212,156279.5,1,Below Average
8,1277,516116.7,2,Average
8,1277,220814.5,1,Average
8,1277,364745.4,1,Average
8,1212,164751.4,1,Average
8,1212,333117.9,1,Below Average
8,1212,299872.6,2,Below Average
8,1212,146085.3,1,Below Average
8,1212,121758.1,3,Below Average
8,1277,463465.9,1,Good
8,1212,31025.72,1,Average
8,1212,635407.8,1,Average
8,1277,56314.08,5,Average
8,1277,78350.03,6,Average
8,1277,48851.16,4,Average
8,1277,62323.89,7,Average
8,1277,104485.9,1,Average
8,1277,361858.6,1,Good
8,1277,989987.9,2,Good
8,1277,170008.3,1,Average
8,1277,271915.5,1,Good
8,1212,124863.4,1,Below Average
8,1212,229011.5,1,Average
8,1212,55116.62,2,Average
8,1212,751946.6,2,Average
8,1212,397269.5,1,Average
8,1212,323111.3,1,Average
8,1212,58911.48,3,Average
8,1212,484853.9,1,Average
8,1212,171418.8,1,Average
8,1212,60619.06,1,Below Average
8,1212,354951.0,1,Average
8,1212,427634.6,1,Average
8,1212,53369.08,2,Average
8,1212,160107.2,1,Average
8,1212,394641.0,1,Average
8,1212,292780.3,1,Average
8,1212,329775.7,1,Average
8,1212,397504.2,1,Average
8,1212,418634.0,1,Below Average
8,1212,311315.4,2,Average
8,1212,121105.4,1,Average
8,1212,140027.1,1,Below Average
8,1212,77209.95,1,Average
8,1235,67620.0,1,Average
8,1212,93386.36,1,Good
8,1212,345002.3,1,Average
8,1212,568570.0,1,Good
8,1212,457055.0,1,Average
8,1212,625157.3,1,Good
8,1212,515401.4,1,Average
8,1212,372377.7,1,Average
8,1212,680326.4,1,Average
8,1212,308897.6,1,Average
8,1212,581550.9,1,Average
8,1212,50711.03,1,Minimum
8,1212,270453.5,1,Average
8,1212,235856.8,1,Average
8,1212,224753.1,1,Average
8,1212,189078.3,1,Average
8,1212,494052.9,1,Good
8,1212,493569.4,1,Average
8,1212,398938.6,1,Average
8,1212,285197.2,1,Average
8,1277,114130.2,1,Minimum
8,1212,353705.5,1,Average
8,1212,235263.5,1,Average
8,1212,729806.2,1,Good
8,1212,566609.6,1,Average
8,1212,204466.9,1,Average
8,1212,490368.9,1,Average
8,1212,642217.5,1,Average
8,1212,361141.3,1,Average
8,1212,468507.6,1,Average
8,1212,717447.2,1,Excellent
8,1212,350787.3,1,Average
8,1212,264667.2,1,Average
8,1212,260022.5,1,Average
8,1212,914959.0,1,Good
8,1212,380621.1,1,Average
8,1212,599141.3,1,Average
8,1212,392969.0,1,Average
8,1212,1285899.0,1,Average
8,1277,515902.5,1,Average
8,1212,285206.9,1,Excellent
8,1212,418281.7,1,Good
8,1212,327085.8,1,Average
8,1277,156304.0,1,Average
8,1277,365539.9,2,Average
8,1212,218587.9,1,Below Average
8,1212,489170.3,1,Average
8,1277,384598.3,1,Average
8,1212,422047.2,1,Average
8,1212,250350.9,1,Average
8,1212,387436.3,1,Average
8,1212,412757.0,1,Average
8,1212,617118.7,1,Average
8,1212,423997.9,1,Average
8,1212,958633.7,1,Average
8,1212,412110.9,1,Average
8,1212,362476.5,1,Excellent
8,1212,510916.7,1,Good
8,1212,580831.8,1,Average
8,1212,171258.4,2,Average
8,1212,534308.0,1,Average
8,1212,270753.4,1,Average
8,1212,535141.4,1,Average
8,1212,348128.1,1,Excellent
8,1212,627958.6,1,Good
8,1212,558922.6,1,Excellent
8,1212,436640.0,1,Average
8,1212,494182.6,1,Excellent
8,1212,349814.3,1,Average
8,1212,425611.2,1,Good
8,1212,333706.8,1,Average
8,1212,272231.0,1,Average
8,1212,348335.9,1,Average
8,1212,351712.9,1,Below Average
8,1212,398243.0,1,Average
8,1212,367795.5,1,Good
8,1212,101727.1,1,Average
8,1212,397541.9,1,Average
8,1212,320878.7,1,Average
1,1212,306260.8,1,Below Average
8,1212,814071.7,1,Good
8,1212,548753.0,1,Good
8,1212,1212416.0,1,Excellent
8,1212,252377.5,2,Average
8,1212,976852.1,1,Average
8,1212,479785.4,1,Average
8,1212,636220.2,1,Average
8,1212,629873.9,1,Average
8,1212,359892.5,1,Average
8,1212,445533.9,1,Average
8,1212,485542.7,1,Average
8,1212,251636.8,1,Average
8,1212,554380.9,1,Average
8,1212,224150.7,1,Average
8,1212,1233000.0,1,Average
8,1212,702131.9,1,Average
8,1212,482347.2,1,Average
8,1212,163258.3,1,Below Average
8,1212,656448.0,1,Average
8,1212,537321.7,1,Average
8,1212,439011.0,1,Average
8,1212,361008.3,1,Average
8,1212,863598.0,1,Average
8,1212,288367.1,1,Average
8,1212,856283.9,1,Good
8,1212,286676.3,1,Average
8,1212,403379.7,1,Very Good
8,1212,213552.7,1,Average
8,1212,403607.2,1,Average
8,1212,83661.31,1,Excellent
8,1212,381239.0,1,Average
8,1212,311639.6,1,Average
8,1212,451357.7,1,Average
8,1212,46149.17,1,Average
8,1212,385627.3,1,Excellent
8,1212,369526.3,1,Below Average
8,1212,1597431.0,1,Good
8,1212,1022496.0,1,Average
8,1212,722539.8,1,Average
8,1212,1058998.0,1,Average
8,1212,2309490.0,1,Excellent
8,1212,457744.0,1,Average
8,1212,374786.6,1,Average
8,1212,860638.1,1,Average
8,1212,589684.8,1,Average
8,1212,786550.3,1,Average
1,1212,475061.7,1,Average
1,1212,686899.3,1,Average
1,1212,557948.5,1,Average
1,1212,469161.5,1,Average
1,1212,500262.6,1,Average
1,1212,381038.1,1,Average
8,1212,484038.0,1,Good
8,1212,640007.2,1,Average
8,1212,699566.7,1,Average
8,1212,334591.2,1,Average
8,1212,299477.8,1,Average
8,1212,281217.3,1,Average
8,1212,618662.3,1,Good
8,1212,339480.6,1,Average
8,1212,113176.1,1,Below Average
8,1212,108408.5,1,Average
8,1212,415640.0,1,Very Good
8,1212,282201.6,1,Average
8,1212,260562.2,1,Average
8,1212,357399.7,1,Average
8,1212,767164.2,1,Average
8,1212,276389.2,1,Average
8,1212,367705.3,1,Average
8,1212,521124.2,1,Average
8,1212,464003.8,1,Average
8,1212,462629.0,1,Average
8,1212,356439.8,1,Average
8,1212,187590.9,1,Excellent
8,1212,91315.03,1,Excellent
8,1212,699747.9,1,Average
8,1212,115771.3,2,Average
8,1212,402502.3,1,Average
8,1212,239745.7,1,Average
1,1212,136269.5,1,Average
8,1212,342352.4,1,Average
8,1212,342857.0,1,Average
8,1212,268164.0,1,Average
8,1212,573983.1,1,Average
8,1212,842656.7,1,Average
8,1212,433795.2,1,Average
8,1212,409851.0,1,Average
8,1212,700540.6,1,Average
8,1212,522487.2,1,Average
8,1212,738261.6,1,Average
8,1212,987942.3,1,Average
8,1212,1165819.0,1,Excellent
8,1212,380421.2,1,Average
8,1212,97098.12,1,Average
8,1212,497490.0,1,Average
8,1212,198948.8,1,Average
8,1212,702002.6,1,Good
8,1212,294104.6,1,Average
8,1212,463415.3,1,Average
1,1212,694374.0,1,Average
1,1212,1078299.0,1,Excellent
8,1212,575135.7,1,Average
8,1212,125959.5,1,Average
1,1212,561381.7,1,Average
8,1212,374543.8,1,Excellent
8,1212,814887.8,1,Good
8,1212,440426.8,1,Average
6,1230,577004.2,1,Average
6,1230,549527.8,1,Average
6,1230,549545.9,1,Average
6,1230,549527.8,1,Average
6,1230,605854.4,1,Average
8,1212,740746.5,1,Average
8,1215,509751.2,2,Average
1,1230,391166.9,1,Average
1,1230,381387.7,1,Average
1,1230,391166.9,1,Average
1,1230,391166.9,1,Average
1,1230,381387.7,1,Average
1,1230,391166.9,1,Average
1,1230,390603.1,1,Average
1,1230,381387.7,1,Average
1,1230,391166.9,1,Average
1,1230,391166.9,1,Average
1,1230,381387.7,1,Average
1,1230,391166.9,1,Average
1,1230,391166.9,1,Average
1,1230,294710.0,1,Average
1,1230,391166.9,1,Average
8,1212,179104.0,1,Average
8,1212,233766.0,1,Average
6,1212,1137084.0,1,Average
6,1220,1070241.0,1,Average
8,1212,273970.0,1,Average
6,1230,430641.7,1,Average
8,1212,259722.5,1,Average
6,1230,303199.6,1,Average
6,1230,295619.7,1,Average
6,1230,296440.0,1,Average
6,1230,295619.7,1,Average
6,1230,295619.7,1,Average
6,1230,303199.6,1,Average
6,1230,378337.4,1,Average
6,1230,359420.6,1,Average
6,1230,295619.7,1,Average
6,1230,295619.7,1,Average
6,1230,296440.0,1,Average
6,1230,295619.7,1,Average
6,1230,350435.1,1,Average
6,1230,347470.7,1,Average
6,1230,296440.0,1,Average
6,1230,311178.6,1,Average
6,1230,311178.6,1,Average
6,1230,295619.7,1,Average
6,1230,295619.7,1,Average
6,1230,311178.6,1,Average
6,1230,311178.6,1,Average
6,1230,312042.2,1,Average
6,1230,368879.0,1,Average
6,1230,378909.6,1,Average
6,1230,312042.2,1,Average
6,1230,311178.6,1,Average
6,1230,312042.2,1,Average
6,1230,295619.7,1,Average
6,1230,359420.6,1,Average
6,1230,378337.4,1,Average
6,1230,303199.6,1,Average
6,1230,325841.0,1,Average
6,1230,342990.5,1,Average
6,1230,325841.0,1,Average
6,1230,320043.2,1,Average
6,1230,325841.0,1,Average
6,1230,295619.7,1,Average
6,1230,311178.6,1,Average
6,1230,295619.7,1,Average
6,1230,295619.7,1,Average
6,1230,326645.8,1,Average
6,1230,303199.6,1,Average
6,1230,343837.7,1,Average
6,1230,342990.5,1,Average
6,1230,342990.5,1,Average
6,1230,361029.6,1,Average
6,1230,318541.0,1,Average
6,1230,371112.7,1,Average
6,1230,318541.0,1,Average
6,1230,352557.1,1,Average
6,1230,1719510.0,1,Average
6,1230,389628.2,1,Average
2,1212,1771957.0,1,Average
2,1212,93394.82,2,Average
2,1212,806366.4,1,Average
8,1212,421267.7,1,Below Average
6,1212,1585983.0,1,Average
2,1220,3217407.0,1,Excellent
6,1230,795580.0,1,Average
1,1212,866343.1,1,Good
6,1230,1027457.0,1,Average
6,1230,1027457.0,1,Average
6,1230,1182197.0,1,Average
8,1212,280117.0,1,Average
8,1212,60743.85,2,Average
8,1212,41502.16,1,Below Average
1,1230,309560.0,1,Average
8,1212,1174538.0,1,Average
6,1212,997275.5,1,Good
1,1212,424015.6,1,Average
1,1212,521092.4,1,Average
1,1212,317042.1,2,Average
1,1212,238585.2,1,Average
1,1230,225590.0,1,Average
1,1212,79022.73,2,Minimum
1,1212,3021.26,3,Salvage
1,1212,18898.82,1,Salvage
1,1230,479909.1,1,Average
1,1230,479909.1,1,Average
2,1212,1294927.0,1,Average
2,1212,413768.0,1,Below Average
2,1230,633080.8,1,Average
6,1212,1032392.0,1,Average
6,1212,3902082.0,1,Average
6,1212,3076024.0,1,Very Good
6,1212,3555013.0,1,Average
8,1212,85437.87,1,Below Average
8,1212,198612.5,1,Average
8,1212,1188057.0,1,Average
1,1212,791565.8,1,Good
8,1277,135349.7,1,Average
8,1277,476446.2,1,Average
8,1277,157588.5,1,Average
8,1277,135349.7,1,Average
8,1212,335968.8,1,Average
6,1212,880342.7,1,Average
6,1212,741341.2,1,Average
8,1212,201174.0,1,Average
6,1212,838430.9,1,Average
6,1230,633668.7,1,Average
2,1230,816440.1,1,Average
6,1230,1061892.0,1,Good
8,1212,217419.7,1,Average
1,1212,333301.1,1,Average
6,1230,549397.9,1,Average
6,1212,862997.0,1,Average
2,1230,773758.3,1,Average
2,1230,773758.3,1,Average
2,1230,816440.1,1,Average
8,1277,629167.8,1,Average
8,1212,488004.2,1,Average
2,1230,1311437.0,1,Average
8,1212,161231.4,1,Average
6,1230,419765.9,1,Average
6,1230,482305.6,1,Average
1,1212,36016.66,2,Average
1,1212,441906.8,1,Average
8,1212,257120.6,1,Below Average
8,1212,559452.1,1,Average
8,1277,1275097.0,1,Good
8,1277,320561.6,2,Average
8,1277,918776.6,1,Average
8,1277,292989.6,2,Average
8,1277,379687.8,1,Average
8,1212,897698.6,1,Good
8,1212,333172.0,1,Average
8,1212,246645.9,1,Average
8,1212,206578.3,1,Average
8,1212,255735.5,1,Average
8,1212,108542.9,1,Below Average
8,1212,62675.61,2,Minimum
8,1212,60499.37,1,Minimum
8,1277,266692.6,1,Average
6,1212,1316752.0,1,Excellent
6,1230,590835.1,1,Average
6,1230,590835.1,1,Average
6,1230,590835.1,1,Average
6,1230,590835.1,1,Average
6,1230,577487.3,1,Average
6,1230,577487.3,1,Average
6,1230,607881.4,1,Average
6,1230,607881.4,1,Average
6,1230,607881.4,1,Average
6,1230,607881.4,1,Average
2,1230,1001560.0,1,Average
2,1230,943074.4,1,Average
8,1277,178292.4,1,Below Average
1,1212,256758.3,1,Average
8,1212,470781.3,1,Average
8,1277,2804476.0,1,Good
2,1212,2207067.0,1,Good
8,1277,153794.2,1,Average
8,1277,162871.5,1,Below Average
1,1212,72101.24,2,Average
1,1212,231482.2,1,Average
2,1212,2027019.0,1,Average
8,1212,1955062.0,1,Average
8,1212,278324.4,1,Average
8,1212,359719.7,1,Average
1,1212,1040367.0,1,Excellent
1,1212,495128.2,1,Average
1,1212,852214.9,1,Average
1,1212,592261.5,1,Good
1,1212,558482.3,1,Average
1,1212,358968.2,1,Average
1,1212,590450.3,1,Average
1,1212,494570.0,1,Average
1,1212,497703.5,1,Average
1,1212,634427.7,1,Average
1,1212,419835.7,1,Average
1,1212,644461.7,1,Average
1,1212,684886.8,1,Average
8,1212,357947.9,1,Average
8,1212,305960.5,2,Good
8,1212,20697.29,1,Salvage
2,1215,1413896.0,1,Average
6,1212,898725.5,1,Average
8,1212,543247.8,1,Average
1,1212,450758.3,1,Average
8,1277,328134.1,1,Excellent
2,1212,1716957.0,1,Average
2,1212,67949.2,2,Excellent
6,1230,1454135.0,1,Average
6,1230,824843.7,1,Average
8,1212,328062.2,1,Very Good
1,1212,463693.1,1,Average
8,1277,535893.2,1,Good
8,1212,390062.8,1,Excellent
8,1212,448113.6,1,Average
6,1212,192318.3,1,Excellent
1,1212,478381.7,1,Average
6,1212,718371.4,1,Average
8,1212,709134.7,1,Average
1,1212,419143.2,1,Average
6,1212,624560.9,1,Average
2,1212,42871.9,2,Good
2,1212,2863394.0,1,Good
2,1230,586391.1,1,Average
6,1212,1521152.0,1,Average
1,1212,1404434.0,1,Excellent
8,1212,301177.2,1,Average
2,1230,736251.0,1,Average
6,1212,1250554.0,1,Good
6,1212,943684.9,1,Good
8,1212,605864.2,1,Average
6,1230,1676620.0,1,Average
8,1212,172311.3,1,Average
8,1212,273874.9,1,Average
6,1230,811203.2,1,Average
8,1212,193407.7,1,Average
1,1212,195949.0,1,Average
2,1212,1397635.0,1,Average
2,1212,117186.1,2,Average
1,1212,211253.5,3,Average
1,1215,239299.3,1,Average
1,1215,230458.4,2,Average
1,1212,390123.5,1,Average
6,1230,534042.9,1,Average
8,1212,335173.0,1,Average
8,1277,60564.26,1,Average
6,1230,442470.7,1,Average
8,1277,298580.3,1,Average
6,1212,1360268.0,1,Very Good
8,1212,560986.3,1,Average
8,1212,305234.4,1,Average
1,1212,199742.2,1,Below Average
8,1212,1028281.0,1,Good
8,1212,439780.8,1,Average
2,1215,1304872.0,1,Average
8,1212,198738.4,1,Average
8,1212,198738.4,1,Average
2,1230,474633.7,1,Average
6,1212,1289682.0,1,Good
6,1212,1289855.0,1,Good
8,1212,70867.38,1,Minimum
6,1212,1685860.0,1,Good
6,1230,498185.6,1,Average
6,1212,818350.1,1,Average
1,1277,40244.54,2,Below Average
1,1277,322044.8,1,Average
6,1212,1698065.0,1,Average
6,1230,481421.2,1,Average
2,1212,1530746.0,1,Average
6,1230,672241.4,1,Average
6,1230,669454.1,1,Average
6,1230,657349.7,1,Average
2,1212,948251.2,1,Below Average
2,1212,1372121.0,1,Good
8,1212,123414.6,1,Average
6,1230,757695.3,1,Average
8,1212,875431.9,1,Excellent
6,1230,909303.1,1,Average
8,1212,165110.4,1,Average
8,1212,782375.7,1,Average
1,1212,361309.1,1,Average
1,1230,286318.0,1,Average
1,1230,354068.7,1,Average
1,1212,450877.6,1,Average
1,1230,287311.0,1,Average
1,1230,363147.3,1,Average
1,1230,287311.0,1,Average
1,1230,287311.0,1,Average
1,1230,287311.0,1,Average
1,1230,287311.0,1,Average
1,1230,293659.5,1,Average
1,1230,304542.8,1,Average
1,1230,296929.2,1,Average
1,1230,240785.4,1,Average
1,1230,253165.4,1,Average
1,1230,247529.5,1,Average
1,1212,314636.1,1,Average
1,1212,56754.75,2,Average
1,1212,430243.1,1,Average
8,1212,393019.7,1,Average
8,1212,239868.0,1,Average
1,1215,795083.3,1,Good
6,1212,1137394.0,1,Average
2,1212,1801338.0,1,Average
2,1212,2662856.0,1,Average
1,1212,201825.0,1,Average
8,1212,403631.2,1,Average
1,1212,501920.7,1,Average
1,1212,539714.1,1,Average
8,1277,282016.3,1,Average
8,1212,65951.75,1,Average
1,1230,362721.2,1,Average
2,1212,2713037.0,1,Good
2,1230,1110455.0,1,Average
6,1212,2154689.0,1,Good
6,1212,1419689.0,1,Average
1,1230,362721.2,1,Average
6,1212,1109536.0,1,Good
1,1230,372021.8,1,Average
1,1230,372021.8,1,Average
2,1212,1781221.0,1,Good
2,1215,2561100.0,1,Good
2,1215,1778433.0,1,Good
8,1212,643089.3,1,Average
1,1212,612520.7,1,Average
2,1230,852145.1,1,Average
1,1212,779249.6,1,Average
1,1212,715208.0,1,Average
1,1212,534863.2,1,Average
8,1212,477702.1,1,Average
8,1212,199280.0,1,Average
8,1212,230230.0,2,Average
8,1212,292994.7,1,Average
8,1212,12133.46,2,Salvage
8,1212,201858.3,2,Average
8,1212,470893.9,1,Average
8,1277,287543.4,1,Average
2,1215,877031.8,1,Average
2,1215,877031.8,1,Average
2,1215,1666452.0,1,Average
8,1212,822564.5,1,Good
2,1212,2237963.0,1,Average
2,1212,1183475.0,1,Good
1,1212,495802.5,1,Average
2,1212,1556919.0,1,Good
2,1212,1588682.0,1,Average
2,1212,4497730.0,1,Excellent
1,1230,602324.6,1,Average
2,1212,1248600.0,1,Good
1,1215,664379.3,1,Average
2,1212,1324532.0,1,Average
2,1212,58081.85,2,Average
2,1212,1662691.0,1,Good
2,1212,60638.65,2,Good
2,1212,1573021.0,1,Average
2,1212,1340979.0,1,Average
2,1212,3231057.0,1,Very Good
6,1230,722115.9,1,Average
2,1212,2095161.0,1,Average
6,1230,582183.4,1,Average
8,1277,590583.7,1,Average
8,1277,391627.9,1,Average
8,1212,408615.0,1,Average
8,1212,65815.45,2,Average
8,1212,382217.2,1,Average
2,1212,1693789.0,1,Average
6,1212,1325870.0,1,Average
2,1215,3013618.0,1,Excellent
2,1212,38495.22,2,Average
2,1212,2629281.0,1,Average
2,1230,314970.9,1,Average
2,1230,468527.1,1,Average
8,1212,324307.8,1,Below Average
6,1230,771954.9,1,Average
1,1212,552202.2,1,Average
6,1212,762619.9,1,Average
1,1212,202702.5,1,Average
6,1212,1145911.0,1,Average
8,1277,230211.9,2,Below Average
8,1212,337141.0,1,Average
1,1212,483537.6,1,Average
6,1212,848245.6,1,Average
8,1212,27748.39,1,Below Average
8,1212,395612.8,2,Average
1,1212,885992.2,1,Good
6,1212,2873463.0,1,Average
6,1212,989751.5,1,Average
6,1212,3999659.0,1,Very Good
2,1230,426378.4,1,Average
2,1212,820152.6,1,Good
2,1212,319690.8,1,Average
6,1212,2033286.0,1,Excellent
6,1212,1205079.0,1,Excellent
8,1212,549829.1,1,Average
8,1212,151447.8,1,Average
8,1212,553849.0,1,Good
2,1212,1246545.0,1,Average
1,1212,695997.5,1,Average
6,1230,729250.7,1,Average
8,1277,460635.3,4,Average
8,1277,670422.6,1,Average
8,1212,440851.7,1,Average
1,1212,229780.7,1,Average
8,1212,436194.2,1,Average
8,1212,553448.0,1,Average
2,1235,2.16,1,Average
6,1212,987404.0,1,Average
6,1215,840193.1,1,Average
6,1212,750034.9,1,Average
6,1212,1193256.0,1,Good
2,1212,2882481.0,1,Good
6,1215,1106604.0,1,Excellent
8,1212,68967.49,2,Below Average
8,1212,308227.0,1,Average
6,1212,730483.1,1,Average
8,1212,45804.68,1,Below Average
6,1212,1514343.0,1,Average
8,1212,999567.1,1,Average
2,1212,367075.8,1,Average
6,1212,1232738.0,1,Average
6,1212,907194.1,1,Good
6,1212,1053313.0,1,Good
6,1215,1503261.0,1,Good
6,1212,731738.0,1,Excellent
6,1212,839709.0,1,Average
6,1230,598905.7,1,Average
1,1212,440425.1,1,Average
6,1212,1094922.0,1,Excellent
6,1230,748030.1,1,Average
8,1212,168903.5,1,Average
8,1212,1232725.0,1,Average
1,1230,616786.3,1,Average
6,1212,874510.4,1,Very Good
8,1212,783960.2,1,Average
1,1212,391745.7,1,Average
6,1212,915565.2,1,Excellent
1,1230,298097.9,1,Average
1,1230,362721.2,1,Average
1,1230,362721.2,1,Average
1,1230,362434.9,1,Average
1,1230,372021.8,1,Average
1,1230,362721.2,1,Average
2,1212,1932335.0,1,Average
1,1230,372021.8,1,Average
2,1212,1788492.0,1,Average
6,1230,851598.4,1,Average
6,1212,545877.2,1,Below Average
6,1230,1265507.0,1,Good
2,1212,744387.6,1,Average
6,1212,191959.5,2,Average
6,1212,1382042.0,1,Average
6,1212,1729838.0,1,Average
6,1212,771844.2,1,Average
6,1212,118535.7,2,Average
6,1212,293503.9,2,Good
6,1212,1225244.0,1,Average
6,1212,291475.7,3,Excellent
6,1212,1535977.0,2,Excellent
6,1212,708058.9,1,Excellent
8,1212,387990.6,1,Average
8,1277,739982.7,1,Average
8,1212,171664.3,1,Average
6,1212,1580528.0,1,Good
6,1212,860334.2,1,Average
6,1212,662381.6,1,Average
6,1212,1043748.0,1,Average
8,1277,169443.1,1,Average
6,1212,1911300.0,1,Good
6,1212,1008461.0,1,Average
1,1212,367057.5,1,Average
8,1277,344953.9,1,Average
1,1212,711271.0,1,Average
6,1212,5308141.0,1,Excellent
6,1212,2979522.0,1,Average
6,1212,3988794.0,1,Very Good
6,1212,429724.2,2,Very Good
6,1212,3055881.0,1,Average
6,1212,192562.8,2,Very Good
6,1212,1151308.0,1,Good
6,1212,994498.4,2,Average
6,1212,5942008.0,1,Good
6,1212,4394063.0,1,Good
6,1212,610329.6,2,Good
6,1212,1433563.0,1,Average
6,1212,1118124.0,2,Average
6,1212,4609792.0,1,Average
6,1212,3843652.0,1,Very Good
6,1212,4013316.0,1,Good
6,1212,3519430.0,1,Average
6,1212,3428150.0,1,Good
6,1212,5666792.0,1,Good
6,1212,4714636.0,1,Good
6,1212,373781.9,2,Very Good
6,1212,904577.3,2,Excellent
6,1212,5517931.0,1,Very Good
6,1212,404718.1,2,Average
6,1212,1363188.0,1,Average
6,1212,6128338.0,1,Excellent
6,1212,4841783.0,1,Very Good
6,1212,1816650.0,1,Average
6,1212,911124.6,2,Average
6,1212,3663891.0,1,Average
6,1212,2418197.0,1,Very Good
6,1212,237924.9,2,Good
6,1212,205933.6,3,Good
6,1212,3498689.0,1,Very Good
6,1212,2098809.0,3,Excellent
6,1212,1328193.0,1,Good
6,1212,741976.7,2,Average
6,1212,1168042.0,3,Excellent
6,1212,3049895.0,1,Average
6,1212,845581.8,2,Average
6,1212,609469.2,1,Below Average
8,1212,469406.6,2,Average
8,1212,399180.7,1,Average
8,1212,1139029.0,1,Good
8,1212,12785.48,1,Salvage
2,1212,567453.6,1,Average
8,1212,187852.3,1,Below Average
1,1212,354251.6,1,Average
8,1212,150189.7,1,Below Average
2,1212,438858.0,1,Average
8,1212,196457.3,1,Good
6,1230,1007603.0,1,Average
2,1212,1919958.0,1,Average
2,1212,29387.83,3,Average
2,1212,132653.3,2,Average
1,1277,554957.2,1,Average
2,1212,1423391.0,1,Average
6,1212,870686.7,1,Average
2,1212,2401726.0,1,Average
8,1212,176149.2,1,Average
1,1212,409645.7,1,Average
6,1212,823465.4,1,Average
1,1212,270137.1,2,Average
1,1212,202685.4,1,Average
6,1212,2059950.0,1,Very Good
6,1212,1028159.0,1,Average
6,1212,988363.3,1,Good
6,1212,1479052.0,1,Good
6,1212,997019.5,1,Excellent
6,1212,375812.6,1,Average
6,1212,243555.3,2,Average
6,1212,221521.4,3,Average
6,1212,2839846.0,1,Very Good
6,1212,951732.1,1,Average
6,1212,1467888.0,1,Average
6,1212,1231184.0,1,Excellent
6,1212,898812.7,1,Average
1,1212,639570.5,1,Average
1,1212,563225.0,1,Average
1,1212,544731.4,1,Average
2,1212,1574786.0,1,Average
2,1212,2650818.0,1,Average
2,1212,2537121.0,1,Average
8,1212,24050.07,1,Salvage
2,1212,3034836.0,1,Very Good
2,1212,32391.37,2,Very Good
6,1212,661295.7,1,Very Good
6,1212,2846615.0,2,Very Good
8,1277,921775.3,1,Average
6,1230,481421.2,1,Average
2,1212,1919997.0,1,Average
2,1212,90337.62,2,Average
2,1235,65122.81,1,Average
1,1277,564426.8,1,Average
6,1212,1740399.0,1,Very Good
6,1212,1493749.0,1,Very Good
8,1212,801751.9,1,Average
8,1277,132733.2,1,Average
8,1277,402449.5,2,Good
8,1212,532211.0,1,Average
6,1212,711486.4,1,Average
6,1212,963480.3,1,Good
8,1212,481508.0,1,Average
8,1212,929531.7,1,Average
8,1212,1237796.0,1,Average
8,1212,742799.4,1,Average
8,1212,976033.3,1,Average
8,1212,976149.4,1,Average
8,1212,1294154.0,1,Good
6,1212,978491.6,1,Very Good
8,1277,368724.4,1,Average
8,1277,94003.47,2,Average
2,1212,30265.76,2,Good
2,1212,2731176.0,1,Good
2,1230,1021404.0,1,Good
8,1212,285481.8,1,Average
2,1212,844281.3,1,Average
2,1230,685870.1,1,Average
8,1212,864183.7,1,Average
8,1212,222916.0,1,Average
6,1212,1267476.0,1,Average
6,1212,757374.2,1,Average
6,1212,1504093.0,1,Excellent
6,1212,1569400.0,1,Average
2,1212,872760.5,1,Average
8,1212,694674.5,1,Average
2,1212,2598710.0,1,Average
2,1212,126868.0,2,Very Good
2,1212,6199275.0,1,Very Good
2,1212,3032721.0,2,Average
2,1212,100572.2,1,Average
6,1230,795234.9,1,Average
6,1277,1351998.0,1,Average
2,1230,912874.3,1,Average
1,1212,500423.3,1,Good
1,1230,1214570.0,1,Average
1,1212,311280.1,1,Below Average
1,1212,248464.1,1,Average
1,1212,372524.6,1,Average
1,1212,307238.9,1,Average
1,1212,275119.7,1,Average
2,1212,2267155.0,1,Average
2,1212,125855.9,2,Average
2,1212,1549441.0,1,Average
2,1212,848073.0,1,Average
2,1212,1081160.0,1,Average
6,1212,371795.5,2,Very Good
6,1212,655263.5,1,Good
6,1212,639048.8,1,Average
6,1212,821902.0,1,Average
6,1212,557971.4,1,Average
6,1212,763497.0,1,Average
6,1230,419765.9,1,Average
6,1212,170023.1,2,Average
6,1212,668757.4,1,Average
6,1212,986893.0,1,Average
6,1212,729621.9,1,Average
8,1277,516196.8,1,Average
1,1212,345934.4,1,Average
2,1212,2923056.0,1,Very Good
2,1212,58486.69,2,Good
2,1212,3345524.0,1,Good
2,1212,3332613.0,1,Very Good
2,1212,3308783.0,1,Good
2,1212,35360.04,2,Average
2,1212,2575003.0,1,Average
2,1212,2399141.0,1,Average
2,1212,5022515.0,1,Very Good
2,1212,3189607.0,1,Good
8,1212,191633.8,1,Average
2,1212,998371.5,1,Average
2,1212,504176.4,1,Average
1,1212,322588.9,1,Average
2,1230,1331886.0,1,Average
6,1212,633131.7,1,Average
8,1212,389335.9,1,Average
8,1277,160541.9,2,Average
8,1277,139292.0,1,Average
6,1212,1337891.0,1,Very Good
6,1212,1286210.0,1,Average
8,1212,460468.3,1,Average
1,1212,875714.2,1,Average
2,1230,756048.3,1,Average
6,1230,692356.9,1,Average
1,1212,239321.3,1,Average
2,1212,1984332.0,1,Good
6,1212,1618363.0,1,Good
6,1212,1368722.0,1,Average
6,1212,492722.1,2,Good
6,1212,2480499.0,1,Excellent
6,1212,751675.9,1,Good
6,1212,668871.9,1,Average
8,1212,228358.7,1,Average
1,1212,412701.3,1,Average
6,1212,1071702.0,1,Average
6,1212,1497622.0,1,Average
8,1277,321095.4,1,Good
8,1277,213241.4,1,Average
2,1212,928033.6,1,Average
2,1230,1054322.0,1,Average
2,1230,1067754.0,1,Average
2,1212,4039953.0,1,Excellent
2,1212,31671.4,2,Excellent
6,1230,836833.4,1,Good
1,1212,262931.7,1,Average
8,1212,1728774.0,1,Average
8,1277,75768.78,2,Average
8,1277,78450.56,1,Average
8,1277,560160.6,1,Average
1,1212,353853.7,1,Average
6,1212,737870.2,1,Average
6,1212,941354.9,1,Average
2,1212,2418052.0,1,Average
2,1212,3810360.0,1,Excellent
8,1212,776842.3,1,Average
8,1212,832828.5,1,Average
1,1212,290566.3,1,Average
1,1212,1283369.0,1,Average
8,1212,209901.9,1,Average
8,1212,1048843.0,1,Good
8,1212,1071242.0,1,Average
8,1212,1843848.0,1,Average
6,1212,1049217.0,1,Excellent
2,1212,333590.4,1,Average
6,1212,2012617.0,1,Average
6,1212,4638468.0,1,Very Good
6,1212,4227046.0,1,Excellent
6,1212,3704584.0,1,Good
6,1212,5014734.0,1,Excellent
6,1215,2737606.0,1,Average
6,1212,2490667.0,1,Good
1,1212,264060.0,1,Average
1,1212,241458.8,1,Average
1,1212,356042.4,1,Average
1,1212,239444.5,1,Average
1,1212,201386.3,1,Average
8,1212,398252.6,1,Average
1,1212,509641.2,1,Average
1,1212,287143.7,1,Average
1,1212,437487.5,1,Average
2,1212,73446.8,1,Average
2,1212,1854830.0,2,Average
2,1230,642418.8,1,Average
2,1230,642418.8,1,Average
2,1230,642418.8,1,Average
2,1212,89116.54,2,Average
2,1212,1868721.0,1,Average
8,1212,715701.0,1,Average
8,1277,353973.2,1,Average
8,1277,217132.6,1,Average
6,1212,1185326.0,1,Average
6,1212,1440309.0,1,Average
6,1212,1816725.0,1,Very Good
6,1212,1481225.0,1,Excellent
6,1212,1160729.0,1,Average
6,1212,1225199.0,1,Average
6,1212,1587086.0,1,Average
6,1212,1324444.0,1,Average
6,1212,1056592.0,1,Average
6,1212,2023950.0,1,Excellent
6,1212,1082381.0,1,Average
6,1212,831822.3,1,Average
6,1215,2113751.0,1,Very Good
6,1212,1338605.0,1,Average
6,1212,2144112.0,1,Very Good
6,1212,1182981.0,1,Average
6,1212,1189266.0,1,Average
1,1212,246925.9,1,Average
6,1212,1079454.0,1,Average
6,1212,1393937.0,1,Average
6,1212,1734606.0,1,Average
6,1212,2201003.0,1,Good
6,1212,3157953.0,1,Good
6,1212,1210439.0,1,Excellent
6,1212,1657803.0,1,Excellent
6,1212,1418616.0,1,Very Good
6,1212,117437.0,1,Excellent
6,1212,2368438.0,1,Very Good
6,1215,3965162.0,1,Very Good
6,1212,240411.2,2,Average
6,1212,2520696.0,1,Average
6,1212,2701419.0,1,Average
6,1212,1595620.0,1,Average
6,1212,395920.4,2,Good
6,1212,1414967.0,1,Average
2,1212,483327.0,1,Very Good
6,1212,2557521.0,1,Very Good
8,1212,428381.0,1,Average
6,1230,792134.2,1,Average
6,1230,666091.1,1,Average
6,1230,725006.8,1,Average
6,1230,715479.3,1,Average
6,1230,838777.9,1,Average
8,1212,449203.8,1,Average
8,1212,362885.0,1,Below Average
8,1212,1146247.0,1,Average
8,1212,267494.4,1,Good
8,1212,319505.3,1,Average
8,1212,70867.38,1,Minimum
6,1277,3203013.0,1,Excellent
6,1212,1979586.0,1,Very Good
6,1212,220833.1,1,Excellent
6,1212,327338.1,1,Average
6,1212,2151526.0,2,Average
6,1212,1820107.0,1,Very Good
6,1212,791264.8,2,Very Good
6,1212,2783657.0,1,Good
6,1212,2078907.0,1,Good
6,1212,1489660.0,1,Average
6,1212,1835498.0,1,Good
6,1212,2379197.0,1,Very Good
6,1212,205079.0,2,Good
8,1212,587776.1,1,Average
1,1212,648353.6,1,Average
1,1212,621430.6,1,Average
1,1212,653464.3,1,Average
1,1212,1118066.0,1,Good
1,1212,591672.7,1,Average
1,1212,573089.6,1,Average
1,1212,828805.8,1,Average
8,1277,147178.8,1,Average
8,1277,35616.92,2,Average
8,1277,2815377.0,1,Average
8,1277,1634862.0,1,Excellent
8,1277,1776778.0,1,Average
8,1277,1055067.0,1,Good
8,1277,1918301.0,1,Excellent
8,1277,1862787.0,1,Good
8,1277,1723840.0,1,Excellent
8,1277,2682575.0,1,Good
8,1277,1833749.0,1,Good
8,1277,2232285.0,1,Excellent
8,1277,868675.6,1,Average
8,1277,1828001.0,1,Average
8,1277,1595948.0,1,Good
8,1277,1299276.0,1,Very Good
8,1277,2041674.0,1,Good
8,1277,1345124.0,1,Excellent
8,1277,2611939.0,1,Excellent
8,1277,2642804.0,1,Excellent
8,1277,1326180.0,1,Excellent
8,1277,2528453.0,1,Very Good
8,1277,2537069.0,1,Excellent
8,1277,1261952.0,1,Excellent
2,1230,705672.3,1,Average
1,1212,304058.9,1,Average
1,1212,147055.4,1,Below Average
1,1212,301893.1,1,Average
6,1277,980393.1,1,Average
6,1277,0.0,2,Below Average
8,1235,44464.72,1,Average
8,1212,215667.1,1,Average
1,1212,324717.6,1,Very Good
1,1212,404095.9,1,Average
6,1212,484426.5,1,Average
6,1212,1140648.0,1,Average
6,1212,212736.6,2,Average
6,1212,1426000.0,1,Average
6,1212,1583801.0,1,Average
6,1212,1740304.0,1,Very Good
6,1212,1140477.0,1,Average
2,1215,992790.9,1,Average
2,1212,1135775.0,1,Average
2,1212,995026.5,1,Average
2,1212,1912988.0,1,Average
6,1212,1377461.0,1,Good
1,1212,376599.6,1,Average
6,1212,745960.2,1,Average
8,1212,579781.8,1,Average
8,1212,1290339.0,1,Average
8,1212,1447518.0,1,Average
8,1277,967529.4,1,Average
6,1212,271008.9,2,Good
6,1212,525651.2,1,Average
6,1212,872896.4,1,Excellent
6,1212,277832.2,2,Excellent
6,1212,1360407.0,1,Very Good
1,1212,746021.3,1,Average
1,1212,312381.1,2,Average
8,1212,13211.03,3,Average
8,1212,240261.0,1,Average
8,1212,105064.2,2,Average
2,1212,1620252.0,1,Average
2,1212,113131.7,2,Average
6,1212,1489574.0,1,Average
2,1212,621928.1,1,Very Good
1,1212,474371.8,1,Average
1,1230,649097.5,1,Average
8,1212,163786.4,1,Average
8,1277,114262.8,1,Below Average
8,1212,271293.8,1,Average
6,1212,983993.9,1,Average
1,1215,673513.8,1,Average
8,1212,340625.0,1,Good
1,1230,690845.2,1,Average
6,1212,1629449.0,1,Excellent
6,1230,721614.5,1,Average
8,1277,233010.8,1,Below Average
8,1212,98427.82,1,Average
2,1212,577149.3,1,Average
1,1212,415045.8,1,Average
6,1215,646946.9,1,Average
2,1212,797031.8,1,Average
6,1212,850046.2,1,Average
6,1212,929683.1,1,Average
6,1230,757695.3,1,Average
8,1212,423482.6,1,Average
8,1212,818203.6,1,Average
8,1212,611010.9,1,Average
8,1212,569967.8,1,Average
8,1212,582718.6,1,Good
8,1212,560602.3,1,Average
8,1212,375335.9,1,Average
8,1212,904470.0,1,Good
8,1212,435909.2,1,Average
8,1212,157230.5,2,Good
6,1212,3411784.0,1,Excellent
6,1212,1224705.0,1,Average
6,1212,1048096.0,1,Average
6,1212,1216891.0,1,Average
6,1215,1166564.0,1,Average
1,1230,354172.1,1,Average
1,1230,444006.4,1,Average
1,1230,444595.3,1,Average
1,1230,354172.1,1,Average
6,1212,2180509.0,1,Average
6,1212,2298154.0,1,Average
6,1212,2957384.0,1,Good
6,1212,2861522.0,1,Average
6,1212,3466641.0,1,Average
6,1212,2344348.0,1,Good
6,1212,2358312.0,1,Average
6,1212,2810231.0,1,Very Good
6,1212,2904009.0,1,Excellent
6,1212,2149027.0,1,Average
6,1212,1667669.0,1,Average
6,1212,2352996.0,1,Very Good
6,1212,2663978.0,1,Average
6,1212,3978892.0,1,Average
6,1212,3942322.0,1,Average
6,1212,3466886.0,1,Very Good
1,1212,335756.5,1,Average
6,1212,810479.3,1,Average
6,1212,1211114.0,1,Average
1,1212,484659.3,1,Average
1,1212,512363.9,1,Average
1,1215,507352.5,1,Average
6,1212,313851.5,1,Average
1,1212,280930.8,1,Average
6,1212,743044.8,1,Average
8,1212,440201.4,1,Average
6,1212,1104302.0,1,Good
6,1212,261971.3,2,Excellent
6,1212,743291.7,1,Very Good
1,1230,483995.0,1,Average
8,1212,419768.5,1,Average
8,1212,205692.4,1,Average
6,1212,1029095.0,1,Good
6,1212,136596.8,2,Good
8,1277,729939.4,1,Average
8,1212,523089.8,1,Excellent
6,1212,1081844.0,1,Average
6,1212,456559.1,2,Good
2,1213,35844.03,1,Average
8,1212,94013.42,1,Average
6,1215,2710493.0,1,Average
8,1212,716611.2,1,Average
8,1212,463776.3,2,Average
8,1212,962242.8,1,Average
8,1212,186876.1,2,Average
8,1212,145774.6,1,Average
6,1230,1757324.0,1,Average
6,1230,1757324.0,1,Average
6,1277,699136.5,1,Average
6,1230,287007.4,1,Average
8,1212,144465.1,1,Below Average
1,1212,564635.0,1,Average
1,1220,685488.5,2,Average
1,1220,332685.3,1,Below Average
8,1212,204706.5,1,Average
6,1212,194203.7,1,Excellent
6,1230,1944394.0,1,Average
6,1212,2622051.0,1,Good
6,1212,3948987.0,1,Good
6,1212,3277530.0,1,Average
6,1212,2562021.0,1,Average
6,1212,2237975.0,1,Good
6,1212,2207704.0,1,Average
6,1212,4091650.0,1,Good
6,1212,1018405.0,1,Excellent
6,1212,2129169.0,1,Good
6,1212,4205499.0,1,Good
6,1212,2413277.0,1,Good
6,1212,3926145.0,1,Good
6,1212,4394458.0,1,Very Good
6,1212,1872934.0,1,Average
6,1212,426667.0,2,Average
8,1212,537058.1,1,Good
8,1212,463269.0,1,Average
1,1212,522395.6,1,Average
1,1230,353748.5,1,Average
1,1230,372026.4,1,Average
1,1230,374387.5,1,Average
1,1230,356285.4,1,Average
6,1212,880452.2,1,Average
6,1212,861617.8,1,Average
6,1212,475859.5,1,Good
8,1212,919101.8,1,Average
6,1212,1744998.0,1,Good
6,1212,935544.7,1,Average
6,1212,1168876.0,1,Average
1,1230,581804.9,1,Average
1,1212,284842.3,1,Average
8,1212,350463.8,1,Average
1,1212,825841.3,1,Average
1,1212,678934.5,1,Average
6,1212,732801.5,1,Average
6,1212,1288433.0,1,Good
2,1212,1208717.0,1,Average
6,1277,687037.2,1,Average
6,1212,790578.4,1,Average
6,1212,656899.7,1,Average
8,1212,518004.2,1,Average
2,1230,1098696.0,1,Average
6,1212,1190164.0,1,Excellent
6,1212,1524407.0,1,Average
6,1212,1526657.0,1,Average
6,1212,1129478.0,1,Good
6,1212,967139.5,1,Average
6,1212,2214636.0,1,Very Good
6,1230,772574.5,1,Average
6,1230,772574.5,1,Average
6,1230,811999.1,1,Average
6,1230,713279.7,1,Average
6,1230,455109.6,1,Average
6,1230,410653.6,1,Average
6,1230,1007603.0,1,Average
1,1230,480820.0,1,Average
1,1230,492234.4,1,Average
1,1230,492234.4,1,Average
1,1230,492234.4,1,Average
1,1230,468790.0,1,Average
1,1230,492234.4,1,Average
1,1230,492234.4,1,Average
1,1230,504855.8,1,Average
1,1230,30000.0,1,Average
8,1277,385493.4,1,Average
8,1212,517358.6,1,Average
8,1212,779688.7,1,Excellent
8,1212,109947.7,2,Very Good
2,1212,16233.73,2,Salvage
2,1212,3148065.0,1,Good
6,1212,859564.0,1,Average
8,1212,661174.2,1,Average
1,1212,395626.4,1,Average
1,1212,651437.9,1,Good
1,1277,857731.9,1,Good
1,1212,776913.6,1,Average
1,1212,458520.9,1,Excellent
1,1212,295193.0,2,Average
1,1212,680640.2,1,Average
1,1212,673221.0,1,Good
1,1212,109798.7,2,Excellent
1,1212,500031.1,1,Average
1,1212,676902.9,1,Average
8,1212,348337.5,1,Average
1,1230,30000.0,1,Average
1,1230,30000.0,1,Average
1,1230,30000.0,1,Average
1,1230,30000.0,1,Average
1,1230,30000.0,1,Average
1,1212,270229.5,1,Average
6,1212,819977.6,1,Average
8,1212,478010.7,1,Average
1,1212,2265886.0,1,Average
1,1212,1835948.0,1,Average
1,1212,2078504.0,1,Excellent
1,1212,1061532.0,1,Good
1,1212,1640086.0,1,Good
1,1212,554438.0,2,Good
1,1212,2409726.0,1,Average
1,1212,1073146.0,1,Good
1,1212,441548.4,2,Good
1,1212,1317136.0,1,Good
1,1212,57906.43,3,Average
1,1212,197594.4,2,Average
1,1212,1661683.0,1,Average
1,1212,1847612.0,1,Good
1,1212,882588.5,2,Excellent
1,1212,1314810.0,1,Excellent
1,1230,649097.5,1,Average
8,1212,1232725.0,1,Average
8,1212,508580.8,1,Average
8,1212,157468.6,1,Average
8,1212,157468.6,1,Average
8,1277,756836.2,1,Very Good
1,1212,768456.0,2,Excellent
8,1212,658353.5,1,Good
6,1212,296613.5,2,Good
6,1212,651351.2,1,Average
6,1212,1446608.0,1,Excellent
6,1212,1031267.0,1,Good
6,1212,821447.0,1,Average
6,1212,256646.6,2,Very Good
6,1212,1121855.0,1,Very Good
6,1212,926939.4,1,Average
6,1212,1064311.0,1,Good
6,1212,784007.4,1,Average
6,1212,1418036.0,1,Excellent
6,1212,1513869.0,1,Good
6,1212,790906.3,1,Average
6,1212,838714.9,1,Average
6,1212,1560134.0,1,Excellent
6,1212,1612601.0,1,Good
6,1212,901744.5,1,Excellent
6,1212,1218796.0,1,Good
6,1212,1402798.0,1,Excellent
6,1212,1004321.0,1,Average
2,1212,1826045.0,1,Average
8,1212,471662.9,1,Good
6,1212,724800.7,1,Average
6,1212,480709.3,1,Average
2,1230,506279.5,1,Average
2,1230,590344.0,1,Average
2,1230,614183.2,1,Average
1,1230,355215.1,1,Average
1,1230,374731.2,1,Average
1,1230,373871.0,1,Average
1,1230,373910.6,1,Average
6,1230,1056530.0,1,Average
6,1230,716483.8,1,Average
6,1230,797003.0,1,Average
6,1230,797003.0,1,Average
6,1230,716483.8,1,Average
6,1230,825756.5,1,Average
6,1230,448840.6,1,Average
6,1230,437619.6,1,Average
6,1230,437619.6,1,Average
6,1230,437619.6,1,Average
6,1230,437619.6,1,Average
6,1230,437619.6,1,Average
6,1230,437619.6,1,Average
6,1230,437619.6,1,Average
6,1230,437619.6,1,Average
6,1230,448840.6,1,Average
1,1230,1168248.0,1,Average
1,1230,1168248.0,1,Average
6,1230,613760.3,1,Average
6,1230,613760.3,1,Average
8,1212,782408.3,1,Good
6,1212,941547.1,1,Average
8,1212,397916.5,1,Average
1,1212,568429.4,1,Average
8,1212,30474.91,1,Minimum
8,1212,22819.02,3,Minimum
8,1212,22694.08,2,Minimum
6,1230,643564.5,1,Average
6,1230,848398.5,1,Average
6,1230,823800.7,1,Average
6,1230,769522.4,1,Average
6,1230,823186.9,1,Average
6,1212,877381.8,1,Excellent
6,1230,722115.9,1,Average
6,1212,914511.2,1,Excellent
6,1212,1111957.0,1,Good
8,1212,813495.2,1,Average
1,1212,572194.2,1,Average
1,1212,1115726.0,1,Average
1,1212,275145.4,2,Average
1,1212,1073480.0,1,Average
1,1212,973137.4,1,Average
8,1212,346869.3,1,Average
6,1212,4824121.0,1,Very Good
6,1212,2112722.0,1,Average
6,1212,5959205.0,1,Excellent
6,1212,2404502.0,1,Good
6,1212,3874143.0,1,Good
6,1212,4419199.0,1,Very Good
6,1212,2782164.0,1,Excellent
8,1277,145290.5,1,Average
6,1212,1059611.0,1,Excellent
1,1230,353789.4,1,Average
1,1230,493519.8,1,Average
1,1230,353789.4,1,Average
6,1212,639690.9,1,Average
6,1212,751152.3,1,Average
2,1212,2606820.0,1,Very Good
2,1212,2535340.0,1,Average
2,1212,54044.45,2,Very Good
2,1212,2154873.0,1,Average
2,1212,585160.7,1,Average
2,1212,774208.0,1,Average
2,1212,33150.62,2,Good
2,1212,4443192.0,1,Excellent
2,1212,58750.03,2,Excellent
2,1212,2879423.0,1,Very Good
2,1212,35348.56,2,Good
2,1212,1160733.0,1,Good
2,1212,2712715.0,1,Average
2,1212,157826.7,2,Good
2,1212,2984585.0,1,Good
2,1212,2630497.0,1,Average
2,1212,41046.34,2,Very Good
2,1212,4197774.0,1,Excellent
2,1212,3352133.0,1,Excellent
2,1212,66374.88,2,Excellent
2,1212,25329.96,2,Average
2,1212,2583396.0,1,Average
2,1212,3111863.0,1,Good
2,1212,71089.14,2,Good
2,1212,69652.27,2,Good
2,1212,1827889.0,1,Good
2,1212,3108467.0,1,Average
2,1212,844824.3,1,Average
2,1212,741093.6,1,Average
2,1212,596435.7,1,Average
2,1212,2833139.0,1,Very Good
2,1212,2116128.0,1,Average
2,1212,1214213.0,1,Good
2,1212,29108.68,2,Average
2,1212,3556912.0,1,Good
2,1212,34505.19,2,Good
2,1212,4346036.0,1,Good
2,1212,80399.31,2,Good
2,1212,2545570.0,1,Good
2,1212,115551.0,2,Average
2,1212,1760384.0,1,Average
2,1212,3131623.0,1,Average
2,1212,37330.44,2,Average
2,1212,2816549.0,1,Average
2,1212,3774434.0,1,Excellent
2,1212,51054.14,2,Excellent
2,1212,3595238.0,1,Excellent
6,1212,833340.3,1,Average
1,1230,160306.1,1,Average
1,1230,156298.5,1,Average
1,1230,178175.1,1,Average
1,1230,156298.5,1,Average
1,1230,178175.1,1,Average
1,1230,156298.5,1,Average
1,1230,182743.7,1,Average
1,1230,178175.1,1,Average
1,1230,182743.7,1,Average
1,1230,240565.2,1,Average
1,1230,170841.4,1,Average
1,1230,166570.4,1,Average
1,1230,166570.4,1,Average
1,1230,189937.8,1,Average
1,1230,166570.4,1,Average
1,1230,189937.8,1,Average
1,1230,166570.4,1,Average
1,1230,194808.0,1,Average
1,1230,189937.8,1,Average
1,1230,194808.0,1,Average
1,1230,240565.2,1,Average
1,1230,170841.4,1,Average
1,1230,166570.4,1,Average
1,1230,166570.4,1,Average
1,1230,189937.8,1,Average
1,1230,166570.4,1,Average
1,1230,194808.0,1,Average
1,1230,189937.8,1,Average
1,1230,194808.0,1,Average
1,1212,1444763.0,1,Excellent
1,1212,221130.0,1,Average
6,1212,656799.4,1,Very Good
6,1230,753467.9,1,Average
6,1212,852121.9,1,Average
1,1230,189937.8,1,Average
1,1230,166570.4,1,Average
2,1212,1272557.0,1,Average
2,1212,109946.3,2,Average
8,1212,1377080.0,1,Very Good
8,1212,502275.3,1,Average
8,1212,200407.5,2,Average
8,1212,208085.2,1,Average
8,1277,535653.2,1,Average
8,1277,391909.9,1,Average
1,1212,287861.1,2,Average
1,1212,285469.7,1,Average
2,1212,46487.98,2,Average
2,1212,1476533.0,1,Average
6,1212,1410749.0,1,Good
8,1277,52127.79,1,Average
8,1277,557229.9,2,Average
6,1212,2812399.0,1,Average
6,1212,3805508.0,1,Average
6,1212,2760905.0,1,Average
2,1212,803157.3,1,Average
1,1212,247906.5,1,Average
8,1212,1232725.0,1,Average
8,1277,379367.0,1,Average
6,1212,1465413.0,1,Good
6,1212,1607322.0,1,Average
6,1212,652148.9,1,Average
6,1212,211948.4,2,Average
8,1277,318899.8,1,Average
6,1212,3141868.0,1,Good
6,1212,1886220.0,1,Good
6,1212,3045114.0,1,Average
6,1212,1768297.0,1,Average
6,1212,1850631.0,1,Average
6,1212,1764163.0,1,Average
6,1212,3329589.0,1,Good
6,1212,2011157.0,1,Good
1,1230,579819.6,1,Average
1,1230,579819.6,1,Average
1,1230,369729.0,1,Average
1,1230,392723.2,1,Average
1,1230,392723.2,1,Average
1,1230,374396.0,1,Average
6,1212,1986289.0,1,Very Good
6,1212,1990095.0,1,Very Good
6,1212,1612324.0,1,Good
6,1212,1349393.0,1,Good
6,1212,1176192.0,1,Average
6,1212,1963645.0,1,Good
6,1212,1969269.0,1,Good
6,1212,2246131.0,1,Good
6,1212,2049226.0,1,Good
6,1212,1859959.0,1,Good
6,1212,1846820.0,1,Good
6,1212,1713535.0,1,Average
6,1212,1740067.0,1,Good
1,1212,188516.3,1,Average
1,1212,163946.3,1,Average
8,1212,374692.3,1,Average
2,1230,1385457.0,1,Average
1,1212,583423.5,1,Excellent
1,1212,345004.6,1,Below Average
1,1212,413130.8,1,Good
1,1212,570314.0,2,Very Good
1,1212,1227762.0,1,Average
8,1212,181401.0,2,Average
8,1212,726889.4,1,Average
8,1212,1583396.0,1,Good
8,1212,564639.0,1,Average
8,1212,1280546.0,1,Good
6,1212,1790651.0,1,Good
1,1230,610336.5,1,Average
1,1230,579819.6,1,Average
6,1215,815375.4,1,Average
6,1212,1616706.0,1,Good
6,1230,771943.9,1,Average
6,1230,791737.4,1,Average
1,1230,483995.0,1,Average
6,1212,1193325.0,1,Average
6,1212,3702619.0,1,Very Good
6,1212,1861913.0,1,Good
6,1212,1565425.0,1,Average
6,1212,1170696.0,1,Average
6,1212,1186635.0,1,Average
6,1212,1789471.0,1,Average
6,1212,3034937.0,1,Average
6,1212,1752900.0,1,Average
6,1215,337036.9,2,Average
6,1215,1817501.0,1,Average
6,1212,1348175.0,1,Average
6,1212,1922436.0,1,Average
6,1212,1742419.0,1,Average
6,1215,1814551.0,1,Excellent
6,1212,2418572.0,1,Good
6,1212,1603275.0,1,Good
6,1212,1743718.0,1,Average
6,1212,1825927.0,1,Excellent
6,1212,144734.6,2,Excellent
6,1212,1832509.0,1,Average
6,1212,2255787.0,1,Very Good
6,1212,2049501.0,1,Excellent
6,1212,1647707.0,1,Average
6,1212,3566713.0,1,Good
6,1212,1843076.0,1,Average
6,1212,1889108.0,1,Average
6,1212,1693374.0,1,Average
6,1212,1968305.0,1,Good
6,1212,2160526.0,1,Very Good
6,1212,2416948.0,1,Good
6,1212,2668463.0,1,Average
6,1212,3724377.0,1,Very Good
6,1212,1872674.0,1,Average
6,1212,3212045.0,1,Average
6,1212,1688317.0,1,Average
6,1212,2720451.0,1,Average
6,1212,2884270.0,1,Average
6,1212,2958708.0,1,Average
6,1212,3896530.0,1,Very Good
6,1212,6099692.0,1,Very Good
6,1212,3223878.0,1,Excellent
6,1212,3465485.0,1,Very Good
6,1212,2801000.0,1,Average
6,1212,3335789.0,1,Very Good
8,1212,157468.6,1,Average
2,1230,633046.0,1,Average
6,1212,1013612.0,1,Average
6,1212,2121748.0,1,Good
6,1212,409690.0,2,Good
6,1212,1258487.0,1,Average
8,1212,558174.8,1,Average
2,1230,861146.6,1,Average
8,1277,773984.7,1,Good
6,1212,406494.3,1,Average
6,1212,400940.5,1,Average
6,1212,557571.2,1,Good
6,1212,398818.2,1,Average
6,1212,685138.1,1,Good
6,1212,596623.1,1,Average
6,1212,477298.5,1,Average
6,1212,287320.1,1,Average
6,1212,1111896.0,1,Good
6,1212,1111896.0,1,Good
6,1212,1113580.0,1,Good
6,1212,1279089.0,1,Good
1,1212,207403.5,2,Excellent
1,1212,565021.4,1,Average
6,1212,1448810.0,1,Average
6,1212,1278135.0,1,Good
8,1212,161500.2,1,Average
8,1212,404850.5,1,Average
1,1212,377735.9,1,Average
1,1212,591831.3,1,Average
8,1212,617868.3,1,Average
8,1277,201801.6,1,Average
1,1212,553192.8,1,Average
1,1212,350122.5,1,Average
8,1212,1064614.0,1,Average
8,1212,1025747.0,1,Average
8,1277,2316066.0,1,Excellent
8,1212,1454966.0,1,Excellent
8,1212,835896.7,1,Average
8,1212,894717.4,1,Average
8,1212,1221915.0,2,Average
8,1212,302319.0,1,Average
2,1230,523069.1,1,Average
2,1230,509992.4,1,Average
2,1230,635605.2,1,Average
1,1212,416952.0,1,Average
8,1212,225015.4,1,Below Average
1,1230,294319.3,1,Average
6,1212,3091934.0,1,Good
6,1212,2245266.0,1,Good
6,1212,1744114.0,1,Average
6,1212,2018669.0,1,Good
6,1212,3448648.0,1,Very Good
6,1212,2661832.0,1,Good
6,1212,2448906.0,1,Good
6,1212,1482515.0,1,Average
6,1212,1706301.0,1,Average
6,1212,2434038.0,1,Good
6,1212,2894236.0,1,Average
6,1212,1228185.0,1,Average
6,1212,2233342.0,1,Very Good
6,1212,1666566.0,1,Average
6,1212,2385489.0,1,Excellent
6,1212,2492989.0,1,Good
6,1212,3340001.0,1,Excellent
1,1225,302741.2,6,Average
1,1225,1177255.0,3,Average
1,1225,941633.1,5,Average
1,1225,1177255.0,4,Average
1,1225,1177255.0,2,Average
1,1225,1053664.0,1,Average
1,1212,252963.0,1,Average
8,1212,504291.1,1,Average
1,1212,190321.9,1,Average
1,1212,211453.1,1,Average
1,1212,219937.5,1,Average
1,1212,165506.3,1,Average
1,1212,147225.0,1,Average
1,1212,590329.4,1,Average
1,1212,247664.7,1,Average
1,1212,410081.4,1,Average
1,1212,531463.8,1,Good
1,1212,374756.6,1,Average
1,1212,431707.4,1,Average
1,1212,397392.9,1,Good
1,1212,645740.6,1,Good
1,1212,466602.8,1,Average
1,1212,131625.0,1,Average
1,1212,173610.0,1,Below Average
1,1212,223431.6,1,Below Average
1,1212,173531.3,1,Average
1,1212,178031.3,1,Average
1,1212,402475.5,1,Average
1,1212,175500.0,1,Average
1,1212,187687.5,1,Average
1,1212,295755.0,1,Average
1,1212,167906.3,1,Average
1,1212,150150.0,1,Average
1,1212,189393.8,1,Average
1,1212,211453.1,1,Average
1,1212,261056.3,1,Average
1,1212,176512.5,1,Average
1,1212,206775.0,1,Average
1,1212,354089.8,1,Excellent
1,1212,244368.8,1,Average
1,1212,296812.8,1,Average
1,1212,140076.6,1,Average
1,1212,302813.8,1,Average
1,1212,143203.1,1,Average
1,1212,384895.0,1,Average
1,1212,359851.5,1,Average
1,1212,254596.9,1,Average
1,1212,285918.8,1,Average
1,1212,173062.5,1,Average
1,1212,185493.8,1,Average
1,1212,167821.9,1,Average
1,1212,278355.7,1,Average
1,1212,117195.0,1,Below Average
1,1212,160875.0,1,Average
1,1212,30237.0,1,Average
8,1212,246156.5,1,Average
8,1212,787096.0,1,Average
8,1212,439909.7,2,Good
8,1212,1071162.0,1,Good
8,1212,166539.2,1,Average
6,1212,2237508.0,1,Very Good
6,1212,3785532.0,1,Average
6,1212,1197376.0,1,Excellent
6,1212,2038528.0,1,Average
6,1212,1780609.0,1,Average
6,1212,554130.5,2,Excellent
6,1212,1226318.0,1,Average
8,1277,98007.64,1,Good
8,1212,476781.3,1,Average
8,1212,301640.6,2,Average
8,1212,342160.4,1,Average
2,1230,423815.0,1,Average
2,1230,622460.6,1,Average
2,1230,329091.0,1,Average
2,1230,671947.1,1,Average
2,1230,670928.2,1,Average
2,1230,622683.0,1,Average
2,1230,586820.5,1,Average
1,1212,691871.8,1,Average
6,1212,2939945.0,1,Good
6,1212,1732835.0,1,Good
6,1212,3850681.0,1,Average
6,1212,1953852.0,1,Excellent
6,1212,209436.3,1,Excellent
6,1212,665214.5,2,Good
6,1212,1808688.0,1,Good
6,1212,2154129.0,1,Very Good
6,1212,3168507.0,1,Good
1,1212,598093.2,1,Average
2,1230,885658.1,1,Average
1,1230,576251.8,1,Average
1,1230,576251.8,1,Average
2,1230,1017596.0,1,Average
8,1212,367466.9,1,Average
6,1212,1345811.0,1,Good
6,1212,1345759.0,1,Good
6,1212,1345811.0,1,Good
6,1212,1490414.0,1,Good
6,1212,1345759.0,1,Good
1,1230,553646.3,1,Average
1,1212,617661.2,1,Average
6,1212,3296037.0,1,Very Good
6,1212,2875038.0,1,Average
6,1212,1112954.0,1,Excellent
6,1212,1498962.0,1,Average
6,1212,1116516.0,1,Average
6,1212,942457.2,1,Average
6,1212,1113569.0,1,Average
6,1212,1447231.0,1,Very Good
6,1212,2529524.0,1,Average
6,1212,477513.0,2,Excellent
6,1212,963868.3,1,Good
6,1212,208543.2,2,Average
6,1212,2650296.0,1,Average
6,1212,3218705.0,1,Very Good
6,1212,625460.8,2,Average
6,1212,574971.3,1,Good
6,1212,3377878.0,1,Very Good
6,1212,1383964.0,1,Good
6,1212,3265592.0,1,Very Good
6,1212,2012508.0,1,Good
6,1212,227537.6,2,Good
6,1212,3430994.0,1,Average
1,1212,201386.3,1,Average
1,1212,225225.0,1,Average
1,1212,685785.4,1,Excellent
1,1212,287855.9,1,Average
1,1212,437660.5,1,Average
1,1212,209193.8,1,Average
1,1212,267660.0,1,Average
1,1212,307530.0,1,Average
1,1212,381733.1,1,Average
1,1212,295036.3,1,Average
1,1212,201532.5,1,Average
1,1212,391130.7,1,Average
1,1212,211545.0,1,Average
1,1212,300105.0,1,Average
1,1212,300767.4,1,Average
1,1212,263673.9,1,Average
1,1212,296966.3,1,Average
1,1212,455108.7,1,Average
8,1212,866856.5,1,Good
8,1212,572089.5,1,Good
8,1277,370913.2,1,Excellent
1,1230,372417.4,1,Average
1,1230,395578.9,1,Average
1,1230,403709.9,1,Average
1,1230,377411.0,1,Average
6,1212,1310895.0,1,Average
6,1212,251897.5,2,Average
6,1212,1586116.0,1,Average
1,1212,257370.0,1,Average
1,1212,251153.3,1,Average
1,1212,326040.0,1,Average
1,1212,261945.0,1,Average
1,1212,277400.8,1,Average
1,1212,372881.3,1,Good
1,1212,312300.0,1,Average
1,1212,271740.0,1,Average
1,1212,280575.0,1,Average
1,1212,254086.2,1,Average
1,1212,304710.0,1,Average
1,1212,260560.9,1,Average
1,1212,284790.0,1,Average
1,1212,280575.0,1,Average
1,1212,413622.7,1,Average
1,1212,251153.3,1,Average
1,1212,257370.0,1,Average
1,1212,490071.9,1,Average
1,1212,323081.8,1,Average
1,1212,278040.0,1,Average
6,1212,1375752.0,1,Good
6,1212,1297816.0,1,Average
6,1212,1214572.0,1,Average
6,1212,1617910.0,1,Good
6,1212,1235790.0,1,Average
6,1212,1267793.0,1,Average
6,1212,1636899.0,1,Excellent
6,1212,1212454.0,1,Average
6,1212,1263650.0,1,Average
6,1212,1215496.0,1,Average
6,1212,1373645.0,1,Good
6,1212,1219268.0,1,Average
6,1212,1393547.0,1,Average
6,1212,1213337.0,1,Average
6,1212,1249185.0,1,Average
6,1212,1546918.0,1,Very Good
6,1215,181828.2,1,Excellent
6,1215,1097641.0,1,Excellent
6,1212,148590.5,1,Excellent
6,1212,1247683.0,1,Average
6,1212,1409598.0,1,Average
6,1212,1446902.0,1,Good
6,1212,1524107.0,1,Good
6,1212,1679930.0,1,Good
6,1212,2200817.0,1,Excellent
6,1212,1632612.0,1,Average
6,1212,1477184.0,1,Average
6,1212,3058163.0,1,Very Good
6,1212,1825017.0,1,Good
6,1212,1505489.0,1,Very Good
6,1212,2202240.0,1,Good
6,1212,2469166.0,1,Very Good
6,1212,1630679.0,1,Average
6,1212,2366946.0,1,Very Good
6,1212,2095312.0,1,Good
6,1212,1557004.0,1,Average
6,1212,2679706.0,1,Very Good
6,1212,3145612.0,1,Good
6,1212,1878801.0,1,Good
6,1212,1706114.0,1,Average
6,1212,1782574.0,1,Average
6,1212,2898135.0,1,Average
6,1212,3329766.0,1,Excellent
6,1212,1736048.0,1,Good
8,1277,60969.22,1,Below Average
1,1212,635997.1,1,Average
1,1212,456687.0,1,Average
6,1212,216993.3,1,Excellent
8,1212,37114.99,1,Average
8,1212,247123.0,1,Average
8,1277,145290.5,1,Average
8,1212,0.0,1,Average
6,1230,636081.0,1,Average
6,1230,669558.9,1,Average
1,1230,436752.0,1,Average
1,1230,436111.7,1,Average
6,1212,2137349.0,1,Good
6,1212,3024498.0,1,Good
6,1212,1089827.0,1,Good
6,1212,1048156.0,1,Average
6,1212,1490414.0,1,Good
1,1212,398491.9,1,Average
1,1212,432342.7,1,Average
1,1212,1157537.0,1,Good
1,1212,638080.0,1,Average
1,1212,706755.2,1,Average
1,1277,541704.0,1,Average
1,1277,1179380.0,1,Average
1,1277,857922.3,1,Average
1,1277,932581.2,1,Excellent
8,1212,108264.3,1,Average
6,1212,5193808.0,1,Excellent
6,1212,4507733.0,1,Excellent
6,1212,4522545.0,1,Good
6,1212,3184953.0,1,Very Good
6,1212,2446148.0,1,Average
2,1230,780942.7,1,Average
2,1230,712675.1,1,Average
6,1212,825423.9,1,Average
2,1230,831187.0,1,Average
2,1230,732475.0,1,Average
8,1277,252665.3,1,Below Average
8,1213,52420.0,1,Average
8,1212,243299.3,1,Average
8,1212,306058.8,1,Average
8,1277,2155047.0,1,Good
8,1277,183994.9,1,Excellent
8,1212,346337.0,1,Average
8,1212,321215.7,1,Average
2,1230,588936.4,1,Average
2,1230,419069.8,1,Average
2,1230,457597.1,1,Average
2,1230,641517.1,1,Average
2,1212,466318.2,1,Good
8,1212,872575.0,1,Average
8,1212,634211.0,1,Excellent
8,1213,0.53,1,Average
2,1230,405330.4,1,Average
8,1212,372583.0,1,Good
8,1212,75897.94,1,Average
8,1212,55008.2,1,Minimum
1,1212,288012.1,1,Average
1,1212,241694.2,2,Average
6,1212,877801.4,1,Average
8,1212,699773.2,1,Average
6,1212,1954233.0,1,Average
6,1212,563777.0,2,Good
6,1212,2001229.0,1,Good
6,1212,2469082.0,1,Average
6,1212,696759.0,2,Excellent
6,1212,1637691.0,1,Average
6,1212,1905975.0,1,Average
6,1212,2239495.0,1,Excellent
6,1212,3827233.0,1,Excellent
6,1212,1424724.0,1,Average
6,1212,1663946.0,1,Good
6,1212,2408353.0,1,Good
6,1212,1758881.0,1,Good
6,1212,1744242.0,1,Good
6,1212,706899.1,1,Average
8,1277,758818.9,1,Average
8,1212,998980.0,1,Average
8,1212,521650.2,1,Excellent
8,1212,432629.3,1,Average
8,1277,220544.4,1,Average
2,1230,589191.3,1,Good
8,1277,676010.5,1,Average
8,1212,0.45,1,Average
6,1212,1080555.0,1,Average
1,1212,420467.3,1,Average
8,1213,37986.9,1,Excellent
6,1212,1344613.0,1,Good
6,1212,1490414.0,1,Good
6,1212,1345811.0,1,Good
2,1212,932346.0,1,Average
8,1212,559425.9,1,Excellent
8,1212,1098951.0,1,Excellent
6,1212,1351844.0,1,Average
6,1212,585987.6,2,Average
8,1212,204925.7,1,Average
6,1212,916809.5,1,Good
1,1212,745302.4,1,Average
1,1212,188056.9,1,Average
8,1212,617418.4,1,Good
1,1212,191970.1,1,Average
1,1212,564753.2,1,Average
8,1212,774975.8,1,Excellent
6,1212,724855.7,1,Average
6,1212,724855.7,1,Average
6,1212,815462.6,1,Average
6,1212,1047762.0,1,Average
1,1230,443362.3,1,Average
1,1230,442505.1,1,Average
6,1212,1379220.0,1,Good
6,1212,1330167.0,1,Good
6,1212,1330167.0,1,Good
6,1212,1329957.0,1,Good
6,1212,816281.2,1,Average
6,1212,817763.7,1,Average
6,1212,1207117.0,1,Excellent
6,1212,1022556.0,1,Average
2,1212,120104.7,2,Average
2,1212,2985576.0,1,Good
8,1277,187096.5,1,Average
8,1277,212725.7,1,Average
8,1212,748696.7,1,Average
6,1212,1490414.0,1,Good
6,1212,1345811.0,1,Good
6,1212,1345811.0,1,Good
6,1212,1345811.0,1,Good
6,1212,1490414.0,1,Good
6,1212,1490414.0,1,Good
6,1212,1490414.0,1,Good
6,1212,1490414.0,1,Good
8,1212,413031.3,1,Average
6,1230,1489774.0,1,Average
6,1230,1231485.0,1,Average
6,1230,1293059.0,1,Average
6,1230,1383361.0,1,Average
6,1230,1231485.0,1,Average
6,1230,1231485.0,1,Average
6,1230,1418832.0,1,Average
1,1212,180999.0,1,Average
1,1212,180999.0,1,Average
1,1212,117046.0,1,Below Average
2,1212,835131.9,1,Average
2,1230,984322.6,1,Good
6,1212,4470559.0,1,Very Good
6,1212,3112443.0,1,Average
6,1212,1838653.0,1,Average
2,1230,414678.3,1,Average
2,1230,452335.4,1,Average
2,1230,484785.5,1,Average
6,1230,621076.4,1,Average
2,1230,438768.3,1,Average
8,1277,813503.6,1,Average
8,1212,472274.8,1,Average
8,1212,238043.3,2,Average
8,1212,981033.2,1,Average
1,1215,478926.0,2,Excellent
1,1215,337336.7,1,Average
8,1212,485617.4,1,Very Good
2,1212,1441284.0,1,Average
2,1212,3279524.0,1,Good
2,1212,93860.64,2,Average
8,1212,1116746.0,1,Average
8,1212,60646.3,1,Excellent
6,1212,3082622.0,1,Very Good
6,1212,2433695.0,1,Very Good
6,1212,4671814.0,1,Very Good
6,1212,692288.4,1,Excellent
8,1212,823974.6,1,Average
2,1230,965946.0,1,Average
2,1230,1239381.0,1,Average
1,1230,281536.4,1,Average
1,1230,274498.0,1,Average
1,1230,270706.7,1,Average
1,1230,270706.7,1,Average
1,1230,270706.7,1,Average
1,1230,282986.0,1,Average
1,1230,260221.7,1,Average
1,1212,359833.8,1,Average
1,1212,300224.0,1,Average
1,1212,182884.4,1,Average
1,1212,180999.0,1,Average
1,1212,182884.4,1,Average
1,1212,187960.5,1,Average
1,1212,146307.5,1,Average
1,1212,182884.4,1,Average
8,1277,254344.3,1,Very Good
8,1212,369864.3,1,Good
2,1230,368023.1,1,Average
2,1230,374830.3,1,Average
8,1277,836784.4,1,Average
8,1277,364796.3,1,Average
1,1212,545274.8,1,Average
8,1212,595670.5,1,Average
6,1212,1490372.0,1,Good
1,1212,878123.5,1,Good
1,1212,569887.5,1,Excellent
2,1212,1071680.0,1,Average
2,1212,1204410.0,1,Average
6,1212,1490372.0,1,Good
1,1230,294319.3,1,Average
1,1230,294319.3,1,Average
1,1230,294319.3,1,Average
6,1212,1266808.0,1,Good
6,1212,1405306.0,1,Good
6,1212,1405306.0,1,Good
6,1212,1405306.0,1,Good
6,1212,1405306.0,1,Good
6,1212,1425159.0,1,Good
6,1212,1580969.0,1,Good
6,1212,1405306.0,1,Good
6,1212,1266808.0,1,Good
6,1212,1266808.0,1,Good
6,1212,1266808.0,1,Good
6,1212,1266808.0,1,Good
6,1212,1405306.0,1,Good
6,1212,1580969.0,1,Good
6,1212,2291672.0,1,Average
6,1212,839975.4,1,Average
1,1212,594175.3,1,Average
6,1212,680962.2,1,Average
1,1212,693331.8,1,Excellent
2,1212,1314768.0,1,Average
1,1230,573332.5,1,Average
1,1230,476656.2,1,Average
6,1230,2871160.0,1,Good
6,1230,2460078.0,1,Good
6,1230,2460078.0,1,Good
6,1230,2460078.0,1,Good
6,1230,2460078.0,1,Good
6,1230,2460078.0,1,Good
6,1230,2460078.0,1,Good
6,1230,2460078.0,1,Good
6,1230,2460078.0,1,Good
6,1230,2460078.0,1,Good
6,1230,3553199.0,1,Good
2,1212,743137.5,1,Average
2,1212,749929.3,1,Average
2,1212,977768.4,1,Average
2,1230,1140729.0,1,Average
1,1212,366898.7,1,Average
6,1212,701074.8,1,Average
1,1212,171855.0,1,Average
1,1212,45532.0,1,Average
1,1212,311547.3,1,Average
6,1277,250531.5,2,Average
6,1277,944279.2,1,Average
8,1277,542015.5,2,Excellent
8,1277,1061885.0,1,Average
1,1212,541289.0,1,Excellent
6,1212,793374.7,1,Average
1,1212,206145.0,1,Average
6,1212,1722469.0,1,Average
8,1212,326021.1,1,Average
6,1212,1268260.0,1,Good
6,1212,828726.6,6,Excellent
8,1212,352562.6,1,Average
2,1230,1082250.0,1,Average
2,1230,1081952.0,1,Average
6,1212,1913877.0,1,Good
6,1212,1521441.0,1,Good
6,1212,1519339.0,1,Good
6,1212,1490261.0,1,Good
6,1212,1515627.0,1,Good
6,1212,1519845.0,1,Good
6,1212,1497995.0,1,Good
6,1212,1515313.0,1,Good
6,1212,1515627.0,1,Good
6,1212,1469530.0,1,Good
6,1212,1466987.0,1,Good
6,1212,1458713.0,1,Good
6,1212,1509413.0,1,Good
6,1212,1522412.0,1,Good
6,1212,1522762.0,1,Good
8,1212,130570.0,2,Average
8,1212,202430.3,1,Average
8,1277,607980.6,1,Excellent
8,1212,2300245.0,1,Average
1,1212,445741.5,1,Average
2,1230,1328814.0,1,Good
1,1212,347448.3,1,Average
6,1212,1490372.0,1,Good
6,1212,1490414.0,1,Good
8,1212,1023381.0,1,Average
2,1230,138480.0,1,Average
2,1230,142030.0,1,Average
1,1212,186192.5,1,Average
1,1212,186192.5,1,Average
1,1212,232740.6,1,Good
2,1230,1089453.0,1,Average
2,1212,849808.6,1,Average
1,1212,510540.6,1,Average
8,1212,3871344.0,1,Good
6,1212,801436.2,1,Excellent
6,1212,1490372.0,1,Good
6,1212,1490372.0,1,Good
2,1230,368770.2,1,Average
2,1230,358252.7,1,Average
8,1277,431902.8,1,Average
2,1230,182522.0,1,Average
2,1230,75993.0,1,Average
2,1230,106262.0,1,Average
2,1230,82569.98,1,Average
2,1230,78271.0,1,Average
2,1230,188825.0,1,Average
2,1230,126199.6,1,Average
2,1230,122838.0,1,Average
6,1230,1274032.0,1,Average
6,1230,1242181.0,1,Average
6,1230,1242181.0,1,Average
6,1230,1304290.0,1,Average
6,1230,1263599.0,1,Average
6,1230,1263599.0,1,Average
6,1230,1263599.0,1,Average
6,1230,1300950.0,1,Average
8,1212,656816.4,1,Average
8,1212,261488.5,2,Average
1,1212,494923.1,2,Excellent
1,1212,431076.6,1,Average
2,1230,632033.0,1,Average
2,1230,720163.6,1,Average
2,1230,1110455.0,1,Average
2,1230,1089515.0,1,Average
2,1230,393528.0,1,Average
2,1212,1046648.0,1,Average
2,1212,1757116.0,1,Average
1,1212,234536.5,1,Average
2,1230,778253.0,1,Average
1,1212,237989.4,1,Average
6,1212,783161.9,1,Average
1,1212,512942.7,1,Average
1,1212,446268.0,1,Average
1,1212,446268.0,1,Average
1,1212,475305.0,1,Average
1,1212,484613.4,1,Average
1,1212,569457.7,1,Average
1,1212,491876.6,1,Average
1,1212,483118.9,1,Average
1,1212,471868.1,1,Average
1,1212,601428.6,1,Average
1,1212,184796.5,1,Excellent
1,1212,587771.9,1,Average
1,1212,486027.9,1,Average
1,1212,486027.9,1,Average
1,1215,496429.1,1,Average
1,1212,392611.2,1,Average
1,1215,736434.0,1,Average
6,1212,1681997.0,1,Good
6,1212,1358928.0,1,Good
6,1212,1207936.0,1,Good
6,1212,1207936.0,1,Good
6,1212,1357638.0,1,Good
6,1212,1201744.0,1,Good
6,1212,1203911.0,1,Good
6,1212,1349720.0,1,Good
8,1277,267146.9,2,Average
8,1277,2623565.0,1,Average
1,1212,477940.0,1,Average
1,1212,434215.9,1,Good
1,1212,312734.1,1,Good
6,1230,626391.7,1,Average
1,1212,724469.3,1,Average
1,1212,303809.7,2,Average
1,1230,1140197.0,1,Average
6,1230,735777.3,1,Average
6,1230,383442.2,1,Average
1,1230,442207.3,1,Average
1,1230,499843.5,1,Average
2,1212,1936914.0,1,Good
1,1212,619006.7,1,Average
1,1212,641640.9,1,Average
1,1212,311318.4,1,Average
1,1212,316053.7,1,Excellent
6,1212,2509774.0,1,Excellent
6,1212,2954491.0,1,Average
6,1212,2058746.0,1,Excellent
6,1212,1794258.0,1,Average
6,1212,4808852.0,1,Very Good
6,1212,4417996.0,1,Excellent
6,1212,1674653.0,1,Average
6,1212,3112443.0,1,Average
6,1212,3167739.0,1,Good
6,1212,2237390.0,1,Excellent
6,1212,3461629.0,1,Excellent
6,1212,3635923.0,1,Very Good
6,1212,3929402.0,1,Excellent
6,1212,4573946.0,1,Excellent
6,1212,3314670.0,1,Excellent
6,1212,2394860.0,1,Excellent
6,1212,1580057.0,1,Average
6,1212,3351865.0,1,Excellent
6,1212,1880239.0,1,Good
6,1212,3173118.0,1,Excellent
6,1212,3437629.0,1,Excellent
6,1212,2530460.0,1,Very Good
6,1212,1962070.0,1,Average
6,1212,2410972.0,1,Excellent
6,1212,2027142.0,1,Excellent
6,1212,3612106.0,1,Excellent
6,1212,193613.3,1,Excellent
6,1212,2989853.0,1,Excellent
6,1212,1949583.0,1,Average
6,1212,2123912.0,1,Good
6,1212,2922321.0,1,Good
6,1212,1714324.0,1,Average
6,1212,3216485.0,1,Excellent
6,1212,3624053.0,1,Excellent
6,1212,3859180.0,1,Excellent
6,1212,4231116.0,1,Very Good
6,1212,3344036.0,1,Very Good
6,1212,3335268.0,1,Very Good
2,1230,734716.4,1,Average
2,1230,836272.7,1,Average
2,1230,782650.1,1,Average
2,1212,89466.88,2,Average
2,1212,1435413.0,1,Average
6,1215,1031045.0,1,Good
6,1212,860581.4,1,Excellent
6,1212,865991.6,1,Good
6,1212,1490414.0,1,Good
6,1212,1490372.0,1,Good
6,1212,1490414.0,1,Good
1,1212,918661.6,1,Excellent
1,1212,624503.6,1,Average
1,1212,427939.3,1,Average
1,1212,369983.4,1,Excellent
1,1212,436959.8,1,Average
1,1212,758874.9,1,Good
1,1212,698837.8,1,Average
1,1212,767722.8,1,Average
1,1212,656809.1,1,Average
1,1212,747745.6,1,Average
1,1212,773835.0,1,Average
1,1212,418476.9,1,Good
1,1212,418671.1,1,Excellent
1,1212,388223.4,1,Average
1,1212,466144.5,1,Excellent
1,1212,598969.8,1,Average
1,1212,658929.6,1,Good
1,1212,334672.4,1,Average
1,1212,724037.8,1,Good
1,1212,368739.3,1,Average
1,1212,631603.7,1,Excellent
1,1212,510612.9,1,Good
1,1212,383048.2,1,Average
1,1212,691194.1,1,Good
1,1212,543898.8,1,Average
8,1277,2626707.0,1,Excellent
8,1277,659833.2,3,Excellent
8,1277,2300733.0,1,Good
8,1212,1403909.0,1,Excellent
1,1277,200152.9,2,Average
1,1277,651485.9,1,Average
8,1212,327600.0,1,Average
8,1212,812356.5,1,Average
8,1277,357519.1,1,Average
2,1212,818583.9,1,Average
2,1212,818583.9,1,Average
6,1212,4214201.0,1,Very Good
6,1212,1499486.0,1,Average
6,1212,1628163.0,1,Average
6,1212,3564233.0,1,Excellent
6,1212,1417212.0,1,Average
6,1212,1615671.0,1,Average
6,1212,950899.0,1,Average
6,1212,1651314.0,1,Very Good
6,1212,1144653.0,1,Good
6,1212,1386722.0,1,Average
6,1212,990554.1,1,Average
6,1212,425781.2,1,Average
6,1212,736362.1,1,Average
6,1212,937189.9,1,Average
6,1212,931746.6,1,Good
6,1212,815066.7,1,Average
6,1212,975828.6,1,Average
6,1212,1073543.0,1,Good
6,1212,983334.3,1,Average
6,1212,786645.6,1,Average
6,1212,607360.2,1,Average
6,1212,730467.1,1,Average
6,1212,552150.8,1,Average
6,1212,525100.2,1,Good
6,1212,798706.6,1,Average
6,1212,1118407.0,1,Good
6,1212,588520.6,1,Average
6,1212,596641.0,1,Average
6,1212,712636.0,1,Good
6,1212,825828.6,1,Average
6,1212,535607.1,1,Average
6,1212,1149505.0,1,Very Good
6,1212,869771.6,1,Average
6,1212,1004966.0,1,Good
6,1212,978134.0,1,Average
6,1212,975047.7,1,Average
6,1212,978134.0,1,Average
6,1212,1169552.0,1,Very Good
6,1212,975167.9,1,Average
6,1212,1163998.0,1,Good
6,1212,798429.5,1,Good
6,1212,794186.5,1,Average
6,1212,806377.7,1,Average
6,1212,806377.7,1,Average
6,1212,915721.1,1,Good
6,1212,1201887.0,1,Excellent
6,1212,1210632.0,1,Very Good
6,1212,797623.9,1,Average
6,1212,787836.1,1,Average
6,1212,775321.1,1,Good
6,1212,913605.8,1,Average
6,1212,809813.6,1,Average
6,1212,749347.5,1,Average
6,1212,938050.1,1,Very Good
6,1212,822943.2,1,Average
8,1277,361682.7,1,Average
8,1212,1112982.0,1,Excellent
2,1212,4133178.0,1,Good
8,1277,1367102.0,1,Average
8,1212,1086394.0,1,Average
8,1277,467840.4,1,Average
6,1277,1744646.0,1,Very Good
6,1212,264607.9,3,Excellent
6,1277,296843.7,2,Good
6,1277,714293.1,1,Good
6,1277,3420338.0,1,Excellent
6,1212,1000851.0,2,Excellent
2,1212,2389745.0,1,Very Good
2,1212,4058990.0,1,Good
2,1212,4508808.0,1,Very Good
2,1212,4618431.0,1,Excellent
2,1212,50322.74,2,Excellent
2,1212,3554046.0,1,Excellent
2,1212,1946270.0,1,Average
2,1212,93551.82,1,Average
2,1212,2316541.0,2,Average
2,1212,36521.19,2,Average
2,1212,2115287.0,1,Average
2,1212,3560873.0,1,Good
2,1212,2369169.0,1,Average
2,1212,0.0,2,Excellent
2,1212,755479.2,1,Good
2,1212,2014007.0,1,Average
2,1212,5107742.0,1,Excellent
2,1212,58653.66,2,Excellent
2,1212,134426.7,2,Excellent
2,1212,4596614.0,1,Excellent
2,1212,72132.7,2,Excellent
2,1212,4668845.0,1,Excellent
2,1212,44805.16,2,Good
2,1212,3682954.0,1,Good
2,1212,38204.25,2,Average
2,1212,1754596.0,1,Average
2,1212,1957322.0,1,Good
2,1212,543788.1,1,Average
2,1212,2839279.0,1,Very Good
2,1212,48182.05,2,Very Good
2,1212,3914215.0,1,Very Good
2,1212,3255361.0,1,Very Good
2,1212,33279.35,2,Average
2,1212,3219747.0,1,Average
2,1212,4704415.0,1,Very Good
2,1212,183329.4,2,Very Good
2,1212,74158.5,2,Excellent
2,1212,6421726.0,1,Very Good
2,1212,3100425.0,1,Very Good
2,1212,351195.2,1,Good
2,1212,2424936.0,1,Very Good
2,1212,4440158.0,1,Good
2,1212,2118057.0,1,Average
2,1212,2105833.0,1,Average
2,1212,84118.35,2,Average
2,1212,404580.0,1,Average
2,1212,3526841.0,1,Good
2,1212,4382672.0,1,Excellent
2,1212,32874.22,2,Excellent
2,1212,3141959.0,1,Good
2,1212,880739.4,1,Average
2,1212,2964118.0,1,Very Good
2,1212,54363.52,2,Average
2,1212,3234070.0,1,Very Good
2,1212,0.0,2,Average
2,1212,584872.2,1,Average
2,1212,4877787.0,1,Very Good
2,1212,60578.77,2,Very Good
2,1212,4481105.0,1,Excellent
2,1212,461324.4,1,Average
2,1212,4728831.0,1,Excellent
2,1212,65863.03,2,Excellent
2,1212,3644292.0,1,Excellent
2,1212,77657.33,2,Excellent
2,1212,4353134.0,1,Very Good
2,1212,65395.62,2,Very Good
2,1212,4140227.0,1,Excellent
2,1212,82765.51,2,Excellent
2,1212,22579.99,2,Excellent
2,1212,2389577.0,1,Excellent
2,1212,76780.45,2,Excellent
2,1212,4260184.0,1,Good
2,1212,4609109.0,1,Excellent
2,1212,50819.0,2,Excellent
2,1212,5102000.0,1,Excellent
2,1212,48637.04,2,Excellent
2,1212,3763771.0,1,Excellent
2,1212,76069.24,2,Excellent
2,1212,834142.6,1,Average
2,1212,0.0,2,Average
2,1212,3034166.0,1,Good
2,1212,105185.6,2,Good
2,1212,1804326.0,1,Average
8,1215,755554.2,1,Average
2,1212,1101960.0,1,Average
2,1212,1129634.0,1,Average
8,1212,890570.3,1,Excellent
8,1212,1390962.0,1,Average
2,1230,424274.3,1,Average
2,1230,271800.0,1,Average
2,1230,413437.7,1,Average
2,1230,444932.0,1,Average
1,1277,125308.0,1,Below Average
6,1212,1111507.0,1,Good
6,1212,584269.4,1,Very Good
6,1212,2932989.0,2,Excellent
6,1212,806207.0,2,Excellent
6,1212,3217831.0,1,Very Good
1,1212,519076.4,1,Very Good
1,1212,204462.2,2,Average
8,1212,356185.2,1,Average
8,1212,216982.9,1,Below Average
8,1212,1007967.0,1,Excellent
8,1277,2632283.0,1,Good
8,1277,2378276.0,1,Excellent
8,1277,182179.9,1,Average
8,1277,211735.5,2,Average
8,1277,232297.7,3,Good
8,1277,135094.6,5,Average
8,1277,274406.2,4,Average
1,1212,152710.6,1,Average
6,1230,874911.6,1,Average
6,1230,212130.0,1,Average
1,1212,404789.0,1,Average
6,1212,708439.6,1,Average
8,1212,249889.6,1,Average
2,1230,885478.6,1,Good
2,1230,901821.7,1,Good
6,1230,888623.8,1,Average
6,1230,888623.8,1,Average
6,1230,607907.6,1,Average
6,1230,607907.6,1,Average
8,1212,236118.6,1,Average
8,1277,105244.0,1,Minimum
8,1277,2459418.0,1,Average
6,1212,730890.6,1,Average
6,1212,651238.2,1,Average
1,1212,277687.4,1,Average
1,1212,275501.8,1,Average
1,1212,277687.4,1,Average
1,1212,296331.6,1,Average
1,1212,295580.5,1,Average
1,1212,277687.4,1,Average
1,1212,288574.9,1,Average
1,1212,275501.8,1,Average
1,1212,273539.4,1,Average
1,1212,403565.1,1,Average
1,1212,276682.6,1,Average
1,1212,275501.8,1,Average
1,1212,275501.8,1,Average
1,1212,275501.8,1,Average
1,1212,297226.4,1,Average
1,1212,1090352.0,1,Average
1,1212,342784.2,1,Average
1,1212,375889.6,1,Average
1,1212,375841.1,1,Average
1,1212,375889.6,1,Average
1,1212,1341783.0,1,Average
1,1212,654024.9,1,Average
6,1212,653343.5,1,Average
6,1212,420621.3,1,Average
6,1212,420621.3,1,Average
6,1212,653343.5,1,Average
6,1212,653343.5,1,Average
6,1212,420621.3,1,Average
6,1212,420621.3,1,Average
6,1212,653343.5,1,Average
6,1212,423072.7,1,Average
6,1212,423072.7,1,Average
6,1212,529352.3,1,Average
6,1212,529352.3,1,Average
6,1230,682332.0,1,Average
6,1230,697827.4,1,Average
2,1212,1128830.0,1,Average
2,1212,1428772.0,1,Average
6,1230,433504.8,1,Average
6,1212,511548.8,1,Excellent
6,1277,147603.7,2,Excellent
6,1277,1935222.0,1,Excellent
6,1277,3417630.0,1,Excellent
6,1212,2057086.0,1,Good
6,1212,1845940.0,1,Good
6,1212,2220483.0,1,Very Good
6,1212,2942080.0,1,Excellent
6,1212,151168.0,1,Excellent
6,1212,1895165.0,1,Very Good
6,1212,2377770.0,1,Excellent
6,1212,444842.7,2,Excellent
6,1212,920168.3,1,Good
6,1212,207121.1,2,Good
6,1230,433504.8,1,Average
8,1212,243389.7,1,Average
6,1212,1490414.0,1,Good
6,1212,1479751.0,1,Excellent
1,1212,483311.7,1,Average
1,1230,419299.6,1,Average
1,1230,532559.1,1,Average
1,1212,425067.1,1,Average
6,1212,899889.5,1,Average
6,1212,2743909.0,1,Average
6,1212,2183927.0,1,Very Good
6,1212,2173989.0,1,Very Good
6,1212,2183927.0,1,Very Good
6,1212,2173989.0,1,Very Good
6,1212,2183927.0,1,Very Good
6,1212,2173989.0,1,Very Good
8,1212,365318.5,1,Average
8,1215,593534.0,1,Average
6,1230,242975.2,1,Average
6,1230,238193.6,1,Average
6,1230,280921.3,1,Average
6,1230,505781.3,1,Average
6,1230,129346.8,1,Average
6,1230,284333.8,1,Average
1,1212,210453.0,1,Average
1,1212,249250.8,1,Average
1,1212,246757.7,1,Average
1,1212,252841.3,1,Average
1,1212,177720.2,1,Average
1,1212,166085.4,1,Average
1,1212,197809.5,1,Average
1,1212,222746.1,1,Average
1,1212,199469.2,1,Average
1,1212,276979.1,1,Average
1,1212,235669.4,1,Average
1,1212,194087.6,1,Average
1,1212,378465.2,1,Average
1,1212,380744.1,1,Average
1,1212,380744.1,1,Average
1,1212,385986.2,1,Average
1,1212,385986.2,1,Average
1,1212,385986.2,1,Average
1,1212,405285.5,1,Good
1,1212,385986.2,1,Average
1,1212,347387.5,1,Average
1,1212,385986.2,1,Average
1,1212,378465.2,1,Average
1,1212,389048.3,1,Average
1,1212,389048.3,1,Average
1,1212,389048.3,1,Average
1,1212,389048.3,1,Average
1,1212,385986.2,1,Average
1,1212,347387.5,1,Average
1,1212,385986.2,1,Average
1,1212,380744.1,1,Average
1,1212,380744.1,1,Average
1,1277,1261772.0,1,Excellent
6,1212,1490414.0,1,Good
6,1230,1061770.0,1,Average
6,1230,1215942.0,1,Average
1,1215,549350.1,2,Average
1,1215,549350.1,3,Average
1,1215,549350.1,1,Average
8,1212,442390.4,1,Average
8,1212,762465.9,1,Average
8,1212,490240.9,1,Average
8,1212,913083.8,1,Average
6,1230,1216867.0,1,Average
6,1212,1375349.0,1,Very Good
6,1212,1391819.0,1,Very Good
6,1212,923356.6,1,Average
2,1230,275679.8,1,Average
2,1230,886736.9,1,Average
2,1212,1102177.0,1,Average
2,1212,48703.71,2,Average
2,1212,1071685.0,1,Average
2,1230,619052.9,1,Average
2,1230,619052.9,1,Average
6,1230,1027876.0,1,Average
1,1230,30000.0,1,Average
1,1230,30000.0,1,Average
1,1230,30000.0,1,Average
1,1230,30000.0,1,Average
1,1230,30000.0,1,Average
1,1230,30000.0,1,Average
6,1212,1358324.0,1,Good
6,1212,1341586.0,1,Good
6,1212,1341586.0,1,Good
6,1212,1376553.0,1,Good
1,1230,399310.7,1,Average
1,1230,333463.1,1,Average
6,1230,433293.1,1,Average
1,1212,480599.2,1,Average
1,1277,1303190.0,1,Excellent
1,1212,168538.0,1,Average
6,1230,538882.9,1,Average
6,1230,574004.9,1,Average
6,1212,722624.6,1,Average
6,1212,656692.2,1,Average
6,1212,722624.6,1,Average
2,1212,1197471.0,1,Average
2,1212,128915.5,2,Below Average
1,1212,1056977.0,1,Average
1,1212,422730.0,1,Average
1,1212,372672.8,1,Average
1,1212,387634.8,1,Average
1,1212,372672.8,1,Average
1,1212,387634.8,1,Average
6,1230,922129.1,1,Average
6,1230,922129.1,1,Average
6,1230,732775.5,1,Average
6,1230,739469.8,1,Average
6,1230,729419.6,1,Average
6,1230,725432.9,1,Average
6,1230,830484.3,1,Good
6,1230,762583.7,1,Good
6,1230,766090.8,1,Good
6,1230,872725.5,1,Good
6,1230,909978.3,1,Good
6,1230,776118.0,1,Good
6,1230,1340080.0,1,Good
6,1230,1340080.0,1,Good
6,1230,867111.7,1,Good
6,1230,851481.2,1,Good
6,1230,782672.0,1,Good
6,1230,955528.0,1,Good
6,1230,1332616.0,1,Good
6,1230,877709.8,1,Good
6,1230,867735.8,1,Good
6,1230,801039.1,1,Good
6,1230,1157876.0,1,Good
6,1230,1523785.0,1,Good
6,1230,1836927.0,1,Good
6,1230,1506507.0,1,Good
6,1230,1411005.0,1,Good
6,1230,876300.6,1,Good
6,1230,1315224.0,1,Good
6,1230,1411488.0,1,Good
6,1230,2306298.0,1,Good
8,1212,173309.6,2,Average
8,1212,692686.8,1,Good
8,1212,1280649.0,1,Average
8,1212,2332978.0,1,Excellent
6,1212,697602.0,1,Good
6,1212,791232.3,1,Average
8,1277,475379.0,1,Average
8,1277,514975.5,1,Average
6,1212,928512.1,1,Average
6,1212,1114358.0,1,Very Good
8,1212,541541.1,1,Very Good
6,1212,1151268.0,1,Very Good
8,1277,503015.8,1,Average
8,1277,91902.96,2,Excellent
8,1277,664073.0,1,Excellent
8,1277,91902.96,4,Excellent
8,1277,87357.22,3,Excellent
6,1212,614555.5,1,Average
6,1212,253969.4,2,Average
6,1212,673482.5,1,Average
6,1212,657039.7,1,Average
6,1212,656286.3,1,Average
6,1212,674107.6,1,Average
6,1212,4586460.0,1,Average
6,1212,6814383.0,1,Average
6,1212,6844368.0,1,Very Good
6,1212,6036330.0,1,Good
6,1212,5747189.0,1,Good
6,1212,4213228.0,1,Very Good
6,1212,562696.5,1,Excellent
6,1212,5681043.0,1,Excellent
6,1212,4959607.0,1,Excellent
6,1212,4504509.0,1,Very Good
6,1212,7463537.0,1,Good
6,1212,6713499.0,1,Very Good
6,1212,5472520.0,1,Excellent
6,1212,6559662.0,1,Very Good
6,1212,5961405.0,1,Very Good
6,1212,6162805.0,1,Excellent
6,1212,4464804.0,1,Excellent
6,1212,3420200.0,1,Excellent
6,1212,6912757.0,1,Very Good
6,1212,1930636.0,1,Good
6,1212,1014810.0,1,Average
6,1212,456664.5,1,Average
6,1212,1014810.0,1,Average
6,1212,558145.5,1,Average
6,1212,1087775.0,1,Average
1,1212,100910.0,1,Average
1,1277,1250911.0,1,Good
1,1230,447223.4,1,Average
1,1230,447223.4,1,Average
1,1230,447223.4,1,Average
1,1230,447223.4,1,Average
1,1277,384129.6,1,Average
1,1277,193694.0,2,Average
1,1277,301076.5,3,Average
1,1277,451120.9,1,Excellent
1,1230,404648.1,1,Average
1,1230,429586.7,1,Average
1,1230,429586.7,1,Average
1,1230,404648.1,1,Average
6,1212,2098967.0,1,Very Good
6,1212,2036205.0,1,Very Good
6,1212,1118601.0,1,Average
6,1212,698399.0,1,Average
6,1230,639852.1,1,Average
6,1230,425785.0,1,Average
8,1277,293305.2,1,Average
8,1277,454690.3,1,Good
8,1277,321085.5,1,Good
2,1212,745394.7,1,Average
2,1212,756948.3,1,Average
2,1212,318140.2,1,Average
2,1212,401344.6,1,Good
2,1212,453751.0,1,Average
8,1212,486458.5,1,Average
8,1212,313208.5,1,Average
8,1212,1167427.0,1,Good
2,1212,1148423.0,1,Average
2,1212,1180360.0,1,Average
1,1212,268641.3,2,Average
1,1212,150323.2,1,Average
6,1230,681004.1,1,Average
6,1230,680387.8,1,Average
2,1230,798368.2,1,Average
2,1230,798368.2,1,Average
6,1230,1027876.0,1,Average
6,1230,1090522.0,1,Average
8,1212,644535.4,1,Average
6,1212,867472.5,1,Average
1,1212,271057.8,1,Average
2,1212,134850.6,2,Average
2,1212,1948366.0,1,Average
8,1212,932452.0,1,Average
8,1212,791507.5,1,Average
1,1212,309193.9,1,Average
2,1212,2235915.0,1,Good
2,1212,75848.41,2,Average
6,1212,993307.7,1,Average
2,1212,407222.1,1,Average
2,1212,1098146.0,1,Average
2,1212,82203.58,2,Average
2,1212,1273956.0,1,Average
2,1212,79626.69,2,Average
6,1230,612907.1,1,Average
6,1230,612907.1,1,Average
1,1212,281967.8,1,Average
8,1213,43242.66,1,Average
6,1212,1911799.0,1,Average
2,1212,1143312.0,1,Good
2,1212,1145137.0,1,Good
6,1230,784575.5,1,Average
6,1230,784575.5,1,Average
6,1212,953267.1,1,Average
2,1212,85299.78,2,Average
2,1212,1929264.0,1,Average
8,1212,1601459.0,1,Average
1,1212,256959.1,1,Average
1,1212,202087.5,1,Average
1,1212,256959.1,1,Average
1,1212,256959.1,1,Average
1,1212,192565.0,1,Average
1,1212,214989.9,1,Average
1,1230,696223.8,1,Average
1,1230,255028.9,1,Average
1,1230,141145.7,1,Average
1,1230,156828.6,1,Average
1,1230,141405.2,1,Average
1,1230,141145.7,1,Average
1,1230,141145.7,1,Average
1,1230,157116.9,1,Average
1,1230,141405.2,1,Average
1,1230,145031.0,1,Average
1,1230,250284.6,1,Average
1,1230,484381.1,1,Average
1,1230,517895.1,1,Average
6,1212,4260860.0,1,Excellent
6,1212,4221939.0,1,Excellent
6,1212,2849562.0,1,Excellent
6,1212,4112197.0,1,Excellent
6,1212,2327556.0,1,Excellent
6,1212,4274281.0,1,Very Good
1,1212,417826.8,1,Average
1,1212,434359.1,1,Average
1,1212,364186.0,1,Average
1,1212,313345.4,1,Average
1,1212,408487.7,1,Average
1,1212,431732.1,1,Average
1,1212,372074.0,1,Average
1,1212,429209.4,1,Average
2,1212,92195.2,1,Average
2,1212,76914.47,1,Average
2,1212,96420.61,1,Average
2,1212,107807.7,1,Average
2,1212,84800.8,1,Average
2,1212,58353.6,1,Average
1,1212,342043.2,1,Average
8,1212,233666.3,1,Average
1,1212,154152.2,1,Average
1,1212,278773.0,1,Average
6,1212,1490414.0,1,Good
6,1212,1490414.0,1,Good
1,1212,272886.4,1,Average
6,1212,1055746.0,1,Average
8,1212,272705.6,1,Average
8,1212,74888.63,2,Average
8,1212,481574.4,1,Very Good
8,1212,705839.3,1,Average
1,1212,394875.8,1,Average
1,1212,514939.5,1,Average
6,1230,730509.4,1,Average
6,1230,706939.3,1,Average
1,1230,490407.4,1,Average
1,1230,490407.4,1,Average
1,1230,483260.2,1,Average
1,1230,470726.0,1,Average
1,1230,490407.4,1,Average
6,1212,1397051.0,1,Very Good
6,1212,213496.7,1,Excellent
6,1212,4194497.0,1,Average
6,1212,725896.1,2,Average
6,1212,4206400.0,1,Excellent
6,1212,247376.8,2,Very Good
6,1212,5523220.0,1,Excellent
6,1212,6061141.0,1,Very Good
6,1212,5144327.0,1,Very Good
6,1212,1239058.0,2,Very Good
1,1212,735864.5,1,Excellent
1,1212,567943.9,1,Average
1,1212,752685.0,1,Excellent
1,1212,662873.2,1,Average
1,1212,755951.5,1,Excellent
1,1212,652724.5,1,Average
1,1212,694917.0,1,Very Good
1,1212,884487.3,1,Excellent
1,1212,696178.1,1,Excellent
1,1212,464079.8,1,Average
1,1212,712152.6,1,Excellent
1,1212,580851.0,1,Good
1,1212,467931.7,1,Average
1,1212,528576.5,1,Average
1,1212,625274.9,1,Good
1,1277,1317993.0,1,Average
1,1230,145562.3,1,Average
1,1230,141923.2,1,Average
1,1230,141664.4,1,Average
1,1230,161735.9,1,Average
1,1230,145562.3,1,Average
1,1230,141405.2,1,Average
1,1230,141405.2,1,Average
1,1230,161145.5,1,Average
6,1212,778076.9,1,Average
6,1212,664675.4,2,Average
6,1212,1276652.0,1,Average
6,1212,1740338.0,1,Good
6,1212,1406031.0,1,Average
6,1212,926653.3,1,Average
6,1212,399524.6,1,Average
6,1212,2094341.0,2,Average
6,1212,1048689.0,1,Good
2,1212,980602.1,1,Average
2,1212,1271655.0,1,Average
2,1212,614232.4,1,Average
2,1212,609780.2,1,Average
2,1212,610611.3,1,Average
2,1212,1374747.0,1,Average
2,1212,1403699.0,1,Average
1,1212,1125976.0,1,Average
6,1230,826582.0,1,Average
6,1230,826582.0,1,Average
6,1230,688465.4,1,Average
6,1230,668901.6,1,Average
6,1230,668901.6,1,Average
6,1230,635520.0,1,Average
6,1230,668969.8,1,Average
6,1230,667238.1,1,Average
6,1230,668901.6,1,Average
6,1230,668901.6,1,Average
6,1230,668901.6,1,Average
6,1230,680591.1,1,Average
1,1230,446366.1,1,Average
1,1230,435207.0,1,Average
1,1230,435207.0,1,Average
1,1230,435207.0,1,Average
1,1230,435207.0,1,Average
1,1230,446366.1,1,Average
1,1230,30000.0,1,Average
1,1230,30000.0,1,Average
1,1230,30000.0,1,Average
1,1230,30000.0,1,Average
1,1230,30000.0,1,Average
2,1212,911317.2,1,Average
2,1212,875858.6,1,Average
6,1212,1362840.0,1,Excellent
6,1212,2421283.0,1,Excellent
6,1212,2022350.0,1,Excellent
6,1212,1318688.0,1,Excellent
6,1212,673678.7,1,Excellent
6,1212,1811690.0,1,Very Good
6,1212,118936.1,1,Excellent
6,1212,1154847.0,1,Excellent
6,1212,1504563.0,1,Excellent
6,1212,1850844.0,1,Excellent
6,1212,1304326.0,1,Very Good
6,1212,1156526.0,1,Very Good
6,1212,1570634.0,1,Excellent
6,1212,1029062.0,1,Very Good
6,1212,1423458.0,1,Good
6,1212,1197945.0,1,Excellent
6,1212,1242172.0,1,Average
6,1212,1016776.0,1,Very Good
6,1212,1279561.0,1,Average
6,1212,1449819.0,1,Excellent
6,1212,1050189.0,1,Very Good
6,1212,808834.0,1,Average
6,1212,1535342.0,1,Very Good
6,1212,1581879.0,1,Excellent
6,1212,1285763.0,1,Excellent
6,1212,1426272.0,1,Excellent
6,1212,1148137.0,1,Excellent
6,1212,1287792.0,1,Very Good
6,1212,1173378.0,1,Good
6,1212,1289545.0,1,Excellent
6,1212,1631024.0,1,Very Good
6,1212,1469488.0,1,Excellent
6,1212,1160630.0,1,Very Good
6,1212,715108.1,1,Excellent
6,1212,1570970.0,1,Very Good
6,1212,1099416.0,1,Very Good
6,1212,946794.9,1,Good
6,1212,1639779.0,1,Excellent
6,1212,1159600.0,1,Average
6,1212,246878.5,2,Very Good
6,1212,1106009.0,1,Excellent
6,1212,1356621.0,1,Good
6,1212,928150.8,1,Average
6,1212,1147435.0,1,Very Good
6,1212,1228501.0,1,Excellent
6,1212,128593.2,1,Excellent
6,1212,1247112.0,1,Excellent
6,1212,897126.8,1,Average
6,1212,883285.1,1,Average
6,1212,1559654.0,1,Excellent
6,1212,1089741.0,1,Good
6,1212,1306481.0,1,Average
6,1212,1565121.0,1,Excellent
6,1212,2086393.0,1,Excellent
6,1212,1588838.0,1,Excellent
6,1212,1078215.0,1,Excellent
6,1212,1121355.0,1,Good
6,1212,1480310.0,1,Excellent
6,1212,1276590.0,1,Very Good
6,1212,1486131.0,1,Excellent
6,1212,1691380.0,1,Very Good
6,1212,1226907.0,1,Excellent
6,1212,2715958.0,1,Excellent
6,1212,2050109.0,1,Very Good
6,1212,1428087.0,1,Excellent
6,1212,2850887.0,1,Excellent
6,1212,1662773.0,1,Excellent
6,1212,194436.9,2,Excellent
6,1212,1672143.0,1,Excellent
6,1212,333999.5,2,Excellent
6,1212,1878220.0,1,Excellent
6,1212,1508620.0,1,Excellent
6,1212,36457.57,2,Excellent
6,1212,153852.3,1,Excellent
6,1212,3095081.0,1,Excellent
6,1212,1988923.0,1,Very Good
6,1212,2840730.0,1,Excellent
1,1277,1320621.0,1,Excellent
1,1277,1200907.0,1,Very Good
1,1277,1447058.0,1,Excellent
1,1277,1947139.0,1,Very Good
1,1277,217718.2,2,Excellent
1,1277,2120254.0,1,Excellent
1,1212,76518.0,1,Average
1,1212,62244.0,1,Average
1,1212,68913.0,1,Average
1,1212,59845.5,1,Average
1,1212,62244.0,1,Average
1,1212,61776.0,1,Average
1,1212,72072.0,1,Average
1,1212,81081.0,1,Average
1,1212,81081.0,1,Average
1,1212,71136.0,1,Average
1,1212,25571.68,1,Average
1,1212,71136.0,1,Average
1,1212,161167.6,1,Excellent
1,1212,71136.0,1,Average
1,1212,71136.0,1,Average
1,1212,158387.6,1,Good
1,1212,71136.0,1,Average
1,1212,107676.6,1,Excellent
1,1212,83362.5,1,Average
1,1212,901053.6,1,Good
1,1212,463836.1,1,Average
1,1212,445072.5,1,Very Good
1,1212,263920.2,2,Very Good
1,1212,604949.9,1,Good
1,1212,261620.3,1,Very Good
1,1212,612364.6,1,Very Good
6,1212,1428904.0,1,Good
6,1212,1426894.0,1,Good
2,1212,2118463.0,1,Excellent
2,1212,95154.28,2,Excellent
6,1212,847631.3,1,Good
6,1212,2560816.0,1,Excellent
6,1212,1384732.0,1,Excellent
6,1212,1590270.0,1,Excellent
6,1212,1213194.0,1,Average
6,1212,1384201.0,1,Very Good
1,1230,522876.1,1,Average
1,1230,522876.1,1,Average
1,1230,490607.1,1,Average
1,1230,386962.6,1,Average
6,1230,379814.1,1,Average
2,1212,235125.0,1,Average
2,1212,269113.0,1,Average
2,1212,228845.0,1,Average
2,1212,215981.6,1,Average
2,1212,231285.0,1,Average
2,1212,237465.0,1,Average
6,1212,560345.6,1,Average
6,1212,290140.6,1,Average
6,1230,856439.2,1,Average
6,1230,840728.4,1,Average
1,1212,1401290.0,1,Excellent
1,1212,1480032.0,1,Excellent
8,1212,918215.3,1,Average
1,1212,173903.6,2,Excellent
8,1212,598848.9,1,Very Good
2,1212,809314.6,1,Average
2,1212,1447800.0,1,Average
6,1212,2406999.0,1,Very Good
1,1212,332195.2,1,Average
6,1212,1332953.0,1,Excellent
6,1230,628215.5,1,Average
6,1230,574466.3,1,Average
2,1212,1601687.0,1,Average
2,1212,3862533.0,1,Good
2,1212,54838.19,2,Good
6,1212,723610.6,1,Average
6,1212,761695.3,1,Average
2,1212,181147.0,1,Average
2,1212,210333.0,1,Average
2,1212,66204.04,2,Average
2,1212,2405090.0,1,Good
1,1277,1137847.0,1,Very Good
1,1277,1109241.0,1,Good
1,1277,658332.2,1,Good
1,1277,668753.6,1,Good
1,1277,937466.8,1,Average
1,1277,961860.4,1,Average
6,1212,2945653.0,1,Average
6,1212,1490372.0,1,Good
8,1212,505932.1,1,Average
1,1212,626904.8,1,Excellent
1,1212,603632.9,1,Good
1,1212,174639.9,2,Good
6,1230,209525.0,1,Good
6,1230,161974.3,1,Good
6,1230,181291.0,1,Good
6,1230,190832.6,1,Good
6,1230,185695.6,1,Good
6,1230,186063.5,1,Good
6,1230,188634.3,1,Good
6,1230,189734.1,1,Good
6,1230,189734.1,1,Good
6,1230,180247.4,1,Good
6,1230,216394.6,1,Good
6,1230,148535.4,1,Good
6,1230,247989.8,1,Good
6,1230,184407.4,1,Good
6,1230,213661.7,1,Good
6,1230,213255.5,1,Good
6,1230,214067.6,1,Good
6,1230,207554.1,1,Good
6,1230,214879.2,1,Good
6,1230,329402.2,1,Good
6,1230,211222.7,1,Good
6,1230,214067.6,1,Good
6,1230,196012.1,1,Good
6,1230,213661.7,1,Good
6,1230,202592.8,1,Good
6,1230,213661.7,1,Good
6,1230,175607.4,1,Good
6,1230,251331.9,1,Good
6,1230,207962.3,1,Good
6,1230,197951.9,1,Good
6,1230,213661.7,1,Good
6,1230,202978.6,1,Good
6,1230,213661.7,1,Good
6,1230,202978.6,1,Good
6,1230,213661.7,1,Good
6,1230,202978.6,1,Good
6,1230,243380.3,1,Good
6,1230,170127.6,1,Good
6,1230,235590.3,1,Good
6,1230,173924.8,1,Good
6,1230,202592.8,1,Good
6,1230,202592.8,1,Good
6,1230,203364.3,1,Good
6,1230,196788.4,1,Good
6,1230,205675.4,1,Good
6,1230,198339.4,1,Good
6,1230,206829.2,1,Good
6,1230,200661.5,1,Good
6,1230,203364.3,1,Good
6,1230,196012.1,1,Good
6,1230,202978.6,1,Good
6,1230,202592.8,1,Good
6,1230,202978.6,1,Good
6,1230,171817.2,1,Good
6,1230,234795.3,1,Good
6,1230,199501.1,1,Good
6,1230,197951.9,1,Good
6,1230,201820.7,1,Good
6,1230,203364.3,1,Good
6,1230,202206.8,1,Good
6,1230,203364.3,1,Good
6,1230,201048.1,1,Good
6,1230,203364.3,1,Good
6,1230,229215.7,1,Good
6,1230,168011.1,1,Good
6,1230,233999.8,1,Good
6,1230,174345.7,1,Good
6,1230,202978.6,1,Good
6,1230,202592.8,1,Good
6,1230,203364.3,1,Good
6,1230,196788.4,1,Good
6,1230,205675.4,1,Good
6,1230,197951.9,1,Good
6,1230,207213.5,1,Good
6,1230,200661.5,1,Good
6,1230,203364.3,1,Good
6,1230,196012.1,1,Good
6,1230,202978.6,1,Good
6,1230,202592.8,1,Good
6,1230,202978.6,1,Good
6,1230,174345.7,1,Good
6,1230,238765.3,1,Good
6,1230,199501.1,1,Good
6,1230,197951.9,1,Good
6,1230,201820.7,1,Good
6,1230,203364.3,1,Good
6,1230,202206.8,1,Good
6,1230,203364.3,1,Good
6,1230,201048.1,1,Good
6,1230,203364.3,1,Good
6,1230,228816.1,1,Good
6,1230,169281.6,1,Good
6,1230,258631.3,1,Good
6,1230,192697.9,1,Good
6,1230,224344.7,1,Good
6,1230,223918.3,1,Good
6,1230,224771.0,1,Good
6,1230,217931.8,1,Good
6,1230,227325.5,1,Good
6,1230,218788.9,1,Good
6,1230,229874.5,1,Good
6,1230,221783.8,1,Good
6,1230,224771.0,1,Good
6,1230,216644.9,1,Good
6,1230,224344.7,1,Good
6,1230,223918.3,1,Good
6,1230,224344.7,1,Good
6,1230,192697.9,1,Good
6,1230,263898.5,1,Good
6,1230,218360.4,1,Good
6,1230,218788.9,1,Good
6,1230,223065.0,1,Good
6,1230,224771.0,1,Good
6,1230,223491.7,1,Good
6,1230,224771.0,1,Good
6,1230,222211.0,1,Good
6,1230,224771.0,1,Good
6,1230,255549.4,1,Good
6,1230,186164.8,1,Good
6,1212,488049.2,1,Excellent
6,1212,2277400.0,1,Excellent
6,1212,1042274.0,1,Excellent
1,1212,264330.3,1,Below Average
1,1212,878963.6,1,Excellent
1,1212,947895.4,1,Very Good
1,1277,1133503.0,1,Excellent
2,1212,1238114.0,1,Average
2,1212,45734.33,1,Average
2,1212,1276998.0,1,Average
2,1212,35546.66,2,Average
6,1230,522385.0,1,Average
6,1212,1479406.0,1,Good
6,1212,701970.6,1,Average
6,1212,590900.4,1,Average
2,1212,1279611.0,1,Good
2,1212,1357908.0,1,Good
8,1277,1131999.0,2,Excellent
8,1277,264499.1,1,Average
6,1212,728333.7,1,Average
6,1212,642544.7,1,Average
6,1212,727998.4,1,Average
1,1212,169732.5,2,Good
6,1212,1197107.0,1,Good
6,1212,1064095.0,1,Good
6,1212,1305934.0,1,Very Good
6,1212,922934.5,1,Average
6,1212,3020967.0,1,Excellent
6,1212,438610.3,2,Excellent
6,1212,4349061.0,1,Average
6,1212,4281171.0,1,Average
6,1212,3261450.0,1,Average
6,1212,2096151.0,1,Good
2,1230,776435.9,1,Average
2,1230,737340.3,1,Average
6,1212,6904937.0,1,Excellent
6,1212,6235903.0,1,Good
6,1212,6642662.0,1,Excellent
6,1212,468691.7,1,Excellent
6,1212,7560264.0,1,Good
6,1212,6673895.0,1,Excellent
6,1212,5256297.0,1,Excellent
6,1212,612068.8,1,Excellent
6,1212,7123088.0,1,Excellent
6,1212,1660986.0,1,Good
6,1212,1980193.0,1,Good
6,1212,1636920.0,1,Good
6,1212,1670787.0,1,Good
2,1212,3757347.0,1,Average
6,1212,696996.0,1,Average
6,1212,693141.2,1,Average
6,1230,1096456.0,1,Average
6,1230,726584.5,1,Average
1,1220,90682.01,2,Good
8,1212,478172.3,1,Good
2,1212,1005320.0,1,Average
1,1212,494317.3,1,Excellent
1,1212,511347.6,1,Excellent
1,1212,542993.7,1,Good
1,1212,573464.1,1,Good
1,1212,428223.0,1,Good
1,1212,427510.5,1,Good
1,1212,435695.8,1,Average
1,1212,389299.0,1,Average
1,1212,420372.4,1,Good
1,1212,459373.3,1,Average
1,1212,391173.8,1,Average
1,1212,513821.5,1,Average
1,1212,397731.9,1,Average
1,1212,389299.0,1,Average
1,1212,385136.7,1,Average
1,1212,463278.1,1,Average
1,1212,337004.8,1,Average
1,1212,390452.4,1,Average
1,1212,411386.0,1,Average
1,1212,394724.0,1,Average
1,1212,574755.4,1,Excellent
1,1212,394724.0,1,Average
1,1212,448310.8,1,Average
1,1212,389843.2,1,Average
1,1212,418389.1,1,Good
1,1212,498410.3,1,Excellent
1,1212,476006.0,1,Good
1,1212,618225.6,1,Good
1,1212,523119.6,1,Excellent
6,1212,1602124.0,1,Excellent
6,1212,139446.7,2,Excellent
1,1212,518744.1,1,Good
8,1212,725585.7,1,Average
1,1212,300780.7,1,Average
8,1212,1434370.0,1,Good
2,1212,4028505.0,1,Good
1,1212,586931.8,1,Average
8,1212,283870.7,2,Very Good
8,1212,810715.9,1,Good
1,1212,263803.2,1,Average
1,1212,363127.1,1,Excellent
1,1212,1143141.0,1,Excellent
1,1212,1026346.0,1,Good
1,1212,983938.0,1,Excellent
1,1212,959150.0,1,Excellent
1,1212,330754.2,2,Excellent
1,1212,922764.0,1,Excellent
1,1212,980705.9,1,Average
1,1212,579910.6,1,Very Good
1,1212,76314.64,1,Excellent
1,1212,563022.6,1,Average
1,1212,1093595.0,1,Very Good
1,1212,1019407.0,1,Excellent
1,1212,1338903.0,1,Excellent
1,1212,262418.1,1,Average
1,1212,781593.1,1,Excellent
1,1212,1104498.0,1,Excellent
1,1212,1244429.0,1,Excellent
1,1212,1272518.0,1,Excellent
1,1212,918995.3,1,Good
1,1212,246969.4,1,Average
1,1230,370094.3,1,Average
1,1230,417896.7,1,Average
1,1230,379906.1,1,Average
1,1230,392576.2,1,Average
2,1212,761319.6,1,Average
2,1212,761319.6,1,Average
1,1212,401900.1,1,Good
8,1212,554308.1,1,Good
6,1212,1378911.0,1,Very Good
2,1212,92568.0,1,Average
2,1212,123442.2,1,Average
1,1215,266168.6,1,Average
2,1212,3150759.0,1,Good
8,1212,372140.3,1,Good
6,1212,1068756.0,1,Excellent
8,1212,718105.8,1,Below Average
6,1215,674345.0,1,Excellent
6,1212,1248617.0,1,Average
2,1212,2801280.0,1,Good
2,1212,1050105.0,1,Good
8,1212,473106.6,1,Good
6,1212,1340628.0,1,Excellent
6,1212,2006678.0,1,Good
6,1212,1989778.0,1,Good
6,1212,1989620.0,1,Good
6,1212,1989778.0,1,Good
6,1212,1989778.0,1,Good
6,1212,2030889.0,1,Good
6,1212,2030889.0,1,Good
6,1212,2030889.0,1,Good
6,1212,1840893.0,1,Good
6,1212,1949645.0,1,Good
6,1212,1840893.0,1,Good
6,1212,1840708.0,1,Good
6,1212,1949645.0,1,Good
6,1212,1949645.0,1,Good
6,1212,1949645.0,1,Good
6,1212,2030699.0,1,Good
6,1212,1949645.0,1,Good
6,1212,1949645.0,1,Good
6,1212,1840708.0,1,Good
6,1212,1840893.0,1,Good
6,1212,1949645.0,1,Good
6,1212,1989620.0,1,Good
6,1212,1989778.0,1,Good
6,1212,2015043.0,1,Good
6,1212,2015236.0,1,Good
6,1212,2194858.0,1,Very Good
6,1212,2195069.0,1,Very Good
6,1212,2189824.0,1,Excellent
6,1212,2189824.0,1,Excellent
6,1212,1989778.0,1,Good
6,1212,1656637.0,1,Good
6,1212,1656803.0,1,Good
6,1212,1656803.0,1,Good
6,1212,1656803.0,1,Good
6,1212,1628462.0,1,Good
6,1212,1714170.0,1,Good
1,1230,370094.3,1,Average
1,1230,527565.0,1,Average
1,1230,385764.7,1,Average
8,1212,17999.48,2,Salvage
8,1212,315874.1,1,Below Average
1,1212,552480.3,1,Average
1,1212,552480.3,1,Average
8,1277,1316737.0,1,Excellent
6,1212,648366.3,1,Average
6,1212,657492.1,1,Average
1,1215,242950.1,1,Average
6,1212,1262412.0,1,Excellent
2,1230,557439.1,1,Average
1,1230,628022.6,1,Average
1,1230,645756.9,1,Average
1,1230,628022.6,1,Average
1,1212,626036.7,1,Good
6,1212,1451192.0,1,Excellent
1,1212,556026.6,1,Average
1,1212,1200929.0,1,Excellent
6,1212,693451.2,1,Average
6,1212,694070.2,1,Average
6,1212,813382.7,1,Average
6,1212,798863.1,1,Average
1,1212,406508.0,1,Average
1,1212,390972.6,1,Average
1,1212,409325.9,1,Average
1,1212,341610.1,1,Average
1,1212,464260.2,1,Average
6,1212,6561714.0,1,Excellent
6,1212,7580272.0,1,Good
6,1212,1100287.0,1,Excellent
6,1212,582988.7,1,Excellent
6,1212,387539.3,1,Excellent
6,1212,6748077.0,1,Excellent
6,1212,680936.5,1,Excellent
2,1212,1482300.0,1,Average
2,1212,1193747.0,1,Average
2,1212,1146064.0,1,Average
8,1212,637721.2,1,Average
6,1212,1549121.0,1,Very Good
6,1212,2314720.0,1,Excellent
6,1212,641770.8,1,Average
6,1212,642544.5,1,Average
1,1230,198495.4,1,Average
6,1212,677549.6,1,Average
6,1212,677549.6,1,Average
2,1212,1235372.0,1,Average
2,1212,1468661.0,1,Average
2,1212,1051018.0,1,Good
1,1212,678871.7,1,Good
8,1212,397367.6,1,Average
8,1212,167209.2,1,Below Average
1,1215,170065.1,1,Below Average
1,1215,170065.1,1,Below Average
1,1215,171999.7,1,Below Average
6,1230,1510219.0,1,Very Good
6,1230,2032442.0,1,Very Good
6,1230,2077521.0,1,Very Good
6,1230,2316391.0,1,Very Good
6,1230,1053911.0,1,Very Good
6,1230,2039441.0,1,Very Good
6,1230,2507978.0,1,Very Good
6,1230,2400039.0,1,Very Good
6,1230,1044293.0,1,Very Good
6,1230,2550712.0,1,Very Good
6,1230,2509057.0,1,Very Good
6,1230,2308117.0,1,Very Good
6,1230,2367976.0,1,Very Good
6,1230,2018431.0,1,Very Good
6,1230,2637935.0,1,Very Good
6,1230,2286371.0,1,Very Good
6,1230,2636641.0,1,Very Good
6,1230,2624032.0,1,Very Good
6,1230,2291552.0,1,Very Good
6,1230,2198574.0,1,Very Good
6,1230,1766321.0,1,Very Good
6,1230,3238615.0,1,Very Good
6,1230,3317028.0,1,Very Good
6,1230,1810689.0,1,Very Good
6,1230,3161901.0,1,Very Good
6,1230,2713403.0,1,Very Good
6,1230,3153638.0,1,Very Good
6,1230,2702364.0,1,Very Good
6,1230,3808054.0,1,Very Good
6,1230,2962411.0,1,Very Good
6,1212,697123.8,1,Average
6,1212,697123.8,1,Average
6,1212,955437.9,1,Average
6,1212,1013625.0,1,Average
8,1277,94443.56,1,Minimum
6,1212,85316.6,1,Excellent
6,1212,2012012.0,1,Good
6,1212,2012012.0,1,Good
6,1212,2027416.0,1,Good
6,1212,2012012.0,1,Good
6,1212,2012012.0,1,Good
6,1212,705731.3,1,Average
6,1212,705731.3,1,Average
6,1230,2529614.0,1,Very Good
6,1230,2520923.0,1,Very Good
6,1230,1915540.0,1,Very Good
6,1230,3053112.0,1,Very Good
6,1230,2627520.0,1,Very Good
6,1230,2005192.0,1,Very Good
6,1230,1825344.0,1,Very Good
6,1230,3865076.0,1,Very Good
6,1230,3088386.0,1,Very Good
6,1230,2526564.0,1,Very Good
6,1230,2025323.0,1,Very Good
6,1230,1908817.0,1,Very Good
6,1230,3269368.0,1,Very Good
6,1230,3819068.0,1,Very Good
6,1230,636644.6,1,Average
6,1230,636644.6,1,Average
1,1212,20586.68,6,Average
1,1212,88694.89,5,Average
1,1212,18598.87,4,Average
1,1212,149955.7,3,Good
1,1212,142839.6,2,Average
1,1212,369698.6,1,Average
1,1212,65265.55,4,Average
1,1212,147663.3,3,Average
1,1212,86150.52,2,Excellent
1,1212,50998.63,1,Average
1,1212,465722.7,1,Excellent
1,1212,25000.23,3,Average
1,1212,341455.3,2,Excellent
6,1212,805141.7,1,Average
6,1212,805243.8,1,Average
1,1230,539097.4,1,Average
1,1230,528181.2,1,Average
1,1230,548511.1,1,Average
1,1230,528181.2,1,Average
1,1230,555980.2,1,Average
1,1230,390210.0,1,Average
6,1212,1490414.0,1,Good
6,1212,3513581.0,1,Good
6,1212,1542163.0,1,Excellent
6,1230,156069.9,1,Average
6,1230,512667.4,1,Average
6,1230,514331.2,1,Average
6,1230,512471.4,1,Average
6,1230,283155.0,1,Average
6,1230,309230.0,1,Average
6,1230,285090.0,1,Average
6,1230,283155.0,1,Average
6,1230,183115.0,1,Good
6,1230,184687.3,1,Good
6,1230,183115.0,1,Good
6,1230,184687.3,1,Good
6,1230,166218.6,1,Good
6,1230,183115.0,1,Good
6,1230,164803.5,1,Good
6,1230,184687.3,1,Good
6,1230,166218.6,1,Good
6,1230,183115.0,1,Good
6,1230,164803.5,1,Good
6,1230,184687.3,1,Good
6,1230,166218.6,1,Good
6,1230,183115.0,1,Good
6,1230,164803.5,1,Good
6,1230,184687.3,1,Good
6,1230,311285.1,1,Good
6,1230,324307.8,1,Good
6,1230,320095.3,1,Good
6,1230,311991.6,1,Good
6,1230,192752.7,1,Good
6,1230,183115.0,1,Good
6,1230,194407.7,1,Good
6,1230,184687.3,1,Good
6,1230,192752.7,1,Good
6,1230,183115.0,1,Good
6,1230,194407.7,1,Good
6,1230,184687.3,1,Good
6,1230,192752.7,1,Good
6,1230,183115.0,1,Good
6,1230,194407.7,1,Good
6,1230,184687.3,1,Good
6,1230,192752.7,1,Good
6,1230,183115.0,1,Good
6,1230,194407.7,1,Good
6,1230,184687.3,1,Good
6,1230,192752.7,1,Good
6,1230,192752.7,1,Good
6,1230,194407.7,1,Good
6,1230,311285.1,1,Good
6,1230,324307.8,1,Good
6,1230,320095.3,1,Good
6,1230,311991.6,1,Good
6,1230,202390.3,1,Good
6,1230,183115.0,1,Good
6,1230,204128.1,1,Good
6,1230,184687.3,1,Good
6,1230,202390.3,1,Good
6,1230,183115.0,1,Good
6,1230,204128.1,1,Good
6,1230,184687.3,1,Good
6,1230,202390.3,1,Good
6,1230,183115.0,1,Good
6,1230,204128.1,1,Good
6,1230,184687.3,1,Good
6,1230,202390.3,1,Good
6,1230,183115.0,1,Good
6,1230,204128.1,1,Good
6,1230,184687.3,1,Good
6,1230,202390.3,1,Good
6,1230,192752.7,1,Good
6,1230,204128.1,1,Good
6,1230,310931.7,1,Good
6,1230,324307.8,1,Good
6,1230,320095.3,1,Good
6,1230,311638.4,1,Good
6,1230,192752.7,1,Good
6,1230,183115.0,1,Good
6,1230,194407.7,1,Good
6,1230,184687.3,1,Good
6,1230,192752.7,1,Good
6,1230,183115.0,1,Good
6,1230,194407.7,1,Good
6,1230,184687.3,1,Good
6,1230,192752.7,1,Good
6,1230,183115.0,1,Good
6,1230,194407.7,1,Good
6,1230,184687.3,1,Good
6,1230,192752.7,1,Good
6,1230,183115.0,1,Good
6,1230,194407.7,1,Good
6,1230,184687.3,1,Good
6,1230,192752.7,1,Good
6,1230,183115.0,1,Good
6,1230,194407.7,1,Good
6,1230,311285.1,1,Good
6,1230,324307.8,1,Good
6,1230,320095.3,1,Good
6,1230,311991.6,1,Good
6,1230,212027.9,1,Good
6,1230,213848.5,1,Good
6,1230,184687.3,1,Good
6,1230,212027.9,1,Good
6,1230,183115.0,1,Good
6,1230,213848.5,1,Good
6,1230,184687.3,1,Good
6,1230,212027.9,1,Good
6,1230,183115.0,1,Good
6,1230,213848.5,1,Good
6,1230,184687.3,1,Good
6,1230,212027.9,1,Good
6,1230,183115.0,1,Good
6,1230,213848.5,1,Good
6,1230,184687.3,1,Good
6,1230,212027.9,1,Good
6,1230,183115.0,1,Good
6,1230,213848.5,1,Good
6,1230,311285.1,1,Good
6,1230,324307.8,1,Good
1,1212,319534.2,1,Average
1,1212,232259.4,1,Average
1,1212,287580.8,1,Average
1,1212,319534.2,1,Average
1,1212,319534.2,1,Average
1,1212,287580.8,1,Average
1,1212,287580.8,1,Average
1,1212,319534.2,1,Average
6,1212,727972.5,1,Average
6,1212,727037.4,1,Average
6,1212,2261658.0,1,Excellent
6,1212,1469177.0,1,Very Good
6,1212,2655093.0,1,Excellent
6,1212,1718120.0,1,Good
6,1212,234375.8,1,Excellent
6,1212,1980536.0,1,Excellent
6,1212,309821.5,1,Excellent
6,1212,1485814.0,1,Very Good
6,1212,1040842.0,1,Excellent
6,1212,1353923.0,1,Good
6,1212,333684.4,1,Very Good
6,1212,3517806.0,1,Excellent
6,1212,2239771.0,1,Good
6,1212,2652584.0,1,Excellent
6,1212,2492936.0,1,Excellent
6,1212,1930546.0,1,Good
6,1212,1028486.0,1,Excellent
6,1212,1878106.0,1,Excellent
6,1212,1019239.0,1,Excellent
6,1212,2556756.0,1,Excellent
6,1212,1974289.0,1,Good
6,1212,1311654.0,1,Excellent
6,1212,2001763.0,1,Very Good
6,1212,2125851.0,1,Excellent
6,1212,2114547.0,1,Excellent
6,1212,2054978.0,1,Excellent
6,1212,3503899.0,1,Excellent
6,1212,1321286.0,1,Good
6,1212,2058916.0,1,Good
6,1212,2072429.0,1,Very Good
6,1212,1978443.0,1,Excellent
6,1212,2157402.0,1,Very Good
6,1212,2976548.0,1,Very Good
6,1212,1527520.0,1,Good
6,1212,2221652.0,1,Very Good
6,1212,1699401.0,1,Excellent
6,1212,1871673.0,1,Excellent
6,1212,1490372.0,1,Good
6,1212,1490414.0,1,Good
6,1230,904127.8,1,Average
6,1230,973400.2,1,Average
6,1230,905067.4,1,Average
6,1230,858921.4,1,Average
6,1230,901611.9,1,Average
6,1230,609858.9,1,Average
6,1230,863025.4,1,Average
2,1212,260456.4,1,Average
2,1212,248243.2,1,Average
2,1212,265503.4,1,Average
1,1212,429335.2,1,Average
1,1212,740258.2,1,Excellent
1,1212,310110.3,2,Excellent
1,1212,382440.8,1,Excellent
1,1212,175314.8,2,Excellent
1,1212,464221.1,1,Excellent
1,1212,260883.3,2,Excellent
1,1212,459544.1,1,Excellent
1,1212,660578.4,1,Excellent
1,1212,631623.2,1,Excellent
1,1212,567240.3,1,Excellent
1,1212,552680.0,1,Excellent
1,1212,571060.4,1,Excellent
1,1212,559419.1,1,Excellent
1,1212,675170.9,1,Good
1,1212,535198.4,1,Excellent
1,1212,388030.6,1,Good
1,1212,345532.3,1,Good
1,1212,639041.4,1,Excellent
1,1212,502384.0,1,Excellent
1,1212,582988.1,1,Excellent
1,1212,498516.5,1,Good
1,1212,642466.6,1,Excellent
1,1212,459589.9,1,Good
1,1212,487564.3,1,Good
1,1212,453881.0,1,Good
1,1212,532599.5,1,Excellent
1,1212,568371.0,1,Good
1,1212,581957.7,1,Good
1,1212,586990.2,1,Excellent
1,1212,488642.3,1,Good
1,1212,468535.8,1,Good
1,1212,398374.8,1,Average
1,1212,436069.2,1,Average
1,1212,476849.2,1,Average
1,1212,544578.1,1,Good
1,1212,508375.3,1,Average
1,1212,525827.2,1,Good
1,1212,479906.1,1,Average
1,1215,288668.3,1,Good
1,1215,266463.0,1,Good
1,1215,566995.0,1,Average
1,1212,656034.8,1,Excellent
1,1212,546152.0,1,Excellent
1,1212,502294.9,1,Excellent
1,1212,487564.3,1,Good
1,1212,391640.6,1,Good
1,1212,372202.7,1,Good
1,1212,386893.1,1,Good
1,1212,371997.4,1,Good
1,1212,598153.3,1,Excellent
1,1212,525182.6,1,Average
1,1212,687052.0,1,Excellent
1,1212,601834.9,1,Very Good
1,1212,642392.3,1,Excellent
1,1215,766420.2,1,Excellent
1,1215,689332.8,1,Good
1,1212,574769.2,1,Good
1,1212,370534.9,1,Very Good
1,1212,277234.7,2,Very Good
1,1212,556040.9,1,Excellent
1,1212,241905.3,2,Excellent
1,1215,694851.4,1,Excellent
8,1212,522271.1,1,Very Good
8,1277,1106193.0,1,Good
1,1212,610688.7,1,Average
2,1212,3852231.0,1,Very Good
1,1230,679287.0,1,Average
1,1230,690841.9,1,Average
2,1212,737949.0,1,Average
2,1212,800039.6,1,Average
2,1212,866459.6,1,Average
2,1212,1836712.0,1,Good
2,1212,1846365.0,1,Good
1,1212,497689.7,1,Excellent
6,1212,1518163.0,1,Average
6,1212,1518163.0,1,Average
6,1212,1518163.0,1,Average
1,1277,955638.1,1,Excellent
1,1277,1051788.0,1,Very Good
1,1277,1027659.0,1,Excellent
1,1277,1591183.0,1,Excellent
1,1277,958245.4,1,Excellent
1,1277,723830.7,1,Excellent
1,1277,950479.3,1,Excellent
8,1212,171791.9,1,Average
1,1212,180729.4,1,Average
1,1212,194257.8,1,Average
1,1212,226491.7,2,Average
1,1212,187411.9,3,Average
6,1212,633083.0,1,Average
6,1212,633083.0,1,Average
6,1230,372367.3,1,Average
6,1230,678784.9,1,Average
6,1230,712724.1,1,Average
6,1230,818124.4,1,Average
6,1230,601084.2,1,Average
6,1230,1189175.0,1,Average
6,1230,1189175.0,1,Average
6,1230,510921.6,1,Average
6,1212,966078.4,1,Excellent
6,1212,855436.5,1,Excellent
1,1212,231221.3,1,Average
2,1212,979229.3,1,Average
6,1215,997882.3,1,Good
6,1212,652233.3,1,Average
6,1212,646563.9,1,Average
1,1230,505930.1,1,Average
1,1230,505930.1,1,Average
1,1230,505930.1,1,Average
1,1230,505930.1,1,Average
1,1212,351361.0,1,Excellent
1,1212,592318.8,1,Good
1,1212,472636.8,1,Very Good
1,1212,44601.97,1,Excellent
1,1212,382240.9,1,Average
1,1212,832071.1,1,Good
1,1212,387708.0,1,Good
1,1212,448792.3,1,Excellent
1,1212,446019.7,1,Excellent
1,1212,361328.7,1,Good
1,1212,544960.5,1,Good
1,1212,412378.8,1,Very Good
1,1212,582009.8,1,Good
1,1212,392881.0,1,Good
1,1212,418657.3,1,Very Good
1,1212,420329.1,1,Very Good
1,1212,436460.7,1,Good
1,1212,647288.6,1,Good
1,1212,866808.3,1,Good
1,1212,813137.4,1,Good
1,1212,403652.6,1,Good
1,1212,536315.8,1,Excellent
1,1212,455606.2,1,Good
6,1230,295536.5,1,Average
6,1230,285279.2,1,Average
1,1212,353546.0,1,Average
1,1212,407229.4,1,Average
1,1215,438704.7,1,Average
1,1212,410032.6,1,Average
1,1212,409732.9,1,Average
6,1230,1157653.0,1,Good
6,1230,1073738.0,1,Good
6,1230,916631.1,1,Good
6,1230,151770.8,1,Good
6,1230,373840.8,1,Good
6,1230,833940.6,1,Good
6,1230,1565715.0,1,Good
6,1230,820132.4,1,Good
6,1230,184980.6,1,Good
6,1230,525567.5,1,Good
6,1230,1525763.0,1,Good
6,1230,1099654.0,1,Good
6,1230,1089590.0,1,Good
6,1230,768932.9,1,Good
6,1230,765856.0,1,Good
6,1230,544892.9,1,Good
6,1230,1096062.0,1,Good
6,1230,432925.9,1,Good
6,1230,1179475.0,1,Good
6,1230,1613262.0,1,Good
6,1230,845960.4,1,Good
6,1230,1233326.0,1,Good
6,1230,1557978.0,1,Good
6,1230,1157653.0,1,Good
6,1230,1073738.0,1,Good
6,1230,918994.8,1,Good
6,1230,413176.0,1,Good
6,1230,813291.0,1,Good
6,1230,833940.6,1,Good
6,1230,1565715.0,1,Good
6,1230,1231086.0,1,Good
6,1230,1525048.0,1,Good
6,1230,523913.5,1,Good
6,1230,1089590.0,1,Good
6,1230,1099654.0,1,Good
6,1230,763546.8,1,Good
6,1230,770470.5,1,Good
6,1230,1099654.0,1,Good
6,1230,1201492.0,1,Good
6,1230,801101.3,1,Good
6,1230,412310.3,1,Good
6,1230,1084551.0,1,Good
6,1230,1662654.0,1,Good
6,1230,805676.6,1,Good
6,1230,1245232.0,1,Good
6,1230,1557978.0,1,Good
6,1230,1157653.0,1,Good
6,1230,1073738.0,1,Good
6,1230,414041.4,1,Good
6,1230,806438.6,1,Good
6,1230,833940.6,1,Good
6,1230,1706500.0,1,Good
6,1230,1231086.0,1,Good
6,1230,523913.5,1,Good
6,1230,1525048.0,1,Good
6,1230,1099654.0,1,Good
6,1230,1089590.0,1,Good
6,1230,770470.5,1,Good
6,1230,763546.8,1,Good
6,1230,1200786.0,1,Good
6,1230,1099654.0,1,Good
6,1230,412310.3,1,Good
6,1230,801101.3,1,Good
6,1230,1559308.0,1,Good
6,1230,1084551.0,1,Good
6,1230,1245232.0,1,Good
6,1230,805676.6,1,Good
6,1230,1557978.0,1,Good
6,1230,1980633.0,1,Good
6,1230,1587173.0,1,Good
6,1230,1971398.0,1,Good
6,1230,783085.9,1,Good
6,1230,1580504.0,1,Good
6,1230,1044672.0,1,Good
6,1230,1126228.0,1,Good
6,1230,731946.9,1,Good
6,1230,725369.4,1,Good
6,1230,1140746.0,1,Good
6,1230,1044672.0,1,Good
6,1230,391694.8,1,Good
6,1230,761046.2,1,Good
6,1230,1616010.0,1,Good
6,1230,1123989.0,1,Good
6,1230,730823.3,1,Good
6,1230,834973.9,1,Good
6,1230,1614631.0,1,Good
6,1230,2345580.0,1,Good
6,1230,871808.0,1,Good
6,1230,981875.3,1,Good
6,1230,1160944.0,1,Good
6,1230,1922190.0,1,Good
6,1230,1228265.0,1,Good
6,1230,1231571.0,1,Good
6,1230,1272755.0,1,Good
6,1230,638075.0,1,Good
1,1230,534563.4,1,Good
1,1230,560157.1,1,Good
6,1230,1640541.0,1,Average
6,1230,1298738.0,1,Average
1,1212,425281.1,1,Average
1,1212,359267.4,1,Average
1,1212,316626.8,1,Average
1,1212,284964.1,1,Average
1,1212,284964.1,1,Average
1,1212,359784.6,1,Average
1,1212,359784.6,1,Average
1,1212,316626.8,1,Average
6,1230,669247.5,1,Average
1,1230,281320.5,1,Average
1,1230,281320.5,1,Average
1,1230,281320.5,1,Average
1,1230,281320.5,1,Average
6,1212,857197.9,1,Very Good
6,1212,828220.3,1,Average
6,1212,2027416.0,1,Good
6,1212,2027416.0,1,Good
6,1212,2012012.0,1,Good
6,1212,2027416.0,1,Good
6,1212,2027416.0,1,Good
6,1212,2071448.0,1,Excellent
6,1230,2067853.0,1,Good
6,1230,1969384.0,1,Good
6,1230,1969384.0,1,Good
6,1230,2067853.0,1,Good
1,1277,1230272.0,1,Very Good
1,1230,400752.6,1,Average
1,1230,609416.3,1,Average
1,1230,645497.6,1,Average
1,1230,482194.3,1,Average
1,1230,605716.8,1,Average
6,1212,1157004.0,1,Average
8,1212,318029.9,1,Average
8,1212,642483.3,1,Good
8,1277,83115.65,2,Average
8,1277,1267159.0,1,Good
2,1212,1228426.0,1,Average
2,1212,22255.82,2,Average
2,1212,1323199.0,1,Average
6,1212,785095.0,1,Average
6,1212,850097.2,1,Average
2,1212,246475.0,1,Average
2,1212,209580.0,1,Average
6,1277,556256.4,1,Excellent
6,1277,2519130.0,1,Very Good
6,1277,3301591.0,1,Excellent
6,1277,2714669.0,1,Excellent
6,1277,3708283.0,1,Excellent
8,1212,4299311.0,1,Excellent
8,1212,4711670.0,1,Excellent
1,1212,611183.2,1,Excellent
1,1212,865673.9,1,Very Good
1,1212,713472.0,1,Excellent
1,1212,55902.56,1,Excellent
1,1212,547016.7,1,Very Good
1,1212,554819.1,1,Good
1,1212,564999.7,1,Excellent
1,1212,584355.7,1,Excellent
1,1212,1029623.0,1,Excellent
1,1212,693466.3,1,Excellent
1,1212,708686.7,1,Excellent
1,1212,618555.2,1,Excellent
1,1212,683164.6,1,Excellent
1,1212,612112.7,1,Excellent
1,1212,271967.6,1,Average
1,1215,305035.2,2,Good
6,1212,949250.1,1,Excellent
6,1212,1282887.0,1,Good
6,1212,1318241.0,1,Good
6,1212,664274.7,1,Average
6,1212,589265.3,1,Average
6,1212,589390.6,1,Average
6,1212,664274.7,1,Average
6,1212,679755.6,1,Average
6,1212,679755.6,1,Average
6,1212,964632.5,1,Excellent
6,1212,1731559.0,1,Average
8,1212,673949.5,1,Average
8,1277,408491.7,1,Average
8,1212,134278.7,1,Below Average
6,1230,952370.5,1,Good
6,1230,920377.1,1,Good
6,1230,947260.6,1,Good
6,1230,952370.5,1,Good
6,1230,947260.6,1,Good
6,1230,1071417.0,1,Good
6,1230,1078907.0,1,Good
6,1230,1065668.0,1,Good
2,1230,345304.8,1,Average
8,1277,2795851.0,1,Good
6,1212,4107854.0,1,Excellent
6,1212,1276025.0,1,Good
6,1212,1305813.0,1,Good
6,1212,247520.8,2,Excellent
6,1212,566160.8,1,Average
6,1212,769697.3,1,Average
2,1212,2001229.0,1,Good
1,1212,1073180.0,1,Very Good
1,1212,644770.5,1,Good
1,1212,614319.1,1,Average
1,1212,744216.2,1,Good
1,1212,1402870.0,1,Excellent
1,1212,1292666.0,1,Excellent
1,1212,1204285.0,1,Excellent
1,1212,1026122.0,1,Very Good
1,1212,1277611.0,1,Excellent
1,1220,721836.0,1,Good
8,1230,161310.0,1,Average
8,1230,160390.0,1,Average
8,1230,159700.0,1,Average
8,1230,277000.0,1,Average
8,1230,192820.0,1,Average
8,1230,193280.0,1,Average
8,1230,330360.0,1,Average
8,1230,160390.0,1,Average
8,1230,152960.0,1,Average
8,1230,152960.0,1,Average
8,1230,152960.0,1,Average
8,1230,152960.0,1,Average
8,1230,152960.0,1,Average
8,1230,152960.0,1,Average
8,1230,152960.0,1,Average
8,1230,152960.0,1,Average
8,1230,162690.0,1,Average
8,1230,162690.0,1,Average
8,1230,162690.0,1,Average
8,1230,162690.0,1,Average
8,1230,162690.0,1,Average
8,1230,162690.0,1,Average
8,1230,197220.0,1,Average
8,1230,197220.0,1,Average
8,1230,197220.0,1,Average
8,1230,197220.0,1,Average
8,1230,197220.0,1,Average
8,1230,197220.0,1,Average
8,1230,197220.0,1,Average
8,1230,230110.0,1,Average
8,1230,197220.0,1,Average
8,1230,197220.0,1,Average
8,1230,197220.0,1,Average
6,1212,2661974.0,1,Good
6,1212,2661005.0,1,Good
8,1212,0.0,1,Average
8,1212,111135.7,1,Below Average
1,1212,199922.5,2,Excellent
1,1212,256208.4,1,Excellent
1,1212,391830.3,1,Average
6,1212,176140.0,1,Average
6,1212,94116.2,2,Excellent
6,1212,69369.22,1,Excellent
6,1212,282375.0,1,Average
6,1212,366450.0,1,Average
6,1212,127400.0,1,Average
6,1212,208470.0,1,Average
6,1212,268582.5,1,Average
6,1212,65452.2,1,Excellent
6,1212,85010.8,2,Excellent
6,1212,85975.4,2,Excellent
6,1212,58179.73,1,Excellent
6,1212,65452.2,1,Excellent
6,1212,58179.73,1,Excellent
6,1212,65996.0,1,Excellent
6,1212,65996.0,1,Excellent
6,1212,85870.0,2,Excellent
6,1212,63132.41,1,Excellent
6,1212,63132.41,1,Excellent
6,1212,86400.0,2,Excellent
6,1212,63132.41,1,Excellent
6,1212,66540.84,2,Excellent
6,1212,847776.0,2,Excellent
6,1212,56117.69,1,Excellent
6,1212,63132.41,1,Excellent
6,1212,66540.84,2,Excellent
6,1212,223399.0,1,Good
6,1212,240963.2,1,Good
6,1212,94116.2,2,Excellent
6,1212,69369.22,1,Excellent
6,1212,58179.73,1,Excellent
6,1212,85975.4,2,Excellent
6,1212,85010.8,2,Excellent
6,1212,65452.2,1,Excellent
6,1212,58179.73,1,Excellent
6,1212,65452.2,1,Excellent
6,1212,817036.0,2,Excellent
6,1212,63132.41,1,Excellent
6,1212,84780.0,2,Excellent
6,1212,56117.69,1,Excellent
6,1212,63132.41,1,Excellent
6,1212,81704.0,2,Excellent
6,1212,256656.0,1,Average
6,1212,327900.0,1,Average
6,1212,160500.0,1,Good
6,1212,174900.0,1,Good
1,1212,346720.6,1,Average
8,1212,445536.6,1,Good
6,1215,133707.2,1,Excellent
1,1212,377868.9,1,Very Good
6,1212,3838369.0,1,Average
1,1212,767467.3,1,Excellent
1,1212,325199.8,1,Average
1,1212,401817.8,1,Average
1,1212,232439.2,2,Very Good
1,1212,486316.2,1,Very Good
1,1212,639473.2,1,Excellent
1,1212,519028.1,1,Good
1,1212,381675.0,1,Excellent
8,1212,611893.4,1,Excellent
8,1212,429181.7,1,Good
1,1212,255004.8,1,Average
2,1212,2750251.0,1,Very Good
2,1212,27812.33,2,Good
8,1230,386410.0,1,Average
8,1230,650750.0,1,Good
8,1230,323620.0,1,Average
8,1230,318330.0,1,Average
8,1230,318330.0,1,Average
8,1230,318330.0,1,Average
8,1230,318330.0,1,Average
8,1230,406420.0,1,Average
1,1212,610442.4,1,Average
1,1212,670542.7,1,Good
1,1212,884490.7,1,Excellent
1,1213,0.0,1,Average
1,1215,589964.3,1,Good
6,1212,722011.3,1,Average
6,1212,641787.8,1,Average
6,1212,722011.3,1,Average
1,1230,142464.0,1,Average
1,1230,124910.0,1,Average
8,1277,4136488.0,1,Excellent
8,1277,1187620.0,1,Good
8,1277,3048581.0,2,Very Good
8,1277,451805.4,1,Very Good
8,1277,2378951.0,1,Excellent
8,1277,1633191.0,1,Average
8,1277,1715894.0,1,Very Good
8,1277,1460628.0,1,Excellent
8,1277,4634713.0,1,Excellent
8,1277,1556334.0,1,Excellent
8,1277,2652937.0,1,Excellent
8,1277,4978744.0,1,Excellent
8,1277,3140183.0,1,Excellent
2,1212,580061.3,1,Average
2,1212,452790.0,1,Average
1,1212,98017.92,1,Below Average
1,1212,450046.3,1,Average
1,1212,396330.5,1,Average
1,1212,406884.8,1,Average
8,1212,422595.9,1,Good
6,1212,2502534.0,1,Good
6,1212,2380733.0,1,Good
8,1277,30666.08,2,Average
8,1277,32344.87,3,Average
8,1277,29122.95,4,Average
8,1277,72830.19,18,Average
8,1277,20188.11,5,Average
8,1277,35320.24,9,Average
8,1277,55084.96,8,Average
8,1277,27945.25,19,Average
8,1277,57331.2,21,Average
8,1277,23471.7,6,Average
8,1277,97790.61,27,
8,1277,3512740.0,28,Excellent
8,1277,32447.68,29,Average
8,1277,66418.85,16,Very Good
8,1277,36225.59,11,Average
8,1277,0.6,26,
8,1277,31014.07,12,Average
8,1277,41901.24,13,Average
8,1277,45094.55,1,Average
8,1277,23471.7,25,
8,1277,18705.51,24,
8,1277,42319.73,15,Average
8,1277,33184.63,10,Average
8,1277,31222.39,23,
8,1277,1767872.0,22,
8,1277,2636328.0,17,Very Good
8,1277,287008.0,20,Very Good
8,1277,21361.05,7,Average
8,1277,522407.7,14,Very Good
8,1277,1713822.0,3,Very Good
8,1277,2515165.0,4,Very Good
8,1277,1783571.0,1,Average
8,1277,34510.58,2,Average
8,1277,18705.51,3,
8,1277,1009261.0,2,Average
8,1277,2734271.0,1,Excellent
8,1277,3525350.0,1,Excellent
8,1277,890271.4,2,Excellent
8,1277,813207.7,5,Average
8,1277,56943.45,6,
8,1277,694117.1,4,Average
8,1277,521114.8,1,Average
8,1277,358029.6,2,Average
8,1277,467278.6,3,Average
8,1277,471779.6,2,Average
8,1277,827947.9,1,Average
8,1277,123687.7,1,Average
8,1277,20707.43,1,Average
8,1277,2520170.0,2,Very Good
8,1277,778069.6,1,Very Good
6,1230,520690.3,1,Average
6,1230,520789.8,1,Average
6,1230,521983.3,1,Average
6,1230,523968.8,1,Average
6,1230,520690.3,1,Average
6,1230,520789.8,1,Average
6,1230,521983.3,1,Average
6,1230,523968.8,1,Average
6,1230,434081.9,1,Average
6,1230,596660.3,1,Average
6,1230,433747.6,1,Average
6,1230,598945.2,1,Average
6,1230,520690.3,1,Average
6,1230,520789.8,1,Average
6,1230,521983.3,1,Average
6,1230,523968.8,1,Average
8,1212,1691122.0,1,Good
6,1212,129669.5,1,Average
6,1212,172200.0,1,Average
6,1212,187455.0,1,Average
1,1212,367926.8,1,Average
6,1212,1518163.0,1,Average
6,1212,1267528.0,1,Excellent
6,1212,703830.8,1,Average
6,1212,683474.5,1,Average
1,1212,586176.5,1,Average
6,1212,1798143.0,1,Good
6,1212,1176565.0,1,Average
8,1212,255427.2,1,Average
2,1212,3110851.0,1,Good
2,1212,29510.4,2,Very Good
2,1212,2025378.0,1,Very Good
8,1277,751968.8,1,Excellent
8,1212,362295.8,1,Average
2,1230,1065765.0,1,Good
2,1230,1231518.0,1,Good
1,1212,473731.1,1,Good
8,1212,556361.5,1,Average
8,1212,775532.3,1,Excellent
6,1277,2506480.0,1,Good
6,1212,3487466.0,1,Very Good
6,1212,536035.4,2,Excellent
6,1212,2376033.0,1,Good
1,1212,1932947.0,1,Excellent
2,1212,3126380.0,1,Good
2,1212,33711.63,2,Good
2,1212,4545866.0,1,Very Good
8,1277,932607.3,2,Excellent
8,1277,126582.4,1,Minimum
1,1212,116821.5,1,Minimum
1,1212,267388.8,1,Average
1,1212,614556.9,1,Average
1,1212,487830.4,1,Average
1,1212,654428.6,1,Excellent
1,1277,1492184.0,1,Excellent
8,1212,713344.2,1,Average
6,1215,2513007.0,1,Good
6,1230,908527.1,1,Good
6,1230,912751.6,1,Good
6,1230,925222.4,1,Good
6,1230,928710.9,1,Good
6,1230,973062.7,1,Good
6,1230,974893.9,1,Good
6,1212,118427.2,1,Excellent
1,1212,1024365.0,1,Average
6,1212,1973044.0,1,Average
8,1212,942317.2,1,Excellent
8,1212,271357.6,1,Average
8,1212,787482.7,1,Good
8,1277,970247.5,1,Average
8,1277,660110.5,1,Average
8,1212,446337.8,1,Average
8,1212,1406431.0,3,Excellent
8,1212,519225.6,1,Below Average
8,1212,740361.7,1,Average
8,1212,175057.2,1,Below Average
8,1212,175057.2,1,Below Average
8,1212,471098.0,1,Average
8,1277,473096.0,1,Average
8,1213,5232.28,1,Salvage
8,1212,48578.51,1,Below Average
1,1277,388080.0,3,Average
8,1212,665466.9,1,Average
8,1212,269334.1,2,Average
8,1212,440663.9,1,Average
1,1212,152031.3,1,Minimum
8,1212,2059719.0,1,Very Good
1,1212,154700.0,1,Average
8,1212,825400.3,1,Below Average
8,1212,277009.5,1,Average
8,1212,242402.5,1,Average
8,1212,238657.7,1,Below Average
6,1212,5804878.0,1,Good
6,1212,7228195.0,1,Good
1,1212,1124142.0,1,Average
8,1212,204293.3,1,Average
8,1212,230194.6,2,Average
8,1212,872191.6,1,Good
8,1212,409034.9,2,Good
1,1240,546646.5,2,Excellent
1,1240,496963.1,1,Average
6,1212,1201816.0,1,Average
1,1230,610895.1,1,Average
8,1212,1643813.0,1,Excellent
6,1212,803811.6,1,Good
8,1212,306352.3,1,Average
8,1277,184912.3,1,Average
1,1277,268546.4,1,Below Average
1,1212,299069.2,1,Average
1,1212,580411.3,2,Excellent
8,1277,915151.1,1,Average
8,1277,613649.6,1,Average
8,1277,2037915.0,1,Average
6,1212,1491691.0,1,Average
6,1277,1452571.0,1,Average
2,1212,1009484.0,1,Average
2,1212,1141957.0,1,Average
1,1212,496814.9,1,Average
1,1212,129379.4,1,Average
1,1212,210453.8,3,Average
2,1212,68021.76,2,Very Good
2,1212,62530.94,3,Excellent
2,1212,809544.5,1,Below Average
1,1277,140444.0,2,Average
1,1277,570779.7,1,Average
8,1212,900628.8,1,Average
8,1212,331550.3,1,Average
1,1230,521672.4,1,Average
1,1230,575897.4,1,Average
1,1230,575897.4,1,Average
2,1212,1525728.0,1,Average
8,1212,36022.3,2,Good
8,1212,70733.48,1,Average
1,1225,895741.2,1,Average
1,1212,254158.8,1,Average
8,1212,27718.28,2,Average
8,1212,255499.4,1,Below Average
8,1212,14736.47,1,Salvage
8,1277,864076.6,1,Excellent
6,1212,1328398.0,1,Average
8,1212,488265.2,1,Below Average
6,1212,4080618.0,1,Very Good
6,1212,2698011.0,1,Excellent
2,1212,2206132.0,1,Good
8,1212,626847.2,1,Average
6,1212,2363890.0,1,Very Good
8,1277,1150431.0,1,Excellent
1,1212,330451.0,1,Average
1,1212,603103.8,1,Good
1,1212,484489.8,1,Good
6,1212,1167837.0,1,Average
6,1212,2102976.0,1,Good
6,1212,1135148.0,1,Average
8,1212,264001.3,1,Average
8,1212,52310.86,2,Minimum
8,1212,377345.1,1,Below Average
8,1212,1042796.0,1,Excellent
1,1212,571071.8,1,Average
8,1277,726432.5,1,Average
6,1212,5644685.0,1,Good
8,1212,274887.4,1,Average
6,1212,1578793.0,1,Good
6,1212,934036.3,2,Very Good
8,1277,122580.1,1,Average
8,1277,739565.6,1,Good
8,1212,241051.3,1,Average
8,1212,341518.5,1,Good
1,1212,662254.9,1,Good
2,1212,2912654.0,1,Very Good
2,1230,1114765.0,1,Average
8,1212,402751.5,1,Good
8,1212,144576.8,1,Average
8,1212,144576.8,1,Average
8,1212,733683.9,1,Excellent
6,1212,767449.6,1,Excellent
6,1212,844798.6,1,Excellent
6,1215,843326.6,1,Average
8,1212,305653.7,1,Average
2,1212,915724.6,1,Below Average
8,1212,22939.97,1,Below Average
8,1212,1692529.0,2,Very Good
8,1212,526274.2,1,Average
8,1212,584549.3,1,Excellent
1,1212,582081.0,1,Average
1,1212,415077.1,2,Average
8,1212,261614.9,1,Average
1,1215,487685.8,1,Good
1,1215,178676.9,1,Below Average
1,1215,264637.4,1,Average
1,1215,243634.7,1,Average
1,1212,321786.5,1,Average
1,1215,245670.4,1,Average
1,1215,243595.3,1,Average
1,1212,242701.9,1,Average
1,1212,252254.7,1,Average
1,1212,249636.4,1,Average
1,1212,270410.4,1,Average
1,1215,244324.0,1,Average
1,1220,602542.3,2,Average
1,1220,602542.3,1,Average
1,1212,286643.8,3,Average
1,1212,417509.0,1,Average
6,1212,1214813.0,1,Very Good
8,1212,763457.4,1,Average
8,1212,1006372.0,1,Average
1,1212,249922.2,1,Excellent
1,1212,245824.7,1,Excellent
1,1212,245824.7,1,Excellent
1,1212,341229.4,1,Excellent
1,1212,341229.4,1,Excellent
8,1212,107219.7,1,Below Average
8,1212,393219.3,1,Good
2,1212,4373218.0,1,Very Good
2,1212,56052.91,2,Good
6,1212,1772960.0,1,Very Good
2,1212,1078695.0,1,Good
6,1212,2508659.0,1,Very Good
2,1230,629929.8,1,Average
2,1230,660624.4,1,Average
6,1212,647197.5,1,Average
6,1212,346333.4,2,Very Good
6,1212,215219.2,1,Excellent
6,1212,239319.3,2,Excellent
1,1212,739162.5,1,Excellent
1,1235,16380.0,1,Average
1,1212,845497.3,1,Excellent
8,1212,1664061.0,1,Average
8,1212,628675.9,1,Excellent
8,1212,84999.81,1,Below Average
8,1212,4024.57,2,Salvage
8,1212,220209.8,1,Average
6,1212,1070453.0,1,Excellent
2,1212,1099092.0,1,Below Average
2,1215,1082709.0,1,Average
6,1212,1669123.0,1,Very Good
8,1212,354953.0,1,Average
8,1212,403517.6,1,Average
8,1212,413601.6,1,Average
8,1212,840887.4,1,Excellent
6,1212,1672020.0,1,Very Good
1,1212,456781.7,1,Good
1,1212,389574.1,1,Excellent
6,1212,89573.89,1,Excellent
1,1212,464683.3,1,Average
8,1212,259137.5,1,Below Average
8,1212,420985.7,1,Average
8,1212,253656.4,1,Average
2,1212,55555.07,2,Average
2,1212,1546541.0,1,Average
2,1212,35082.71,2,Good
2,1212,3358743.0,1,Average
1,1212,785419.2,1,Average
1,1212,1937735.0,1,Excellent
1,1212,1747447.0,1,Excellent
1,1215,97000.4,2,Average
1,1215,120161.7,1,Average
1,1215,263468.1,3,Average
1,1212,925675.4,1,Excellent
1,1220,935840.3,1,Very Good
6,1212,4315021.0,1,Very Good
6,1212,3325901.0,1,Excellent
6,1212,391730.5,2,Excellent
2,1212,1282145.0,1,Good
2,1212,905132.2,1,Average
8,1212,426951.1,1,Average
1,1212,466295.1,1,Average
1,1212,466295.1,1,Average
6,1212,640788.1,1,Average
6,1212,640788.1,1,Average
6,1212,1389400.0,1,Average
1,1212,659271.1,1,Average
8,1212,500194.9,1,Average
6,1212,1322873.0,1,Very Good
6,1212,3217836.0,1,Excellent
2,1212,1642470.0,1,Good
2,1212,24624.81,2,Good
2,1212,1181582.0,2,Good
8,1212,7267.75,4,Salvage
8,1212,10382.51,3,Salvage
8,1212,77301.22,2,Below Average
8,1212,221493.5,1,Below Average
6,1212,2909405.0,1,Average
6,1212,871359.4,1,Average
8,1212,831722.5,1,Excellent
6,1212,1565263.0,1,Good
6,1212,839830.1,1,Average
2,1215,2175819.0,2,Good
6,1212,928953.0,1,Excellent
8,1212,246643.7,1,Average
8,1212,842933.7,1,Very Good
8,1212,490183.1,2,Excellent
8,1212,583243.5,1,Excellent
2,1212,467006.9,1,Excellent
2,1212,815960.7,2,Good
1,1212,1017232.0,1,Average
1,1212,1214483.0,1,Excellent
6,1212,753257.5,1,Average
8,1212,613689.8,1,Average
8,1212,235866.8,1,Below Average
1,1212,271383.9,1,Average
8,1212,353544.4,1,Average
1,1212,170488.1,1,Average
1,1212,139203.0,2,Average
6,1212,3986283.0,1,Very Good
6,1212,455516.6,2,Excellent
6,1212,1678082.0,1,Good
8,1212,654572.8,1,Average
8,1212,566847.3,1,Average
6,1230,563974.8,1,Average
6,1230,738006.4,1,Average
6,1212,2542149.0,1,Average
6,1212,736953.9,1,Good
6,1212,749506.6,1,Good
6,1212,895942.2,1,Good
6,1212,957771.0,1,Excellent
1,1215,242950.1,1,Average
1,1215,242950.1,2,Average
8,1212,1640671.0,1,Average
8,1212,312661.7,1,Average
8,1277,2936073.0,1,Good
8,1212,286495.4,1,Average
1,1212,1160645.0,2,Excellent
1,1212,590158.0,1,Average
6,1230,109247.5,1,Average
6,1230,566539.1,1,Average
6,1230,563119.6,1,Average
6,1230,536304.4,1,Average
6,1230,563119.6,1,Average
6,1230,563119.6,1,Average
6,1230,564829.8,1,Average
6,1230,589701.3,1,Average
6,1230,207700.0,1,Average
6,1230,565684.6,1,Average
6,1230,190650.0,1,Average
6,1230,535489.6,1,Average
6,1230,189875.0,1,Average
6,1230,562264.1,1,Average
6,1230,191037.5,1,Average
6,1230,562264.1,1,Average
6,1230,190650.0,1,Average
6,1230,535489.6,1,Average
6,1230,191906.0,1,Average
6,1230,537118.9,1,Average
6,1230,738006.4,1,Average
6,1230,593968.8,1,Average
6,1230,565974.9,1,Average
6,1230,562264.1,1,Average
6,1230,590498.8,1,Average
6,1230,535489.6,1,Average
6,1230,534150.9,1,Average
6,1230,562264.1,1,Average
6,1230,534150.9,1,Average
6,1230,562264.1,1,Average
6,1230,589701.3,1,Average
6,1230,563974.8,1,Average
6,1230,738006.4,1,Average
6,1230,565684.6,1,Average
6,1230,595763.0,1,Average
6,1230,535489.6,1,Average
6,1230,562379.8,1,Average
6,1230,562264.1,1,Average
6,1230,534150.9,1,Average
6,1230,562264.1,1,Average
6,1230,534150.9,1,Average
6,1230,562264.1,1,Average
1,1212,521933.8,1,Excellent
1,1212,752919.6,1,Excellent
8,1212,4092206.0,1,Excellent
8,1212,181918.7,1,Average
8,1212,1300518.0,2,Average
6,1212,3795475.0,1,Good
6,1212,4723066.0,1,Very Good
1,1212,430021.6,1,Average
1,1212,463637.3,1,Average
8,1212,382795.6,1,Average
1,1212,740919.3,1,Average
1,1212,524796.6,1,Average
1,1212,1011893.0,1,Very Good
1,1212,697682.5,1,Average
1,1212,637229.9,1,Average
1,1212,284964.1,1,Average
1,1212,284964.1,1,Average
1,1212,323368.8,1,Average
1,1212,359298.7,1,Average
1,1212,423011.9,1,Good
1,1212,938615.1,1,Good
1,1212,842715.8,1,Good
6,1212,2869733.0,1,Excellent
6,1212,4080327.0,1,Excellent
6,1212,1463071.0,2,Excellent
6,1277,4027561.0,1,Very Good
1,1212,597231.5,1,Average
1,1212,540428.9,1,Average
8,1277,823207.3,1,Very Good
8,1277,424271.1,1,Average
8,1277,1171979.0,2,Very Good
8,1277,79882.08,1,Average
1,1212,852001.3,1,Good
8,1277,937205.3,1,Average
6,1212,1435033.0,1,Average
6,1212,692753.8,2,Very Good
8,1212,1433080.0,1,Good
6,1215,122485.5,1,Excellent
8,1212,478647.0,1,Average
8,1212,2193485.0,1,Good
2,1212,3263959.0,1,Excellent
2,1212,92084.09,2,Excellent
2,1212,3711147.0,1,Excellent
2,1212,162302.1,2,Excellent
8,1212,265054.9,1,Average
8,1212,379004.4,1,Average
8,1212,162088.4,1,Average
8,1277,142434.9,1,Excellent
1,1212,299323.3,1,Average
1,1220,1008117.0,1,Excellent
8,1212,726781.7,1,Average
2,1212,386153.6,1,Excellent
2,1212,474229.4,1,Excellent
2,1212,295897.0,1,Excellent
2,1212,378628.8,1,Excellent
2,1212,368611.4,1,Excellent
2,1212,210162.6,1,Excellent
2,1212,405417.0,1,Excellent
2,1212,456646.8,1,Very Good
2,1212,412039.6,1,Excellent
2,1212,375925.8,1,Excellent
1,1212,488087.8,1,Average
1,1212,435067.9,1,Average
1,1212,435067.9,1,Average
1,1212,488087.8,1,Average
1,1212,488087.8,1,Average
1,1212,435067.9,1,Average
1,1212,435067.9,1,Average
1,1212,488087.8,1,Average
1,1277,741339.0,8,Excellent
1,1212,325709.8,1,Below Average
1,1212,608338.4,2,Excellent
8,1212,239372.2,1,Average
1,1212,468435.5,1,Average
1,1212,454051.3,1,Average
1,1212,484530.3,1,Average
1,1212,455801.4,1,Average
6,1277,1234757.0,1,Average
6,1277,2869394.0,1,Good
6,1212,1127992.0,1,Good
6,1230,677609.8,2,Average
6,1230,798891.4,1,Average
1,1212,363647.4,1,Average
8,1212,808993.6,1,Good
8,1212,715572.8,1,Average
8,1277,249359.7,1,Average
8,1277,69208.32,2,Below Average
1,1212,328028.8,2,Excellent
1,1212,492852.6,1,Good
1,1212,453081.9,1,Good
1,1212,453081.9,1,Good
1,1212,456229.9,1,Good
1,1212,458900.5,1,Very Good
1,1212,683348.2,1,Excellent
1,1212,404479.6,1,Excellent
1,1212,70615.95,3,Average
6,1212,1302149.0,1,Excellent
6,1212,612805.7,1,Average
6,1212,671886.6,1,Average
6,1212,608489.9,1,Average
1,1212,684763.3,1,Average
2,1230,2375751.0,1,Good
2,1212,1699006.0,1,Good
2,1212,1543931.0,1,Good
2,1212,1570185.0,1,Good
2,1212,1584322.0,1,Good
6,1212,1345250.0,2,Excellent
6,1212,5001640.0,1,Excellent
6,1212,6275907.0,1,Excellent
6,1212,6039402.0,1,Excellent
6,1212,854825.4,2,Excellent
6,1212,5657786.0,1,Excellent
6,1212,803449.7,2,Excellent
6,1212,5684831.0,1,Excellent
6,1212,5397784.0,1,Excellent
6,1212,591335.4,2,Excellent
6,1212,3941519.0,1,Excellent
6,1212,5300102.0,1,Excellent
6,1212,5916141.0,1,Excellent
6,1212,5815736.0,1,Excellent
6,1212,6066120.0,1,Excellent
6,1212,360487.7,1,Excellent
6,1212,170708.0,2,Excellent
8,1212,885345.3,1,Excellent
8,1212,290084.6,1,Average
1,1212,615376.7,1,Excellent
1,1212,626483.4,1,Excellent
8,1212,17439.52,1,Salvage
6,1215,789383.7,1,Average
6,1215,162037.3,2,Average
2,1212,540540.0,1,Average
6,1230,755816.3,1,Good
6,1230,631475.6,1,Good
6,1230,760525.4,1,Good
1,1212,433046.6,1,Very Good
1,1212,443567.4,1,Very Good
1,1212,453942.3,1,Very Good
1,1212,453942.3,1,Very Good
1,1212,433046.6,1,Very Good
1,1212,433046.6,1,Very Good
1,1212,443567.4,1,Very Good
1,1212,453942.3,1,Very Good
1,1212,453942.3,1,Good
1,1212,456615.6,1,Very Good
1,1212,584897.9,1,Average
8,1212,566662.4,3,Average
8,1212,46367.5,2,Average
8,1212,727845.8,1,Average
8,1212,548579.2,1,Average
6,1212,986238.9,1,Excellent
6,1212,575752.7,1,Excellent
1,1212,158945.7,1,Average
1,1212,140869.8,5,Average
1,1212,103589.9,2,Average
1,1212,103589.9,4,Average
1,1212,103589.9,3,Average
1,1212,107247.2,6,Average
8,1212,62614.46,1,Very Good
6,1212,855958.6,1,Excellent
6,1212,1227955.0,1,Excellent
1,1212,499980.3,1,Excellent
1,1212,389483.8,1,Excellent
1,1212,238030.6,1,Below Average
8,1212,1330844.0,1,Average
2,1212,3228149.0,1,Excellent
2,1212,152135.0,2,Excellent
2,1212,142677.3,2,Excellent
2,1212,2787275.0,1,Excellent
1,1212,455200.2,1,Very Good
1,1212,452651.2,1,Very Good
1,1212,452651.2,1,Very Good
1,1212,440058.5,1,Very Good
1,1212,440058.5,1,Very Good
1,1212,430750.7,1,Very Good
6,1212,711949.4,1,Good
6,1212,711949.4,1,Good
6,1212,826296.4,1,Good
6,1212,925568.7,1,Very Good
6,1212,805754.0,1,Good
6,1212,805754.0,1,Good
6,1212,917429.7,1,Very Good
6,1212,917429.7,1,Very Good
6,1212,917429.7,1,Very Good
6,1212,917429.7,1,Very Good
6,1212,3693180.0,1,Very Good
6,1212,4400142.0,1,Excellent
8,1277,92477.86,1,Below Average
1,1212,525855.0,1,Average
1,1212,507312.1,1,Excellent
8,1212,496163.1,1,Average
1,1212,136500.0,1,Average
8,1212,292443.2,1,Average
8,1212,145784.8,1,Average
2,1230,154911.2,1,Average
2,1230,135744.0,1,Average
6,1277,977381.9,1,Average
1,1215,531049.4,1,Average
2,1212,2394710.0,1,Good
1,1212,493338.4,1,Very Good
1,1212,453297.1,1,Very Good
1,1212,453297.1,1,Very Good
1,1212,454684.6,1,Very Good
6,1212,8483255.0,1,Excellent
8,1230,418110.0,1,Average
8,1230,276280.0,2,Average
8,1230,198930.0,2,Average
8,1230,1033040.0,1,Average
1,1212,642120.8,1,Very Good
1,1212,255399.3,2,Excellent
6,1212,1475529.0,1,Average
1,1212,511710.1,1,Excellent
1,1212,461830.3,1,Very Good
1,1212,511710.1,1,Excellent
1,1212,497768.7,1,Very Good
1,1212,511710.1,1,Excellent
1,1212,513468.6,1,Excellent
6,1212,408362.6,2,Excellent
6,1212,1338527.0,1,Excellent
8,1277,607220.9,1,Excellent
8,1277,352564.5,1,Average
8,1212,167317.2,1,Good
8,1277,2311609.0,1,Excellent
6,1230,1279504.0,1,Good
6,1230,613319.2,1,Average
1,1212,695641.0,1,Average
6,1212,3675185.0,1,Average
6,1212,1000392.0,1,Very Good
8,1277,1230267.0,1,Average
8,1277,428999.0,2,Very Good
8,1212,450475.8,1,Average
1,1212,448721.3,1,Average
1,1212,539361.0,1,Average
1,1212,441218.5,1,Excellent
1,1212,307324.8,1,Excellent
1,1212,419799.8,1,Excellent
1,1212,307324.8,1,Excellent
1,1212,441218.5,1,Excellent
1,1212,307324.8,1,Excellent
1,1212,502497.6,1,Very Good
1,1212,502497.6,1,Very Good
1,1212,502497.6,1,Very Good
1,1212,502497.6,1,Very Good
1,1212,502497.6,1,Very Good
1,1212,502497.6,1,Very Good
1,1212,502497.6,1,Very Good
1,1212,502497.6,1,Very Good
1,1212,419799.8,1,Excellent
1,1212,307324.8,1,Excellent
1,1212,441218.5,1,Excellent
1,1212,210280.0,1,Excellent
1,1212,419799.8,1,Excellent
1,1212,210280.0,1,Excellent
8,1212,1284003.0,1,Good
1,1212,241720.8,1,Average
1,1212,271672.2,1,Average
8,1277,4059695.0,1,Excellent
8,1277,107332.7,2,Excellent
8,1277,2147261.0,1,Excellent
6,1212,1369051.0,1,Good
6,1212,3847166.0,1,Very Good
6,1215,1461155.0,1,Excellent
1,1212,330971.0,1,Average
6,1230,392843.8,1,Average
1,1212,553431.3,1,Average
1,1212,313708.7,1,Average
1,1212,208351.8,2,Average
6,1212,144060.4,1,Excellent
1,1277,378407.5,1,Average
1,1277,42561.25,14,Below Average
6,1212,939345.9,1,Excellent
6,1215,1163723.0,1,Excellent
8,1212,826708.5,1,Average
8,1212,685852.0,1,Good
2,1212,280250.0,1,Good
2,1212,278875.0,1,Good
2,1212,280250.0,1,Good
2,1212,284472.8,1,Good
6,1212,3091466.0,1,Good
6,1212,1173230.0,1,Average
6,1212,1866779.0,1,Good
1,1212,528603.1,1,Average
1,1212,392430.4,1,Average
6,1230,855910.0,1,Average
6,1230,855353.0,1,Average
2,1230,345930.3,1,Average
2,1230,265710.2,1,Average
6,1212,854323.9,1,Very Good
6,1212,923430.0,1,Very Good
2,1212,623071.2,1,Average
2,1212,55954.56,2,Excellent
2,1212,97014.59,3,Average
2,1212,870489.5,1,Average
2,1212,125133.4,2,Average
6,1230,707275.5,1,Good
6,1230,707275.5,1,Good
6,1212,907831.8,1,Very Good
6,1212,828048.3,1,Very Good
6,1212,895332.9,1,Very Good
6,1212,726097.2,1,Very Good
6,1212,726097.2,1,Very Good
6,1212,895332.9,1,Very Good
8,1212,313274.2,1,Average
8,1212,245535.8,1,Average
1,1212,1655459.0,1,Excellent
8,1212,88377.98,2,Good
8,1212,482238.8,1,Average
6,1212,987281.5,1,Excellent
6,1212,1076396.0,1,Excellent
1,1212,221965.8,2,Excellent
1,1212,455030.0,1,Excellent
1,1212,177715.1,2,Excellent
1,1212,462008.7,1,Excellent
1,1212,326365.3,1,Average
2,1212,321159.8,1,Very Good
2,1212,236937.0,1,Very Good
2,1212,379915.4,1,Very Good
2,1212,388239.8,1,Good
2,1212,378050.0,1,Good
6,1212,1057981.0,1,Excellent
2,1212,3835001.0,1,Excellent
2,1212,114974.5,2,Excellent
2,1212,4809566.0,1,Excellent
2,1212,886826.6,1,Excellent
2,1212,12133.33,2,Excellent
2,1212,4744694.0,1,Excellent
2,1212,54104.47,2,Excellent
2,1212,4179627.0,1,Excellent
2,1212,6919315.0,1,Excellent
2,1212,4417960.0,1,Excellent
2,1212,4372998.0,1,Excellent
2,1230,311131.9,1,Average
1,1212,670591.9,1,Excellent
1,1215,357698.2,1,Average
1,1212,446264.6,1,Very Good
1,1212,446264.6,1,Very Good
1,1212,446264.6,3,Very Good
2,1230,697962.1,1,Good
2,1230,697962.1,1,Good
2,1230,711125.7,1,Good
8,1212,90235.48,1,Excellent
1,1212,514537.8,1,Excellent
1,1212,466617.4,1,Excellent
1,1212,466617.4,1,Excellent
1,1212,462854.4,1,Excellent
1,1212,462854.4,1,Excellent
1,1212,423866.1,1,Very Good
1,1212,514537.8,1,Excellent
1,1212,472737.5,1,Excellent
1,1212,472737.5,1,Excellent
1,1212,475757.1,1,Excellent
1,1212,448525.1,1,Excellent
1,1212,210280.0,1,Excellent
1,1212,448525.1,1,Excellent
1,1212,307324.8,1,Excellent
1,1212,419799.8,1,Excellent
1,1212,307324.8,1,Excellent
1,1212,550321.4,1,Excellent
1,1212,446885.2,1,Excellent
2,1212,405977.3,1,Good
2,1212,232696.5,1,Good
2,1212,194058.5,1,Good
2,1212,418515.7,1,Good
2,1212,269658.1,1,Good
2,1212,250796.4,1,Good
2,1212,356632.0,1,Good
2,1212,222660.9,1,Good
2,1215,354699.6,1,Good
2,1215,345619.6,1,Good
1,1213,126703.1,1,Average
1,1212,477274.3,1,Average
8,1212,111223.1,3,Average
8,1212,117985.4,1,Average
8,1212,185247.0,2,Average
8,1212,888931.2,2,Excellent
8,1212,313366.4,1,Good
1,1212,458806.0,1,Excellent
1,1212,458806.0,1,Excellent
1,1212,458806.0,1,Excellent
1,1212,458806.0,1,Excellent
8,1212,112913.9,1,Average
2,1212,289215.7,1,Good
2,1212,292014.1,1,Good
2,1212,355246.7,1,Good
2,1212,218961.8,1,Good
2,1212,283679.4,1,Good
2,1212,298875.7,1,Good
2,1212,280349.4,1,Good
2,1212,253111.8,1,Good
2,1212,240840.7,1,Good
6,1212,1368284.0,1,Good
8,1212,531247.3,1,Average
1,1225,1212787.0,2,Excellent
1,1220,766132.1,6,Excellent
1,1212,325953.5,9,Excellent
1,1212,325953.5,7,Excellent
1,1220,766132.1,5,Excellent
1,1220,766132.1,4,Excellent
1,1225,1212787.0,3,Excellent
1,1225,1212787.0,1,Excellent
1,1212,354825.6,8,Excellent
1,1212,354825.6,10,Excellent
6,1212,941162.0,2,Excellent
6,1212,65452.2,1,Excellent
6,1212,94116.2,2,Excellent
6,1212,65452.2,1,Excellent
6,1212,1628413.0,1,Excellent
6,1212,1628413.0,1,Excellent
8,1212,1205947.0,1,Good
1,1240,0.0,1,Average
1,1212,881989.9,1,Average
6,1212,605548.2,1,Very Good
6,1212,628618.5,1,Very Good
6,1212,623364.0,1,Very Good
6,1212,649998.3,1,Very Good
1,1212,418628.4,1,Average
1,1215,767432.1,2,Excellent
1,1220,785950.3,4,Excellent
1,1215,767432.1,3,Excellent
1,1215,767432.1,1,Excellent
6,1277,1714181.0,2,Good
6,1277,3654810.0,1,Average
1,1212,241008.2,1,Average
1,1212,465304.3,1,Average
8,1212,839909.1,1,Very Good
8,1212,36390.3,1,Minimum
8,1212,99369.79,2,Average
8,1212,592239.9,1,Average
2,1212,90675.77,2,Average
2,1212,1591638.0,1,Average
2,1212,790426.6,1,Average
2,1212,13819.57,2,Average
8,1212,257784.6,1,Good
8,1212,15448.17,1,Below Average
8,1277,1425651.0,1,Excellent
8,1277,298830.8,1,Average
8,1277,2182884.0,26,Good
8,1277,3236886.0,25,Good
8,1277,218386.1,27,Average
8,1277,348175.3,28,Average
8,1277,338700.8,24,Average
8,1277,122577.9,23,Average
8,1277,259169.7,21,Average
8,1277,2704656.0,20,Average
8,1212,85644.72,1,Average
6,1212,1249122.0,1,Excellent
6,1212,1821738.0,1,Excellent
6,1212,3268286.0,1,Average
6,1212,2972578.0,1,Average
8,1212,678743.1,1,Average
6,1212,1429799.0,1,Excellent
8,1212,200020.1,1,Average
6,1212,2998447.0,1,Excellent
6,1212,1419277.0,1,Average
6,1212,1043399.0,1,Excellent
6,1212,1037652.0,1,Excellent
8,1212,117963.2,3,Average
8,1212,89014.84,2,Average
8,1212,359546.3,1,Average
6,1230,833464.8,1,Average
6,1230,833464.8,1,Average
6,1212,2331054.0,1,Excellent
8,1277,1702552.0,1,Excellent
6,1212,1994754.0,1,Excellent
8,1212,252043.2,1,Excellent
6,1212,1109948.0,1,Excellent
1,1212,321925.5,1,Average
1,1212,73765.84,1,Minimum
8,1212,3897928.0,1,Excellent
6,1212,971744.1,1,Average
8,1212,636459.7,1,Excellent
8,1212,311506.2,1,Excellent
1,1213,0.0,1,Average
1,1212,338110.7,1,Average
8,1212,829241.0,1,Average
6,1212,1974052.0,1,Excellent
1,1212,155001.6,1,Average
1,1212,227714.1,3,Average
1,1212,341164.8,1,Excellent
1,1212,227714.1,1,Very Good
1,1212,227714.1,1,Very Good
1,1212,387609.8,1,Excellent
1,1212,227714.1,1,Very Good
1,1212,195222.2,1,Average
1,1212,194620.2,1,Average
1,1212,193185.6,1,Average
1,1212,193185.6,1,Average
1,1212,387609.8,1,Excellent
1,1215,526019.9,1,Excellent
1,1215,709125.9,1,Excellent
1,1215,271512.4,2,Excellent
1,1212,602638.1,1,Excellent
1,1212,488225.1,1,Average
6,1230,1897362.0,1,Good
6,1230,1867248.0,1,Good
6,1230,1865416.0,1,Good
6,1230,1892986.0,1,Good
1,1212,1305189.0,1,Good
1,1212,1028704.0,1,Very Good
1,1212,1020554.0,1,Very Good
1,1212,1136827.0,1,Good
1,1212,896087.1,1,Good
1,1212,1033078.0,1,Good
1,1212,1083102.0,1,Very Good
1,1212,1074654.0,1,Very Good
1,1212,1044021.0,1,Good
1,1212,1058368.0,1,Good
8,1212,107850.3,1,Average
8,1212,664800.0,1,Average
1,1212,451792.4,1,Average
1,1212,735709.6,1,Excellent
6,1212,983687.4,1,Good
8,1212,96856.14,1,Average
8,1212,31263.28,2,Below Average
8,1212,184287.6,1,Minimum
6,1230,549688.3,1,Average
8,1212,179894.5,1,Average
8,1212,179894.5,3,Average
8,1212,179894.5,4,Average
8,1212,179894.5,2,Average
1,1212,428137.6,1,Very Good
1,1212,307324.8,1,Excellent
1,1212,419799.8,1,Excellent
1,1212,307324.8,1,Excellent
1,1212,448525.1,1,Excellent
1,1212,293355.5,1,Very Good
6,1212,1481602.0,1,Excellent
6,1212,1448542.0,1,Excellent
8,1212,289715.7,1,Average
1,1212,437561.7,1,Excellent
1,1212,435900.5,1,Excellent
1,1212,448525.1,1,Excellent
1,1212,210280.0,1,Excellent
1,1212,401189.7,1,Excellent
1,1212,210280.0,1,Excellent
1,1212,448525.1,1,Excellent
1,1212,307324.8,1,Excellent
1,1212,467877.7,1,Average
1,1212,473641.6,1,Excellent
1,1212,473641.6,1,Excellent
1,1212,476027.5,1,Excellent
1,1212,243568.8,1,Average
1,1212,490490.9,1,Average
1,1212,397101.5,1,Excellent
1,1212,397101.5,1,Excellent
1,1277,351918.0,1,Average
8,1277,283754.0,1,Average
1,1212,476002.2,1,Average
1,1212,743984.6,1,Excellent
1,1212,3190.4,3,Average
1,1212,4370.42,2,Average
1,1212,52821.49,1,Below Average
1,1212,5393.09,4,Average
1,1212,21415.04,5,Average
1,1212,22289.13,6,Average
1,1212,37410.77,7,Average
1,1212,71674.84,8,Average
1,1212,51133.88,9,Average
1,1212,42305.63,10,Average
1,1212,101708.3,11,Average
1,1212,337008.4,1,Good
8,1212,822283.1,1,Excellent
8,1212,57264.39,1,Below Average
6,1212,1196815.0,1,Good
1,1212,444400.2,1,Average
1,1235,196091.3,1,Average
6,1212,980271.4,1,Good
6,1212,1280721.0,1,Excellent
6,1212,2677501.0,1,Good
8,1212,568546.2,1,Excellent
8,1212,870002.6,1,Average
8,1212,1431256.0,1,Excellent
8,1212,93616.55,1,Average
6,1212,688328.1,1,Average
6,1212,692494.7,1,Average
8,1212,313708.1,1,Average
1,1212,684030.5,1,Average
1,1212,599160.8,1,Average
1,1212,612391.2,1,Average
1,1212,612391.2,1,Average
1,1212,612391.2,1,Average
1,1212,612391.2,1,Average
1,1212,665908.5,1,Average
1,1212,683688.6,1,Average
1,1212,612391.2,1,Average
1,1212,612391.2,1,Average
1,1212,612391.2,1,Average
1,1212,669214.6,1,Average
1,1212,669388.2,1,Average
1,1212,612391.2,1,Average
1,1212,612391.2,1,Average
1,1212,596803.5,1,Average
1,1212,586795.1,1,Average
1,1212,615473.6,1,Average
1,1212,672075.8,1,Average
8,1277,595135.9,3,Excellent
8,1277,728273.3,1,Excellent
8,1277,595135.9,2,Excellent
8,1277,2954068.0,5,Excellent
8,1277,619659.7,4,Excellent
6,1212,1256251.0,1,Excellent
6,1212,1046119.0,1,Excellent
8,1212,314081.8,1,Average
8,1212,167727.1,1,Below Average
1,1212,448525.1,1,Excellent
1,1212,307324.8,1,Excellent
1,1212,419799.8,1,Excellent
1,1212,307324.8,1,Excellent
8,1212,74443.41,2,Average
8,1212,73089.89,1,Average
6,1212,479433.7,2,Excellent
1,1215,638515.4,5,Excellent
1,1212,448525.1,1,Excellent
1,1212,307324.8,1,Excellent
1,1212,419799.8,1,Excellent
1,1212,307324.8,1,Excellent
1,1212,448525.1,1,Excellent
1,1212,307324.8,1,Excellent
1,1212,48989.45,1,Excellent
1,1212,419799.8,1,Excellent
1,1212,307324.8,1,Excellent
1,1212,448525.1,1,Excellent
1,1212,210280.0,1,Excellent
6,1212,913409.0,1,Excellent
6,1212,811949.6,1,Excellent
6,1212,913580.1,1,Excellent
6,1212,913545.9,1,Excellent
6,1212,812040.8,1,Excellent
6,1212,913545.9,1,Excellent
6,1212,794423.5,1,Excellent
6,1212,794423.5,1,Excellent
2,1212,2166623.0,1,Excellent
2,1212,2166623.0,1,Excellent
1,1212,490194.1,1,Average
8,1212,110708.5,1,Average
8,1212,251500.2,1,Average
6,1212,1013911.0,1,Excellent
6,1212,1004986.0,1,Excellent
1,1212,606084.2,1,Excellent
1,1212,606084.2,1,Excellent
1,1212,477600.5,1,Average
8,1212,316392.1,1,Average
6,1212,746456.5,1,Excellent
6,1212,663516.9,1,Excellent
6,1212,663516.9,1,Excellent
6,1212,663516.9,1,Excellent
6,1212,651440.7,1,Excellent
6,1212,746456.5,1,Excellent
8,1277,601592.0,1,Average
8,1212,1343183.0,1,Good
1,1212,664114.2,1,Very Good
1,1212,459267.7,1,Very Good
1,1212,459267.7,1,Very Good
1,1215,281433.1,1,Average
1,1212,281433.1,1,Average
1,1212,876038.6,1,Excellent
6,1212,913709.4,1,Excellent
6,1212,778022.8,1,Excellent
6,1212,778022.8,1,Excellent
6,1212,913709.4,1,Excellent
6,1212,913709.4,1,Excellent
6,1212,778022.8,1,Excellent
6,1212,778022.8,1,Excellent
6,1212,913709.4,1,Excellent
6,1212,913709.4,1,Excellent
6,1212,778022.8,1,Excellent
6,1212,778022.8,1,Excellent
6,1212,913709.4,1,Excellent
8,1212,165694.1,1,Average
8,1212,38821.19,1,Below Average
8,1212,76512.3,1,Minimum
8,1212,953040.1,1,Very Good
2,1235,527750.4,1,Good
8,1212,349824.1,1,Average
8,1212,309135.2,1,Average
1,1212,513175.3,1,Average
6,1212,4925909.0,1,Average
1,1212,225138.7,1,Excellent
1,1212,224280.3,1,Excellent
1,1212,225568.0,1,Excellent
1,1212,223421.8,1,Excellent
1,1212,225138.7,1,Excellent
1,1212,276324.0,1,Excellent
1,1212,225568.0,1,Excellent
1,1212,224709.5,1,Excellent
1,1212,232156.4,1,Excellent
1,1212,225568.0,1,Excellent
8,1212,270765.9,1,Average
8,1212,803703.6,2,Good
8,1212,1095557.0,3,Excellent
1,1212,308096.3,1,Average
1,1212,533546.2,1,Average
6,1212,146409.5,1,Excellent
8,1212,213779.9,1,Average
8,1212,113934.5,1,Below Average
8,1212,71801.06,1,Average
6,1212,775404.4,1,Average
1,1277,515980.4,2,Good
1,1277,119085.6,1,Minimum
6,1230,794696.0,1,Average
6,1230,794696.0,1,Average
6,1230,248554.3,1,Average
6,1230,669141.0,1,Average
8,1212,749032.1,1,Excellent
6,1277,1684727.0,1,Good
1,1212,282386.9,1,Excellent
1,1212,223421.8,1,Excellent
1,1212,257836.3,1,Excellent
1,1212,223421.8,1,Excellent
1,1212,223421.8,1,Excellent
1,1212,383160.0,1,Excellent
1,1212,222402.6,1,Excellent
1,1212,359554.2,1,Average
1,1212,383097.0,1,Average
1,1212,181587.5,1,Average
1,1212,171996.0,1,Average
1,1212,167081.6,1,Average
1,1212,122346.6,1,Average
1,1212,209993.0,1,Average
6,1212,913709.4,1,Excellent
6,1212,778022.8,1,Excellent
6,1212,778022.8,1,Excellent
6,1212,913709.4,1,Excellent
6,1212,913709.4,1,Excellent
6,1212,778022.8,1,Excellent
6,1212,778022.8,1,Excellent
6,1212,913709.4,1,Excellent
6,1212,913709.4,1,Excellent
6,1212,778022.8,1,Excellent
6,1212,778022.8,1,Excellent
6,1212,913709.4,1,Excellent
8,1212,749717.4,1,Average
6,1230,1193045.0,1,Average
8,1212,37908.0,1,Average
8,1212,43377.38,1,Average
1,1212,406069.7,1,Excellent
1,1212,319222.1,1,Excellent
8,1212,882675.6,1,Excellent
8,1212,608934.9,1,Average
1,1277,138719.8,4,Average
6,1212,579835.7,1,Excellent
2,1212,414618.8,1,Good
6,1212,950761.8,1,Excellent
6,1212,823053.6,1,Excellent
6,1212,823053.6,1,Excellent
6,1212,950761.8,1,Excellent
6,1212,950761.8,1,Excellent
6,1212,823053.6,1,Excellent
6,1212,823053.6,1,Excellent
6,1212,950761.8,1,Excellent
6,1212,950761.8,1,Excellent
6,1212,823053.6,1,Excellent
6,1212,823053.6,1,Excellent
6,1212,950761.8,1,Excellent
2,1212,9154661.0,1,Excellent
2,1212,332525.7,2,Excellent
6,1212,1209872.0,1,Average
6,1212,2150041.0,1,Very Good
1,1212,246383.7,1,Excellent
1,1212,321428.9,1,Excellent
1,1212,246383.7,1,Excellent
1,1212,321428.9,1,Excellent
1,1212,316408.0,1,Excellent
1,1212,378300.0,1,Excellent
1,1212,246383.7,1,Excellent
1,1212,321428.9,1,Excellent
1,1212,246383.7,1,Excellent
1,1212,321428.9,1,Excellent
8,1277,188656.5,2,Below Average
8,1277,171316.2,1,Below Average
8,1212,1329376.0,1,Average
1,1212,246383.7,1,Excellent
1,1212,321428.9,1,Excellent
1,1212,246383.7,1,Excellent
1,1212,321428.9,1,Excellent
2,1230,706174.6,2,Excellent
8,1277,167094.2,1,Average
8,1212,93074.83,6,Minimum
8,1212,300954.4,10,Below Average
8,1212,36318.23,9,Minimum
8,1212,108827.9,2,Below Average
8,1212,142177.5,8,Below Average
8,1212,109439.2,5,Below Average
8,1212,52937.89,3,Minimum
8,1212,303662.6,1,Below Average
8,1212,206189.2,7,Below Average
8,1212,65634.72,4,Below Average
8,1212,858716.9,1,Excellent
8,1212,1215379.0,1,Average
8,1212,496618.5,1,Average
6,1230,1728700.0,1,Excellent
6,1230,1781294.0,1,Excellent
6,1230,1781294.0,1,Excellent
6,1230,1728700.0,1,Excellent
2,1212,730032.6,1,Excellent
2,1212,146558.7,2,Very Good
2,1212,1290592.0,1,Good
8,1212,172085.9,1,Average
6,1230,684139.8,1,Average
8,1212,76851.3,1,Below Average
8,1212,129522.7,1,Average
1,1212,121621.5,1,Average
2,1212,1378699.0,1,Average
2,1212,88690.4,1,Excellent
8,1212,267709.2,1,Average
1,1213,0.0,1,Average
1,1212,299005.3,1,Average
1,1212,104210.2,1,Minimum
1,1212,90967.21,2,Average
1,1212,66709.29,1,Average
1,1212,82061.61,2,Average
1,1212,46151.75,1,Average
1,1212,233218.6,3,Average
1,1212,548338.7,1,Excellent
1,1212,548338.7,1,Excellent
6,1212,1328664.0,1,Excellent
6,1212,1322238.0,1,Excellent
6,1212,1318623.0,1,Excellent
6,1212,1243144.0,1,Excellent
6,1212,1318623.0,1,Excellent
6,1212,1318623.0,1,Excellent
6,1212,1243144.0,1,Excellent
6,1212,1318623.0,1,Excellent
6,1215,937205.7,2,Excellent
6,1215,468602.8,1,Excellent
6,1215,468602.8,2,Excellent
6,1215,468602.8,1,Excellent
6,1212,1318623.0,1,Excellent
6,1212,1243144.0,1,Excellent
6,1212,1318623.0,1,Excellent
6,1212,1318623.0,1,Excellent
6,1212,1243144.0,1,Excellent
6,1212,1318623.0,1,Excellent
6,1230,1394320.0,1,Excellent
6,1230,1401626.0,1,Excellent
6,1212,2242095.0,1,Excellent
6,1212,2242095.0,1,Excellent
6,1212,2242095.0,1,Excellent
6,1212,2242095.0,1,Excellent
6,1212,2242095.0,1,Excellent
6,1212,2242095.0,1,Excellent
8,1212,702938.4,1,Average
8,1212,67260.38,1,Average
6,1212,969166.3,1,Average
8,1277,864598.6,1,Good
2,1212,564061.3,1,Average
2,1212,1917285.0,1,Average
6,1212,2324933.0,1,Excellent
6,1212,2029065.0,1,Good
8,1212,469874.3,1,Average
8,1212,130175.5,1,Average
8,1212,1154989.0,2,Average
8,1277,110759.3,4,Excellent
8,1277,202065.4,2,Average
1,1212,493504.9,1,Excellent
1,1212,278584.9,1,Average
1,1212,258312.7,1,Below Average
6,1212,770254.6,1,Very Good
6,1212,770795.2,1,Very Good
1,1212,401963.1,1,Average
2,1230,787730.5,1,Excellent
2,1212,2629837.0,2,Average
2,1212,164852.3,1,Average
1,1212,276556.3,1,Excellent
1,1212,177183.8,1,Excellent
1,1212,305497.3,1,Excellent
1,1212,305497.3,1,Excellent
6,1212,790851.0,1,Average
8,1212,1232725.0,1,Average
8,1212,1232725.0,1,Average
1,1215,812595.5,1,Excellent
1,1212,612653.1,1,Average
